cookie_id,score
ck_8f346b72fb40bf14,0.010131727449654696
ck_837cc7fd48453a01,0.01620802567273192
ck_826a27ff7555192e,0.016702197900518207
ck_d86ccf148c06c8c8,0.02175483514938291
ck_2df5a9fc87553eb1,0.0073082017941481425
ck_e3d4b6f681c783ab,0.0387544375556209
ck_f76d929541ed41dd,0.0461615254445174
ck_469a0578d05990c2,0.007461179049608579
ck_3e91dcc209431984,0.011589746525016044
ck_8171ef803f5ff604,0.03331758547995718
ck_18a55b06ccccd88b,0.037303849848105676
ck_fac046ce336fe39d,0.015969487161349553
ck_fa80da579ea9afc0,0.008524231660695422
ck_152820d8817f478c,0.00563719818095813
ck_71c3a8e4c12c989f,0.011287685123275461
ck_053746067839696b,0.023995025852781238
ck_7c67b73196e3d0d9,0.12455222686576095
ck_36287d063350ce9d,0.02719107929796071
ck_fb3b68b4424b5f92,0.10492627144117875
ck_8312c49b1431a406,0.02064158094332332
ck_da6d1e5cf6aba6fd,0.023231547679786513
ck_9ad08fcc183ea1e7,0.015195939727375289
ck_142dba210ed2f3b5,0.06528612307281335
ck_b0f191e44f9b6f35,0.09610118759043867
ck_4c518637db2322d5,0.07012825222078933
ck_a96887f841e80fc1,0.036441773100839916
ck_e7dce27edb700f27,0.02316747259799145
ck_6ee939b7f396975f,0.020895412879900956
ck_70a60e095e9b706f,0.007199377607995293
ck_95654593cdebd141,0.020136138771429748
ck_7264486eb512d84a,0.09411490092368051
ck_8220da627e9992a5,0.013559623024247193
ck_a9bf75bea912027b,0.023786498247767043
ck_1b74b798eebeabdc,0.01873433694585315
ck_d2ca47180a926ba2,0.06399865720394049
ck_b447badc9138987d,0.012430161845236537
ck_6cb7c97b72d6b5d3,0.009726725101143316
ck_27eb86a9898cdfe3,0.057644856807597185
ck_348c874eaf0354f4,0.01571299481089091
ck_d9c2622cb6df380b,0.009651865823303744
ck_644b1c1149eea9e0,0.02791642702917469
ck_e136e20c1c74fe38,0.003988150171313022
ck_970c7dc195161272,0.01164439769951041
ck_5bea0e0ee0b094cd,0.008994171947406378
ck_0aa9db36eb16422a,0.014949066805306286
ck_510bfbbee37ff436,0.01338750460570008
ck_4fc6256e0e60a926,0.18834951634621633
ck_c8f2a1dd8a6141a4,0.024850060823210837
ck_e1140be6157bacbe,0.02050901172241422
ck_f39cfeb277ef6528,0.01726160478566013
ck_32f590e87bc3d715,0.00237375050701921
ck_54d463f7fd89ec3d,0.014332682915767864
ck_4feb21e2fb0b3977,0.007088144924286973
ck_dbb498b1a346a402,0.023852103290449688
ck_117d78ccd5820f36,0.01216334014429055
ck_2987eab34ca7805d,0.03176279349819922
ck_1b2ce474fa6582b4,0.04183344943603194
ck_9d00823bf60388d7,0.02296544522189924
ck_8fd91a3c99e19097,0.01465991244129144
ck_9cde4036d0914427,0.011938033884966814
ck_ce36b0c287bd198e,0.0353110369604261
ck_85e5494ec20383ae,0.017277626454505642
ck_7a43ef9c7b1c67b5,0.00678446489479103
ck_0734fd90b2cabd43,0.05064305515170661
ck_3dd542c2d31be2c0,0.025203365483768017
ck_325c7643cce02da3,0.0668663939575675
ck_ab1bb02f6b189304,0.40627240722480046
ck_dcf851e7bb5855d0,0.004388710944438529
ck_0c2932cc0d553694,0.01795898949407539
ck_10f90d879209734f,0.02316870959255389
ck_5b137d74bba6b1b4,0.004028293213906872
ck_79557434c129ba52,0.037992091793971235
ck_24cd0d779e866287,0.01125156867642263
ck_41346ccd9242cc8f,0.0015450371977363297
ck_9958b58da9e3c21c,0.05039130580014519
ck_0daec63bd5b0729d,0.01887457848925421
ck_c340644176ca03e7,0.032152049117790835
ck_a037aff5f8128c73,0.004068035889579974
ck_0e7899a57cd617d6,0.03154091738925422
ck_f19030e6e85a6776,0.10955522968170857
ck_05652e8ace6ce6cb,0.005869457263059206
ck_2ab28149b0986642,0.00960115843640547
ck_f4a6a7cadd6e0603,0.09868902050001771
ck_3ac528caac74f563,0.002879203519071471
ck_50d0bb7edd8c69c0,0.08275471160325812
ck_3a70b4ee59084715,0.06427807476922945
ck_829cbf5ccda481ae,0.0043719771251755106
ck_aa2b4c662ff213b6,0.02933279266055076
ck_f5791fd8fd8fd191,0.026976570128679593
ck_50df50af592b0c06,0.0119603181783469
ck_3eb73e56751c704d,0.013512471237901622
ck_cc90e219f1ebf390,0.011674045525334194
ck_b6527a85fd682554,0.01697778574746959
ck_4a522ca2dc4831a0,0.002757772299095022
ck_b1496c474c4a3239,0.016929936423910927
ck_f45bad1606fa00a7,0.004306639053770106
ck_f1b80b821a20186d,0.0072229506488154
ck_52cc2fd5095b169d,0.007564320185645494
ck_9111e3a04b14dfba,0.03765744494116463
ck_f9fc468915afe49c,0.07286835975192796
ck_d74a62ab3804a81b,0.009906943869219748
ck_79e45040dbdd6447,0.07932554813258376
ck_f568772b6cb3febe,0.03372415624236064
ck_756d2c13d02b3e09,0.01934719002839374
ck_d79bdf04d6f31cd5,0.031529035161390995
ck_c6fff412f531db0f,0.008586803085434325
ck_ff7e31ff8ba731e5,0.010505863534155342
ck_3837ad850996ba60,0.013249711530845079
ck_89c74feeaffa7d09,0.023944760440044087
ck_50422466f145bfd7,0.014482170518987232
ck_7a3f2961e9a8b6dc,0.0261948133255145
ck_dd3feb77d7d4f6d3,0.00549355259059736
ck_01c631b38e8a9535,0.04463058370916517
ck_04e40f556a5062ef,0.021867703634205003
ck_a49a2c1f881a3560,0.038062147910945414
ck_a6f61864fac3c8fb,0.005810658829490246
ck_ab3426435b0017d6,0.041373454031205355
ck_9036b2e5e9298a34,0.08400304747366469
ck_668c7fc7d7e47c0e,0.0358391229587771
ck_9affb0f26776b642,0.029117549818211467
ck_af5842fa7202ff25,0.011362774775862769
ck_35e411b05d22f663,0.037243151390450834
ck_943f66f28dd24750,0.0054702343124656124
ck_6b114f2a48152b96,0.01895716102558164
ck_7f9a748110d70005,0.03150441135789427
ck_faeb0da678bb86c0,0.004005658954503679
ck_a315c9619a317609,0.04706107956830727
ck_0e808afe2570ecac,0.0248715332731937
ck_f8124911450fdf31,0.7536902976794339
ck_d20d4ba60eec9945,0.01193039806249971
ck_9720a472a3e0140c,0.0013084728060523212
ck_2a65f1cc23f1180e,0.012950501578853225
ck_0a921a73a90c2e39,0.08664859855571565
ck_72fdfc7e6d8e1436,0.03231912174545738
ck_c2017120b3b88a46,0.0605646621771405
ck_ff182f033134dbb8,0.04541420566791162
ck_96fb9bf556842bbc,0.005157582770419738
ck_2c7667f64edec2b5,0.004640599949443919
ck_61b79dec96d15713,0.037218926024303906
ck_9c9e8a38bd5a6c88,0.06150652026066007
ck_c416357d20238a4e,0.14956061394110676
ck_e0b7e2c0bbe228d9,0.030289206744659663
ck_8777beb11aabd66d,0.01621141271703612
ck_754f30ea19df857c,0.04608908760165118
ck_25394c1b83e0b803,0.17299273693831374
ck_c12805fa5d970a83,0.042077037280536154
ck_8f8e5e2b9dfec3d1,0.038289851666273265
ck_b4d2f02d2cd45720,0.23942614936347242
ck_482dea6eed92cbbc,0.013716934029383687
ck_cd655202db489010,0.012673561165298974
ck_324b9939d9c1c31e,0.00194024629481519
ck_5986119e7d81e831,0.04140103817112491
ck_8cd1b68dd74b1375,0.3104761680112081
ck_0a7adc2f27f98510,0.20927889594957302
ck_634276b05f4381f8,0.003970790267590195
ck_ee7a515e87d17d4e,0.025913486541767235
ck_d3e2c26b8adff099,0.01502267105266887
ck_2e679af24adedac8,0.06988962243229659
ck_ff6a6d3547dd2d37,0.040831898044645216
ck_9c3aa9f23d01fa1c,0.016282022211900317
ck_b8cdd6d6dccc4554,0.01990051845329867
ck_9332bbc7125219a7,0.009623236458375218
ck_0fc1086e1c9e04b6,0.04949200466011137
ck_afaf374009d3b248,0.025187760012200636
ck_f781539b1042dc83,0.007983413383409856
ck_05ab5b03d0bf9ce4,0.5080422623862408
ck_e4d6dedd97233c07,0.06510343164532298
ck_b76510998b9a2260,0.03319682537032288
ck_16fc77b2bcf5ec03,0.9538052898772141
ck_5403c76fe68a08ba,0.4490634872453817
ck_7df526b2b4410bb4,0.020601356438520388
ck_ddc3fc99eaba2064,0.03637358633127706
ck_ee3e7c9d3a9c74b4,0.18558555157866158
ck_f89719a854fe11d7,0.014575720042646165
ck_f5178a658225d8e4,0.030127315098789163
ck_d5194f2e92fd6427,0.009977516758089316
ck_9cdfaa1c30cc9d32,0.011079620537183237
ck_b95fbf2b5640aa82,0.0035545421918274063
ck_fcf5d4a4748cdd53,0.06490103210111696
ck_c0b50c11e4f5adf7,0.021160336275688196
ck_ebd0a45712dcf07a,0.009226100108093722
ck_b0d33b5a3716661d,0.027372701024626158
ck_b53281da70defcfa,0.04128657538119296
ck_9c0deab8a8367c5e,0.00551534351304692
ck_515379973a8044b8,0.05922100395792922
ck_8f21f2690c32c691,0.07697266430995181
ck_9d4b5e6b43bad4d8,0.03199308150449824
ck_fc3d95030b81f416,0.0015348964845620728
ck_77549c1a41f837c3,0.005244789246567085
ck_f2734417c0db4ee3,0.007416475585404262
ck_2ca83dbd728af019,0.007662667810711314
ck_cd4c63155570d6ea,0.004929939462944257
ck_cfb06f07394dfe64,0.007195142467682545
ck_3d7db96995745472,0.04566928597670587
ck_b3fb83f0d772a831,0.00918666702885914
ck_ae91b4cff57fb3bf,0.00830667184178485
ck_b804e784cde9af8b,0.010397810617914192
ck_c39a9e75760e3201,0.09245861611199366
ck_63356762d24aab81,0.029998485829496133
ck_1294f7af22fade11,0.04724904508709043
ck_076cbc25c8f15fc3,0.7347036580896059
ck_bdee7c86f5ebe81f,0.023338308906379588
ck_7176d12b18f2cc0e,0.0170383246692602
ck_13f03ec785cbdae1,0.003985194796534559
ck_1631bab0ba1256db,0.010726637029111754
ck_63d2978706e193d2,0.018102097204248175
ck_89790ff26c844bc6,0.0663707509337456
ck_e7be077aa0b2632c,0.059117610790328075
ck_646bb3c7be5f0817,0.07692583729963123
ck_bb113e3e6716ed65,0.011435896331489944
ck_1058129ed7b48c59,0.012828860157974154
ck_349cc5edda1b8853,0.03937549708170692
ck_ccb72a33cc1877b7,0.01049693261212602
ck_f65ab819373edb37,0.015348363022833385
ck_53428573abcd606f,0.019198257487946988
ck_9bedf54df9418e4a,0.0039635883784467215
ck_c3d7d3d12a1981a3,0.022196348562946038
ck_55d7217b0aff9fa2,0.026639102221740353
ck_958acf84c6137a22,0.04627140849793898
ck_f07b09879d697b82,0.01591477693902641
ck_d69de468b44143ca,0.025388862131302207
ck_f1e1c8491f16f912,0.023394568141583756
ck_779cc0f2de4d5488,0.12107593133649652
ck_786448fe3004cbd0,0.007987675121265152
ck_966a167758fddfd4,0.0493154739105748
ck_aded05ada490da20,0.018015238606877818
ck_730226c2d216cacc,0.04323668900026111
ck_21fe7bc59dcd78fb,0.02234590278668036
ck_4819327a78615485,0.019245944792696403
ck_0a45d033d4e280ea,0.08301211039751703
ck_a5276af466b681de,0.003146136087620311
ck_17cc7b411f448e66,0.020925270214869014
ck_75257ca7d7da2861,0.012138952786765267
ck_493b6256091014cd,0.09767931545361681
ck_48a6754977a44db0,0.0388395761300263
ck_12e2b5ebfe8986b2,0.005387891576781117
ck_b129261da9c3c3c9,0.046764008312505136
ck_27cdf9c5e6f0915b,0.05085427347732854
ck_aa01d5aafde73d0a,0.019246277712154154
ck_1071d14c46c92379,0.41992373379835973
ck_17a95bba77217d85,0.023695844070901497
ck_041614694b77e599,0.014058381372140119
ck_7738eb085e5753d6,0.0037130042900026224
ck_27466468d06db4eb,0.05645237920283547
ck_af25c72d16299258,0.0054388821142236565
ck_fe43da07608b1749,0.03253825559561048
ck_480347ad92037105,0.01953947961886735
ck_114141d85256c9ff,0.0037121836632199546
ck_60bf8a2870956fb1,0.013169954776699357
ck_d4e0b2a12fcfc35e,0.03371592805540684
ck_2ddfc948b8eac752,0.3725170660269122
ck_22bfb9246646eb41,0.2259370364263478
ck_d00e09e66ed6458b,0.38610996033910494
ck_59a14d2564193101,0.030768774438064257
ck_f0093064aa28f4d0,0.04842337175261461
ck_1774faf414a5d49d,0.93506675856167
ck_dfbb2056f1ef7d3b,0.10978662635490187
ck_6ad56ef40086dbe4,0.006514810143748613
ck_d5bd8f68da073cd8,0.1370457975882664
ck_937402a60df0821c,0.027499226059072755
ck_192bbfd0d5720134,0.014950247014296956
ck_1436f6e11d4008f9,0.007785882120794744
ck_bd20be9a3392d79b,0.007537047692561781
ck_42dcf92e9e016922,0.057363942335982736
ck_6d0d081bfa8a0022,0.022286132646032027
ck_9782c86ba6485f88,0.01352540794846367
ck_00013fdfa0bd37dd,0.010828611533793562
ck_5576b725de38d106,0.015139635315245635
ck_bf4e7d48770a4a8b,0.13912480608070654
ck_a74f6a3030f5d495,0.08884919871704833
ck_2605fd571219e28d,0.015443330348324284
ck_90489c405e6886d8,0.058660492229965194
ck_29076a13f539187a,0.23391613073923456
ck_0dd417fcbf19e424,0.01600775310191601
ck_e2a2ce9b8cf44c63,0.03601094831678053
ck_24dae044dc05f849,0.05147090405391382
ck_74665e1209140ae8,0.018773169707995203
ck_9ce743dd3e92549c,0.0408085808047973
ck_e2f88e202b6f700a,0.014630531592979251
ck_65f76421be648549,0.020381034636486425
ck_5138f6c575dec64c,0.007839608680645127
ck_5275be4e1577c1c7,0.02957831888434523
ck_e975002c979e12c7,0.04273663353277391
ck_b911a09f328dfd4b,0.024765897918387042
ck_4a691892d9d6cf89,0.0059406329986329215
ck_cc276f71ab6c08fd,0.031869295753803144
ck_1ba28fb7ef726ce2,0.0050628325262983545
ck_2f9fa0d61829f815,0.01076610571726526
ck_9dde2c63acda3ba3,0.021955806287641228
ck_203c2a22c0c165ac,0.029040604160485713
ck_5a22cb36d612236e,0.015323329060963084
ck_8fd4937eadd64fb6,0.0934619158212614
ck_e7501307c0698e5b,0.0241149623616596
ck_66746d1090d6d9e9,0.029201756142926704
ck_5fdafeaec036f016,0.010022438860123434
ck_b45e47c39d4dc7bf,0.024196451645317807
ck_d66952b03591bdec,0.054611899546683884
ck_f92e04024bf13558,0.007303305798550872
ck_4bb90a61c21a303b,0.01174756234725256
ck_cf920313f6dd28fa,0.009801882025383476
ck_a209a5f7d172125e,0.023692622805281692
ck_7f188aaa63d1d442,0.00888946180898438
ck_ab70961e7c6695b2,0.008633568465040443
ck_647ac26c5900f082,0.011230857528248164
ck_64c1633297f43788,0.01834029803384937
ck_6494f0ef13ce44d9,0.0035343127720633936
ck_703499f5410280f7,0.025524971316742084
ck_9b12fb56529ebc4e,0.01593270039790273
ck_c2466fc40fc9d5ed,0.9208152019256697
ck_86a61d9a39768e87,0.06413968983151132
ck_344a95cb7115ec67,0.018544851572078736
ck_a51abde881ebeff3,0.03684207073995123
ck_874eca6776b34dec,0.02851010726072907
ck_66f0945add423e9e,0.05610879269657201
ck_f2b8995fe5402759,0.005052830882942395
ck_4af5ec61ddbde1a4,0.015741889243548458
ck_67674348e68d1f25,0.056223587515949254
ck_e267999226b6321b,0.020558841984600288
ck_0d5c0736ec76385a,0.014754678921740524
ck_82f07504ab59ed33,0.11929680225512669
ck_5068ee554ceff971,0.029331934061530496
ck_d87ab3261322216a,0.005860343238069583
ck_523dce06515b072d,0.02142057200884162
ck_b150fe4efb449b05,0.009900624387744472
ck_ef307a6aee38d1fe,0.40230867180407165
ck_4c5ff58afe3d7a67,0.022416991642986255
ck_0274d881d6db82c8,0.005166961107372716
ck_e0571312f395cd94,0.017678874562035995
ck_773efe58c6278c3c,0.01702925241462557
ck_a443d49c2b4863b0,0.010997985094690918
ck_91d417507a8c58cb,0.16116198360885473
ck_d58e058b5c553dd5,0.01429763530782488
ck_2f6a639468f41043,0.007159461499091596
ck_735f244b99e3aa8d,0.00940178688717053
ck_0c5ba86f4e05b38d,0.011632619125190063
ck_7bbe1dc8add17ef0,0.0228405048377637
ck_3baae40454c00938,0.007237944922137854
ck_5d5ef9e75f65d076,0.05788303637357226
ck_aeed557007d52e9c,0.0017579447774278129
ck_1ebd574406235957,0.015094947995270695
ck_c1c5ea839c58958a,0.04113610853771063
ck_da2729307af06ed5,0.03431648538333694
ck_f538ab6aecf2adfd,0.002313334470632892
ck_57c07c45269ca8c0,0.011997717555569666
ck_21860dd2159dff28,0.02849771968534684
ck_dae09c4e074af5dd,0.2565114351730649
ck_42633573639a3f02,0.9702831362227626
ck_76997a33c3ea5107,0.00515406904783233
ck_5060aefcc8b6f958,0.02484308103383354
ck_a7e669cf1c3985aa,0.020613003382661983
ck_2b359a979520276e,0.04868260816277632
ck_1078b1e155b5b640,0.01897571311396033
ck_a0e46b67e986ab56,0.008641916979297247
ck_ea835557d7043667,0.014687652867570743
ck_4ba8bec14c2217e1,0.027184824506419042
ck_0e9ec486bff403c5,0.004699741975323511
ck_77b2fb17c29f5e72,0.009471034723726983
ck_cf606fd6ebfdf9bc,0.17763037894463723
ck_9b436162039a77d0,0.013252866127152398
ck_0a2f8b2f8a5b6f02,0.026787833371701996
ck_9a2fcccb82da663e,0.011037375293495482
ck_18b36d342b530af4,0.02169199201369236
ck_895bb39d24bc1c4c,0.006256897440983213
ck_ad8cbe6e27e47ede,0.02015313940313044
ck_17ab24fe914ae44b,0.009453700615624413
ck_617b65141f546a1c,0.03005618657668736
ck_5ef935ac3d4d3332,0.028750838598689987
ck_9d7b9e3ff1f3e71e,0.015097686037753105
ck_45424ea6f0bc4650,0.12589217076825462
ck_c35e03b0dd0c3454,0.014606741634965902
ck_d557b9feb241b3ec,0.015011796476944443
ck_a3c25d6cc7478068,0.03225582622127687
ck_0ac9848bd4ba0c14,0.014438964578017171
ck_30753ffe481a1b8c,0.2569057721350491
ck_8d27ff8383d48132,0.026760025523685817
ck_242521e261148fba,0.007563723906370681
ck_4dfd8947f540eb24,0.006413321319673086
ck_38ee42f15a573e81,0.01739361091905202
ck_a019151ca8e7527a,0.05681644339844098
ck_1f56fe99f250cdf4,0.0481541482408294
ck_da06d97db0b18851,0.009236293566791866
ck_d0b32e039abb8200,0.009572930604577682
ck_a60d6b324bae0330,0.003966285533305472
ck_27acc9f320cda104,0.3771631994645732
ck_d7d50fb57fcb2d0e,0.008038594193537802
ck_819988d8a7f26415,0.007020178704021063
ck_184983177b73dea5,0.014593370651668564
ck_dba767885bd6ad69,0.010017107590391879
ck_2a09d142de1c77ff,0.01486567179209883
ck_74a06f347b32347f,0.04288013945153803
ck_2a5a4c18c2c7274b,0.021837623226093138
ck_55fc62a5f89a7251,0.01821109712397487
ck_25122cc0e8b1a662,0.0737990233694341
ck_c6bf67470f526771,0.053644396071625744
ck_2b699066665abe8a,0.008470419640850352
ck_7a7bb9be5a7e48ad,0.009825448029431806
ck_7346e4f820d9c00a,0.8026413000621815
ck_35b1939c48182a9a,0.01689452927930857
ck_ae7780327e210522,0.015248700405407364
ck_f09f9d0e0886e0c6,0.008581274360188814
ck_3c9a06eb07c300e4,0.005571276095421818
ck_a75ece9a9044eed0,0.02238271141581457
ck_5ea89567dfe78e4b,0.01251051046064876
ck_085d8c42739e2b10,0.9833955241310519
ck_2209de229b4c71c5,0.029756957168547784
ck_33ad8d53394ba77a,0.22775275899856864
ck_646e270e0195bf05,0.016101934992838202
ck_7443d6dca8cd1352,0.015095442507396844
ck_bac5233623b25ca4,0.007462761488553096
ck_49c3bf13dc9471ce,0.021587045535377145
ck_a2245822cfea997d,0.029087796798355655
ck_4c4a939154446053,0.0310947127515029
ck_0348cc6908f7f3af,0.004110579192873532
ck_c0422e638a9c6046,0.02636766771515812
ck_95fdc264eac72fa0,0.0071768661074236755
ck_59fae092fb0c4aa3,0.014317670766891798
ck_f1acf73363925958,0.00912374674033574
ck_2f6b33bf46976229,0.01375113510941386
ck_a544e766540861fc,0.14388428702686937
ck_558ebde8c29132a4,0.055516285482942074
ck_c8307fecafa90140,0.02343067093989208
ck_79f5198f0decef20,0.028289512777742803
ck_01e5986ebb9a78f1,0.024178615660341667
ck_c2b4a1d8c0b6c1cd,0.01019045703076125
ck_6eceeafd56b42576,0.10489836139837638
ck_a1a93c5f375f6021,0.020583967170142665
ck_8089fe7403c5f537,0.02623347894275768
ck_6c33cb15b0d8af54,0.008054593094618085
ck_3a47e3f54475e854,0.0039019984570304476
ck_34a33ffe8339f66d,0.8853875079341621
ck_01ac687ce0d696a7,0.013128165120042187
ck_bd30853e9a57b544,0.016914426252776907
ck_95391029a21caa24,0.03676962097444358
ck_b56c62c950eda009,0.023413940377441017
ck_7825494e654d5695,0.006730175860602227
ck_3f730318a9792292,0.023793730542576507
ck_507e40760a24d2d5,0.022778287537945984
ck_99b4f266b61ae7ee,0.034921294835454156
ck_0bf35dcf7b38f650,0.01914388036182389
ck_646d8d0834782d6a,0.2617064215435694
ck_878522cb775b904c,0.13160016290697435
ck_e934f984bad2ff91,0.22312737800036792
ck_4eadbe7298b15e96,0.007613470710120753
ck_197f8058cea1fbea,0.0030460031574761817
ck_b4a6bb4689cd7cfa,0.016360124539269518
ck_73de0b49709e5f8c,0.006480000374760884
ck_27e4de495abb4d15,0.048459530493157744
ck_82f3f744209888ac,0.03787437562285553
ck_7a7e40ee3f97c035,0.027768445939123747
ck_055fb9f2e1c8c934,0.05261392226846332
ck_1fc03ba33edd9e67,0.024058250046073208
ck_2bb6a17e8eee35cc,0.04444223222058859
ck_6573c4947cc8607e,0.03599702535440847
ck_51d842e6dae74c71,0.0064847732579621205
ck_96247fee0eb44420,0.016843249516022826
ck_e8b5bfa6838e28d1,0.008548628654495388
ck_04d2ea38ee27770f,0.03720482188129212
ck_c881f26c9bf9ae42,0.5991942325307871
ck_9bf0d28119fc42c8,0.02592925137961527
ck_8ddaf745bbb9cd62,0.00393032681175587
ck_52c0ef68aa2fb8cf,0.03792385634549814
ck_648c03f9aa4e45f1,0.0057637894803878945
ck_ecf006bbc78ee3eb,0.09287988292629992
ck_7d1661a34164406e,0.9678072716996055
ck_ba88a244d5f7380f,0.014033478066860158
ck_173e1198c341087b,0.011201494295682275
ck_ab33fb754c818ae3,0.03610929449597386
ck_3272c2c4a37d5220,0.13109086290241698
ck_448456f96788713b,0.04079095992320348
ck_822d6e8e43befc72,0.03527386247593803
ck_f5100511609b92c0,0.007918733936553615
ck_ca10102961f99eb4,0.0013857512075816333
ck_85bf21aa1a00452f,0.0035558947203488266
ck_9dfaca4c7c80b10d,0.22051734885700697
ck_5d75ea4f5c9080bc,0.08928887058180295
ck_fd44e34af620e606,0.017082661296354096
ck_6e4f31bd108571f0,0.011755500038641592
ck_020eb0e454524ecd,0.002663403478741557
ck_683af7b1540a0b22,0.04091475792500357
ck_dcbab304b55a42c7,0.015053608300750506
ck_1325000bc7f35b5e,0.019979360286417065
ck_acc764b49ef02826,0.4124260292317978
ck_4eb1c12f7d092bac,0.005460049791437618
ck_88ab6d245228c38e,0.003281530090807084
ck_0f37c554a5057801,0.14082597824983206
ck_1bcff399166d7c43,0.009501326042904323
ck_3854c08d17704347,0.04962764977739049
ck_ae20e28f9854f3ee,0.02845865460487826
ck_7509eb97c1948b16,0.04221102860046719
ck_e7b4016909405981,0.006648340188098803
ck_f0d349d68249d5db,0.010207332004413825
ck_ad305286702b1958,0.010527929909628423
ck_830b2c5d1818ac07,0.047436590589955224
ck_064b2aa3f0bfdb6e,0.021951907049194513
ck_b72c7ac4208052ab,0.033767194116339494
ck_786f079389126e44,0.06833910295289729
ck_9a88a5a989cb5bc6,0.023051630309895
ck_8594f165e95316d2,0.018927421729076015
ck_bc89644ae3688995,0.0174498119304493
ck_5791f8f76a629a4f,0.04549566992387866
ck_b378b8d8100ee4b1,0.03214780811363129
ck_170f4688e0acd875,0.16721875587150245
ck_2a07c7021b71cf65,0.058594166160841885
ck_ff7c26a62bda8089,0.008905430851539258
ck_aa0a3179f1111674,0.004255524174815444
ck_b379c198d6db2d62,0.026229591823421793
ck_2acb54ca20c3af6c,0.0706605442375389
ck_40e84e6ffe788a4c,0.020125283103943823
ck_82b5b79ce3517102,0.9791080544385133
ck_eaec5f1a83b66eb0,0.010983370757098198
ck_3d56b477fe2370b6,0.009936908144112406
ck_e963d8525018d072,0.015200251701919085
ck_ee53ce862bc9c111,0.05650031774704303
ck_e96a5e1f08f8a867,0.004743007144617228
ck_d35e3aa9ef5d405e,0.141090296961373
ck_723323f6870fab59,0.04127940153902867
ck_4f5d7985bcc2eda4,0.011793193238357659
ck_5e20953547ba4135,0.11262638008533456
ck_e6fecb82fc2a82de,0.01159110927767741
ck_7c4f12d70f184533,0.007623019983355122
ck_942b95988a6245a6,0.05369428004490434
ck_49e253ea12f4e922,0.018168447304981163
ck_bc2e771a1d8d2dee,0.04956653873144912
ck_6a892dd5d05c1649,0.038905927003403236
ck_9986c7d781ac6b4e,0.008483782543893745
ck_8c84fcde93a04334,0.1504471048201125
ck_87110d84872c0fed,0.023327805949298435
ck_7661d7ceaeb19f97,0.01327963892556621
ck_f234ab47061ba7c0,0.00691846084510653
ck_9cf5e88e97c8c7ea,0.033229053353303006
ck_37dab6a0a536ed49,0.09706847819654135
ck_e560f720a988d8a2,0.04830305270522652
ck_c82897ebffb6ae66,0.006257379131241895
ck_79ffcfee599d77c7,0.02379850785545156
ck_bc82fb1895fddde5,0.023328241639320468
ck_3152c7115257f084,0.031242261659364754
ck_edc9668282e3c8cb,0.048043887851325795
ck_bbe1a2ea5a403ad8,0.3305417296348277
ck_ee52c7bf88f952ab,0.009776781006253706
ck_8c0955dad13c3ca1,0.015251439630844032
ck_7501ebbf4e21f160,0.006505216887970582
ck_7048bedd554c703b,0.02122893887578044
ck_c54643d94d3ce355,0.033425617081038875
ck_ff3998d6858daa21,0.010594672381663233
ck_f7e958a286ae3b57,0.043625175106660946
ck_c9eb4df91ff07f2c,0.015857803634114126
ck_c7f6f45710bc050f,0.07642426574079501
ck_6d03a542922b2ae8,0.020385096741005457
ck_718865237134ebe8,0.03705100642498518
ck_4f01f7eac0efaba5,0.015491909877259173
ck_47cad6c3def4c9e4,0.01958893735033076
ck_df39e3b8a9fd0bfd,0.047200827210243976
ck_d9ba2a6c0d926b4d,0.010351274811376003
ck_04470bc93b8a0d71,0.01338087925725237
ck_7955a359b6448799,0.005797565629240436
ck_f7112818a6d81422,0.049716616826405706
ck_fc7935f784a4f249,0.016939046211625654
ck_0b34197335ba3341,0.012504984131954465
ck_b7da6640fa2f49cf,0.8373571306443344
ck_5ccc0c94e5e1f849,0.024778570709447695
ck_635646a661f05b4a,0.024321595688319052
ck_ec01ae5351500355,0.021952008951739026
ck_7ae86b5a885affc3,0.05653171931655071
ck_9cbd9ecf8374f65f,0.004946784285109792
ck_fbff7b5da8111567,0.006689415370593662
ck_715966f86d5c913d,0.01954060814055896
ck_9b9d9e579e7b55b2,0.034557643109330884
ck_191673540d8486af,0.03056947250007194
ck_d8ddf5e99f7859e4,0.02509652722824461
ck_64f5eb4be9e7b8fa,0.12328734907704278
ck_cd92852d7376a4a8,0.01270166142190468
ck_45f57fb8194cefc8,0.07961379081110197
ck_218b7e6e6dbd2da0,0.012035703526630496
ck_46f4e1f5026f4d1b,0.004683559486302098
ck_74c3c3452e4e7cce,0.01773232974612893
ck_1b823610371a29c0,0.01316791986823298
ck_78cd402a2a4f2e35,0.05800506666457649
ck_220fda3c11c59b6c,0.04166472522763685
ck_9478dfe4114c30f6,0.01100809033729122
ck_8440ef1386c07194,0.002555698072682827
ck_731943c682c9394e,0.05831021395449551
ck_c10c8bcf5bcd516e,0.034350373799114514
ck_11662cc7940ffc82,0.03205128751561456
ck_66267bbad1f1415f,0.9983136053741496
ck_97e94708bcf43563,0.004606753810482466
ck_961ddb8ff55d868e,0.005013201555308979
ck_a4d6e152b0076964,0.01323893860096697
ck_5379452a9d74efae,0.027676161939185782
ck_4fecb87eaffd5cb5,0.003101893806429622
ck_b5a3e20fd210017d,0.01243755348856907
ck_dd89a282375bbab6,0.07234400098058826
ck_c7ae1d4b3ab38185,0.02775149006610425
ck_f6c909c205767956,0.03026654894954099
ck_f2ecab85d4693b4e,0.025335659321708153
ck_11af112667c98394,0.016686848815416856
ck_abc54ed7111e9ed1,0.014107713597224904
ck_923d6a0f83accef1,0.004300235884373669
ck_6d07d6d1bd227d37,0.13085145060080122
ck_07840bba5570785b,0.13055125364079614
ck_b8465b1a5666155b,0.022298737901477232
ck_9060f4e7ab7a1b0c,0.07302243402847211
ck_5af9934a56801ac0,0.008812013553235683
ck_b11e22e75d9b99de,0.0077990189262651215
ck_a9161cf1ca22a6bf,0.011701851842610527
ck_3b66196ccf436c35,0.00604613864374462
ck_fdeaa1cd085691f0,0.007059996955958148
ck_f4de03f44e3a5bd5,0.04676066358862203
ck_b08afc91d9ca55db,0.019725093246774402
ck_69eb0b2ccfbe5f95,0.00766249982577502
ck_d6880578428b965e,0.19784255764332892
ck_7b1660e942436e12,0.02151553657774556
ck_9e298cae167f4693,0.0021948983991979002
ck_6c679602a6476ab2,0.0334591338073939
ck_0a0cd7f4be606a93,0.008786702656058831
ck_03be334935e999a2,0.045243887849007056
ck_c8b7f241810b45e5,0.015752104050952787
ck_29f3a1737a2d9634,0.01409536112869543
ck_c30201ebd003fdc7,0.006968481327103658
ck_3f8571d4f7420b2a,0.15444268123251848
ck_c1e7d1021ae58f00,0.0028766783842701818
ck_21e3b3bd998745e5,0.0167345568343899
ck_c3ba7534cefc1de8,0.012199879082552557
ck_0e6e05c3cc8c8242,0.01029659576322939
ck_a95f212a02433d23,0.015678160462863404
ck_25bfca1d8eaa152d,0.01547334098552513
ck_7a52674e2806d8f5,0.09869939462042611
ck_05f375fc8ae0afb0,0.00547776767273166
ck_255d87b7fb40caa5,0.0343848107471283
ck_7cd9f39c50748ed0,0.015187757794491677
ck_54b0b070689c50d6,0.01673283229305352
ck_09b0d8af304646bd,0.010433794065718559
ck_69b5620e00ef5dec,0.00957575225648696
ck_f268416945316815,0.01307905936074681
ck_9f50920c894f64e1,0.020398716420391514
ck_2cfb9a7775e8a5bc,0.9762791845722273
ck_4e862c2f48c38aeb,0.0259559158015621
ck_337e98c69f6e7886,0.006676247375522135
ck_40140bef4db73741,0.004427768272336723
ck_87f82b2b5fee757a,0.014668122285500068
ck_1dade5592f90a15c,0.023878825176789943
ck_b568ba3837afb39a,0.008222510624148258
ck_2c27b77c59d8f23b,0.08123901946926732
ck_db23a0e3e54be60c,0.07343514852097081
ck_b26cdb2b7b165d2e,0.028257244559639596
ck_60796eb60fc3043e,0.02629183116423337
ck_15220e78d1545e40,0.01726040131171614
ck_8c136dc691e65695,0.000767895550371153
ck_2e824b0b27494a17,0.04815477449375386
ck_06280e6d6d2485b0,0.005518318990859886
ck_b53084ffede19a8e,0.011319448619506546
ck_aa295a11b0a6ab36,0.006154189703228203
ck_9ccc030ba2de9fb2,0.02577385300379708
ck_1a524b5cc8da71b3,0.08094347309324651
ck_910205d25388a0ae,0.008801354412246795
ck_15e0b679931f7a8d,0.010082639617186164
ck_8e9faf94e3e6c757,0.006227667824700005
ck_0525349f3945375b,0.07337893680145575
ck_b9c6b32f6bd92a3c,0.04682833217978358
ck_e6b95ff91116a592,0.0034971218183229872
ck_e69d27e8965df0be,0.004876329918126183
ck_529fc3170fd11abd,0.0449858066382306
ck_7f15b50b29dead01,0.06663754859371444
ck_bdbb4230c91e1604,0.0212546748850593
ck_c69ef0f3e7d6acf9,0.055470181386290056
ck_3ba3fa5387bacee8,0.0034111047458638194
ck_a54dc042ebb7c766,0.08257496312846822
ck_7e5401c362b2216a,0.017552963938032372
ck_eafe9b89857149b5,0.007358041970331769
ck_df20cc23b8fb8e22,0.01713673262447313
ck_b657ae3c146cb7bd,0.017260281726905694
ck_6ff6883633b8c7ba,0.0044460169146409165
ck_8d9518f64b222416,0.03609322599367224
ck_be9c46acd216b45d,0.048360410112794884
ck_73b729cb161487f2,0.0013653573180056888
ck_61c3e3e277629646,0.012615118058425747
ck_ab1b9d019921bca7,0.029401633262651695
ck_17c4296276448afe,0.037462899054133726
ck_e30e17db5473c7b2,0.011439624407710281
ck_819b482bca14c068,0.5693264521280055
ck_863708a99b92ef0d,0.04456451332915997
ck_75fb7e56432ee4b2,0.006238871045157748
ck_83e5979334345622,0.006228238132644999
ck_6d64190623dea714,0.001672595794601388
ck_16077ac345472e6a,0.030896765726324847
ck_85de63d278f0fbae,0.012568386671067047
ck_3a3daa8b376f2a18,0.0056970490804204195
ck_9dbe184e81c1ca8d,0.09903487265477545
ck_2b7cadbc8b180d32,0.6278900712528837
ck_04bd8a1ffaf3ffd8,0.014752304617658656
ck_a6fe344bbf67f14b,0.013734821577882278
ck_ba1f6dd43fc8a0b1,0.0023580001397666903
ck_2ce8931af02a2ce3,0.008166186827448857
ck_f2bdcfb4203ffdee,0.036001601557297765
ck_b9eaf03453ac7d5f,0.013871872799779483
ck_d7607a213b800bfb,0.047268382459612665
ck_dfc933493561d84f,0.00811867820776497
ck_6f8ae0319c07cafe,0.012953947246330203
ck_d637a011332ba67a,0.008929263740370487
ck_8e2b2251ee224aa4,0.011424919607919942
ck_ebcb93a2990fc914,0.060511469289513696
ck_8550f229b5eb03ab,0.005608242065146863
ck_4ad5937bef176d89,0.014920421997757621
ck_c01c85bd631d4054,0.0037159675300724253
ck_724085c3452d4693,0.10913523918458652
ck_aba32acb61c1aaca,0.050464069522308856
ck_7519260415c2998e,0.019550703349381676
ck_5dd80b3c01457bd8,0.05582294148087758
ck_7cf562578c7f158a,0.026450630792629364
ck_f7c6c26ef3c4ae06,0.025013606018669175
ck_c96ae2c28086a059,0.01699329292659188
ck_975c2aa3d4a8c51a,0.015445482540126513
ck_b1c51fdafcd80122,0.02607015170775316
ck_794d8935a895e33f,0.024537186030254173
ck_f655399ac75c4450,0.027905387097030162
ck_2085433978e72ea9,0.06609900373314789
ck_dd1c490050cd9051,0.018917382495926893
ck_8cb20053914692d0,0.10447993533948212
ck_65491367584c730c,0.024584075258786937
ck_e9287b6d909d731f,0.005433416879669993
ck_e40a156511345d6a,0.01852415690305374
ck_e3e95546a84d0ed8,0.04448591850561476
ck_83b2b192f41ee2bc,0.1739979761581933
ck_265accb3c5c32620,0.04916452166782513
ck_a9aa389688ee5aea,0.013164113806849927
ck_6a475fe324d7d790,0.012796310266891937
ck_c1295d97cdf35ec2,0.004780321647522593
ck_e10ff5c38bd18470,0.027965884500987193
ck_a60388296a47062c,0.057280243559473656
ck_63379e3c9fe6f711,0.07825284618988773
ck_888651bfc2c8cf70,0.005985941534020922
ck_335e63101b1e6c4c,0.11191702620107451
ck_57849e15b61c43b4,0.02398055659379061
ck_b003e5b54df65db4,0.026154438516108113
ck_010264ae04f2e902,0.11632420981134785
ck_25dd0b02af5b2f37,0.06963824854262915
ck_238e53b6dee8c301,0.010784909251892252
ck_f439f16f8693883f,0.016232622929119464
ck_0229a07185f15469,0.013362629851126158
ck_4c76efcc1ee6762d,0.024663703317741526
ck_ad3c4be96599554a,0.021104691527689335
ck_b7e25ddd41514d4c,0.07949060682929968
ck_35fe969c58b9e70b,0.05499517424089563
ck_465cb8ce232c7670,0.07895753066338898
ck_1df4b46c0a4c317d,0.027623979445608477
ck_e08e9c8ec5f23d8b,0.01183832813280155
ck_fec0ff92fd622253,0.022531594648485143
ck_64f5fba6af67e024,0.028366564722095294
ck_7df3f8f4f1068d62,0.05756615394068181
ck_8582490d6e365a63,0.017276740418932124
ck_db23a5100f338d72,0.1883261257021852
ck_38d4ed52cbe6d123,0.03514791647526475
ck_e2d1f212f259539b,0.012771889818417759
ck_80eb91b0b4001084,0.06059549400312444
ck_15dd3ecaa8ce0245,0.6287515305020036
ck_896096cb167254ef,0.04696286640558666
ck_b35d803568f82d9a,0.012042863203962974
ck_d72035cb29db3aa4,0.0111964600472831
ck_00f9ca84d1d8ae7a,0.021595715477182694
ck_6430a8792f400e0a,0.020250643963387296
ck_8bbb625384edebd7,0.013714864949103928
ck_9a56739d81f84a53,0.018839909641705684
ck_6846100e43659bf3,0.008540768160443746
ck_ed0c4a83701ca230,0.027465747728973585
ck_55efc92394fee232,0.008450343755220026
ck_6f81c199e986d9fc,0.008848491714650878
ck_fa4211c4d826d830,0.010437504109846544
ck_a61a879dd46fc9f2,0.007533022677295505
ck_caa348f0e65db062,0.8655044040539076
ck_642344e5c652d8df,0.009897692307472726
ck_e6c584b4b1ad6d9d,0.014467622078526832
ck_27d69ff4e0cb428c,0.17480830075814477
ck_84092e23d5ef4d51,0.07832914079329216
ck_02adda6e91e49650,0.014088170643954883
ck_aa075c418ed9fe5a,0.07888809437584557
ck_38e4a74ab256e2eb,0.014083304800070572
ck_45ed5ee496ef8a67,0.013303073468475791
ck_1e832a5b2342554f,0.09197916679076595
ck_e87897767c612942,0.014414627691561708
ck_798ba4b8aa544fea,0.011958648445407576
ck_81793387b38047cc,0.03479937717010933
ck_f97c477986043755,0.037801508698438714
ck_dbe58392635133ca,0.021391959947156935
ck_d19bf4dc0627113d,0.009494621667680916
ck_7b55d9bb1a250d4f,0.0641329332022584
ck_28dde633692904b0,0.08574561826134827
ck_72e550559487b919,0.009594043474533919
ck_d7ad9921a4d25926,0.06674619896545254
ck_b71279e807d0b3a7,0.007568430036770101
ck_cc5a35175d381d5a,0.10772398014032693
ck_0b2eeb4e00ff7955,0.03336226570753559
ck_c86520a00e50a926,0.017689490503400136
ck_47d29c01b20cf69f,0.008929222561662863
ck_bfecad7586f65e4d,0.014937233547994921
ck_37176850ed68831e,0.0050883125173125515
ck_5e68ea2c5e893cf0,0.03133974579798072
ck_555848d51f4b5f35,0.04911285377031167
ck_6c7b41374f9b2e55,0.006834190107868433
ck_4b31a8862a857e6e,0.7350719878652321
ck_01e7960c63dca3a4,0.9748879262453631
ck_5d4ed73b9efd7d11,0.009623271223755373
ck_5e74fdadb93ff293,0.04831286417877529
ck_7f780f465c29398e,0.012680375951355098
ck_f04062216f95fa00,0.01821886116593907
ck_46d8c029d46867b2,0.012561748501863038
ck_323a71f9452d21cb,0.7679572183172173
ck_3acccc69f8b1fd14,0.10473341905025911
ck_260ef2f3e6434819,0.04397817906162574
ck_d3877e1f907cc148,0.024645406355715795
ck_2c80a592fb4cd6a3,0.012712548720390317
ck_1b1df006b81d38ba,0.011220392847198618
ck_120e995d50956bee,0.04100125103717708
ck_ba845332b730b596,0.018397854556867793
ck_52f641c9ee6fda70,0.019060430739347135
ck_5f0be7b468a72333,0.006301386255889272
ck_ff45764ea7d6619f,0.019975173319486048
ck_df65967b8b40319c,0.0031012542699139353
ck_a574a08edaf81781,0.013579054069364866
ck_7a02ee1bfba7353b,0.0156800940563184
ck_c767fc454fa215d0,0.02421160638885757
ck_73a7794b659d7a34,0.025917627411429854
ck_95188150ff059c70,0.012762105857340044
ck_8716cbf892c50e29,0.01265767532385888
ck_e0fb11fc9dcb34e6,0.0037037737761331114
ck_b046a42684468e63,0.013279825394488977
ck_8409716d174635b6,0.021358666228200398
ck_9f83fa5a2d3b9049,0.010388417903884945
ck_8adb40b168b59d7c,0.009337177543046917
ck_7af748a23775bd54,0.12228147170772533
ck_abaf371ec8249c4a,0.09050375278793564
ck_c2925c50ebacbdba,0.009085689662743316
ck_767e0be086b5f601,0.037844151449215636
ck_e2374c7136c964fd,0.29145379094971746
ck_65519d0fb137e0c5,0.04424036903140638
ck_631ea1ae91ab333e,0.011604900490084636
ck_a2858979dd5645ef,0.004328099950695781
ck_8b3b874249adece9,0.022831121017006465
ck_70e6bca473bf6902,0.009820875802345447
ck_228a583f23abff48,0.02589138057218409
ck_f517f06551e69507,0.003362497136136372
ck_88a8b1d442ca3686,0.01582072586147915
ck_ecaa6f13304e3dc5,0.041939624308353594
ck_a6fc92aa91e99b77,0.7701450733182348
ck_39a3f1da060e88bf,0.012077487348042235
ck_38ea56d43afa5660,0.016302383035219328
ck_a2d7a563f520b7ea,0.005200605503156787
ck_a1b4c96faed3e0db,0.030516256319344005
ck_f5e02a3432571b20,0.032711566108988926
ck_4f325dd15c9bd45c,0.03628264405971618
ck_5cacad76e02c8e3d,0.6247326560295504
ck_463ae759e2b6ad1d,0.019530798930542655
ck_c56a44fe315c0389,0.008056212985899132
ck_6c83aa1d100a7cd8,0.16909010567014496
ck_17c0a6a92b5765cf,0.017089194859270074
ck_9341c7959543c542,0.005421269216499486
ck_7f8f864fcc90ca82,0.027215079276611296
ck_9ea3d5a5a91fef9f,0.06952830025084164
ck_42317c3eabd0a285,0.11157483957466992
ck_a04403073c90ce38,0.007060304855894768
ck_fe33eb743d714c03,0.0164056634693321
ck_b68199ecccf2350c,0.007146567256626749
ck_ad9e2088a33c8c72,0.007733149576875178
ck_c8c1bf16d9113493,0.049996123559928524
ck_4ff6fc70bccfba96,0.041846277047851835
ck_18270fee7c8fcee8,0.006546574024914127
ck_d6ba7ffd2ae08863,0.024183663946579084
ck_e7a3cfb9bf908e80,0.01608609536669518
ck_8beae3d7328fa41a,0.08292970714224301
ck_755010362a9b1bc4,0.007251337842352989
ck_ccc917533d4b73d4,0.009205335781256992
ck_73d3689728270a2b,0.013357116784897493
ck_3bd12d468fdc2450,0.020212332873905694
ck_dd0e17605f970319,0.010609918665320194
ck_329f7de7279e74c5,0.01656707156092181
ck_a1201284122c141f,0.014753655942354628
ck_31e7742f160980ef,0.028916482887022307
ck_2795921a055643f6,0.0063852820201721686
ck_3be854e42e76569a,0.012089360840996204
ck_aba573aa942b1d41,0.007868542997124781
ck_7905fe8e257b0449,0.04280537872306185
ck_019d5891103e7da3,0.054529571907782605
ck_c4524993ec31dbe5,0.02830110525334438
ck_e032068be7b77d15,0.05373324007143996
ck_16c7bf94ed3e7a6f,0.012436528984143047
ck_d4fd0e438c97e0c7,0.10659316329801576
ck_ff42557857ae3aeb,0.0070840943171237725
ck_f790d91e5ff0eccd,0.0585963035626555
ck_7456df89f3792235,0.008469563374547342
ck_417a3500b2c717b3,0.029891574642533815
ck_e556c4d36aadbe03,0.024788593209390492
ck_f3c16d8f747db046,0.0432062559846799
ck_0b615ed566da1f58,0.030072250144939378
ck_d51df5e9fbbbcc94,0.556373403217443
ck_60896cdac2212bea,0.04069703591809201
ck_1a9235812de4b2c1,0.02066424106705904
ck_6b55ec4e87a5e22c,0.05570832279521533
ck_804c5a1fa5753617,0.16229346047587054
ck_7176bbc97b1e42a1,0.017795475618798864
ck_49839e761d0e74e9,0.007987244599369968
ck_6babe5b8674ff51f,0.012560528250629754
ck_6cfa71d27fc27f92,0.011370313514583424
ck_91d48d69e4f5d9c2,0.007753928918601307
ck_13cd943777651aac,0.011856343625912083
ck_074be35c951ae10a,0.02443520469189252
ck_b3905153b9eee924,0.007040224780624504
ck_66e81a4190c33510,0.006241482665417515
ck_4666232ddbf77756,0.04734335931186995
ck_920a48ba8c583e96,0.005344562266034465
ck_a3acf4b986afa98b,0.6961982779575938
ck_a4e2607b4c8021e8,0.015184867997521358
ck_9652283c9f61fcec,0.003992911074824627
ck_67ab6f9e05c85085,0.009009368631072531
ck_fc2cb29918631f10,0.07467279659403071
ck_12631b78f8a03df2,0.006636599238756291
ck_98d2f9a6ba3a3077,0.9573736314826161
ck_00bd7803f2530c68,0.05517188913537639
ck_6d26a152f900fee8,0.006267274291929852
ck_59371c9140239fd7,0.011892928896793229
ck_9dc23031b6b494af,0.018446802525163623
ck_5e1b81848718bdc3,0.06525319862239157
ck_af0a6540ea7a36b2,0.008366766884329557
ck_852c50bbba1ead13,0.04302992067594063
ck_6c084bfcb38e96c3,0.01218317899886158
ck_00480407160e0743,0.009022781288108435
ck_09e9c51eb538b255,0.07984177141448653
ck_9fe9bdce982b312c,0.027780032137158194
ck_a0543e9b3abe1001,0.3583746074169584
ck_02dbabda93c8c13d,0.019797932746135553
ck_b5c3075c811a2216,0.05662577529690816
ck_0789ff4562202b20,0.03239110962001083
ck_28ac4c5134cb8e77,0.02503513716574357
ck_c417d06f3e94685d,0.011490637831971974
ck_7c3a6a82f3c3241d,0.019079174929697244
ck_c423aa6de3ed1e01,0.004156136980317783
ck_4fa85cebf707de2c,0.004882019683426848
ck_1b34c420a4c85a95,0.013476355599740168
ck_ac7fe1c344190c50,0.0065660288494032715
ck_8584fea2df4c6317,0.02646250120060244
ck_961e7dbc217cfbbc,0.041592161668039744
ck_8fc641b1750a2542,0.04394301179438437
ck_47de038381a9cd65,0.07070479568682292
ck_ba8affe4b9505a95,0.654346344401814
ck_dd30558576b45e7b,0.03359994423585515
ck_df935d8bdd44883e,0.012318938964886863
ck_b4d55bc809000276,0.014691646714495537
ck_d0f470f8078c91df,0.012682383492806247
ck_604c17cb97dc89be,0.038325060940630824
ck_bc04f51c23290bcc,0.026185340540069792
ck_66eb09be007f0755,0.02823917873781714
ck_75bb521de55644c7,0.03813702378888337
ck_cf7a022178165e56,0.020150175403908975
ck_396cea6f95186ad2,0.01425961556956082
ck_cc81dbc83a8879fd,0.006076489195640077
ck_791d5392bbd80447,0.01342553201476958
ck_0acc3d8c67218b9d,0.07002324162954097
ck_5d8481e2b38bd99d,0.045657023568128174
ck_174be2231c5fd2b6,0.031004768516214396
ck_ac68d707006c12a8,0.029162316290506324
ck_931510e384b1d0cb,0.00191315899576257
ck_b7f5d10b427346ad,0.04418302157926996
ck_4ac918e884cff336,0.02540947426011854
ck_a5bdd026fa9c50fd,0.01134325299647041
ck_7cc2e091806cfa5b,0.16447389995708728
ck_e73caa3771ec5e0f,0.05561284356117636
ck_723b4afc388113c8,0.019859097720169448
ck_73f4eb09af29b1c0,0.014772508300937733
ck_664b5e02759f985a,0.0016696103989774155
ck_ea269b35406473e8,0.007023347574961603
ck_d1ed88ea4211ba4d,0.01351027485575055
ck_dc4db8b932df49de,0.0657157857806106
ck_7356f47dbbbe7904,0.07600014506608556
ck_e0f845159b6e6a4a,0.02056710438428122
ck_032880f1114dd51c,0.04157704335763839
ck_1fca72e03143a645,0.5806382940250997
ck_58afa1550b3b5294,0.009454033549479102
ck_a1c39df50a5873b3,0.044974178257660424
ck_25822068c86c856f,0.006119678479268713
ck_17bf38d51115a8f3,0.030005587552391882
ck_d9f8efa6a7800f76,0.10124651883089977
ck_2faf7ecccc9fec58,0.004388556612507399
ck_275386782b1606f8,0.004953611906994949
ck_9a66cb13a9884cc2,0.02686714697919297
ck_fae7e518a585fa61,0.02331033286883256
ck_d0935b571a4a3868,0.0034659641075203093
ck_39a68c55a1bd3ace,0.1414896759489956
ck_0cf220816e320ac5,0.005312322783697582
ck_6dac66c8198c07d8,0.013020691495384882
ck_12c46bc52bf45b36,0.03576866170825704
ck_205c3405045bd835,0.002726650795287453
ck_0bf48607a874b4d1,0.04124870866177354
ck_cee8d42475a0f020,0.00943264584514876
ck_5014a3b07e1f049f,0.2549336673210792
ck_114c32aad4b6183f,0.042962838995811665
ck_84ad096a46e1a960,0.10933385606700163
ck_500948a8d4bd8e13,0.013326563151235912
ck_e5cdbfcca2456652,0.022379306636816636
ck_7a58e0cc9943c39a,0.026205679941149498
ck_95e444a01e2ab4a5,0.038474462885476304
ck_675c0ca1ebb1051c,0.005664986678335052
ck_cbe525da0b69f18a,0.05090714800853476
ck_55d0c7012d7ef236,0.04486084361582979
ck_b0f8f5408662337b,0.00335110174027959
ck_629537d8b4d0f395,0.008627549226732737
ck_82181b935360dcbc,0.973061752396485
ck_8d38747058d0aeea,0.216126495406383
ck_fb00dd5021642507,0.01165142864314781
ck_fc4a43f8876bf10f,0.02084855012219635
ck_61129937ee466b49,0.024629203912515368
ck_703b375dd86a6124,0.029514116059419126
ck_ad4a4daa826ac68b,0.008409941297140873
ck_b694c803b62862b3,0.008378620099807475
ck_348a525791ae6475,0.0900445176454417
ck_454a7e4d859a3409,0.012591418803442006
ck_8e54386f4fe22cad,0.02053706584312942
ck_36224a2d394ebfe4,0.05920810119210299
ck_1a6ddfeef82b1b1a,0.0038426180751051013
ck_edcfa9e1cf29d813,0.028937312529916593
ck_f7a7f8f5903617c5,0.02020401063036731
ck_66cd34bc568d95e0,0.009451748147659804
ck_5e5280539257c986,0.013011463791102571
ck_832341c98254bd84,0.02307224509536721
ck_c84ef83489badbfd,0.030128914892631715
ck_e21a900556b382ad,0.010953270327567741
ck_66dd4f4b4127256d,0.008011906187869806
ck_f5882e6f98b8b4cd,0.018213558341277445
ck_129ffae92dc01408,0.035064615894851395
ck_6faf3e6820398866,0.004309444530383643
ck_76d010aa02eb477a,0.009255839434003054
ck_5fed957287ebca03,0.012405035473547026
ck_99ee90946395d74d,0.8197824410182708
ck_09054e97bdf9624e,0.010771015613605234
ck_30bf5b0056eea9e9,0.4412349164066991
ck_9fb11688dcfe1513,0.030556502802865485
ck_bff090cb4ab76b9f,0.31010273784411463
ck_93c0cb3dac4891fe,0.012745847429484687
ck_4df036e2aa7e1056,0.008813586156967545
ck_c830f3830875b47a,0.05432944043291504
ck_e45012f22b7f91d5,0.02175401563458019
ck_9dd7daacb7833233,0.048963762901339615
ck_8424bf65223a5a9e,0.013917207236523657
ck_c9690baddfc4177e,0.0039458452670842765
ck_70a932ab39d86a24,0.006025926426711337
ck_abbd1465fc730d78,0.02427364189692352
ck_9b665ef46d785324,0.019668231455246446
ck_016e8c8eaf9d511b,0.06325906519306838
ck_eed7f1f7548df15b,0.02319926021770874
ck_a7cf6c3b322f6b7a,0.050450468126301155
ck_9a15fdefc47e8d11,0.1814498039343739
ck_6f3a28eecd2c4031,0.016202265896623443
ck_f6aea576cde8d592,0.001312724827582838
ck_dcbe6814fc4ca0b4,0.0818712838352675
ck_4b84357ae8ec7777,0.008472290741631076
ck_0e7bf10ef49aa818,0.08516565291773054
ck_cf301f2194975866,0.00953979447708187
ck_75217ee144b715f8,0.06157360712448036
ck_f72a5a3b0d6c1177,0.030560004501625177
ck_80b50fad7f255e1d,0.02139740523205293
ck_20d7571ba830009d,0.05886852286859054
ck_7ea52b6f27edcb73,0.06428796415732128
ck_454b9e21b7f25a4c,0.016425168203908953
ck_d11d27de7bf0b973,0.0543482537992618
ck_6fb2d142c09ed3ed,0.062300607701803935
ck_285719c77eadf915,0.011849540412108573
ck_43292f70a03ddf2b,0.04616973711148554
ck_af7ffd1a822460d3,0.06792270720464577
ck_9fcde1ff46cbbea5,0.010200044828983425
ck_5efbea1befdefe1b,0.14538511553973915
ck_f2350bf355dc919e,0.017337559093835723
ck_e155cf506b2fb699,0.00627305886454754
ck_b89cb90a420c9075,0.005670128097766727
ck_52453401f88935da,0.059392267955960025
ck_1383b2b1875000f2,0.020864023712504034
ck_926b81c0ba528eee,0.023851847639712726
ck_190bc849e5ff5401,0.07135913029943187
ck_5468fa99c945d785,0.02359897078696027
ck_9f85fea4490c00cf,0.0236062711478583
ck_b2cb9e6610eca967,0.01056744928520405
ck_98e1992ac8e7d2de,0.03572478114649695
ck_75fcda73f0b43557,0.00906128534841668
ck_46225858a38b2e57,0.004829972334019461
ck_acf7d65eaaa4c31c,0.006082064100391145
ck_fe2fc7d6e5d83f09,0.012011025133891004
ck_73f124f075ede0fc,0.020514935034354545
ck_a7afdac4ecbf2de4,0.9559551862257664
ck_5dcd443fe0bbdeac,0.021496427232996673
ck_7310cda3bc65a73f,0.003875461538553622
ck_650020c500b1b50d,0.024625732927144376
ck_592a3520d841d11b,0.014351154534158736
ck_d5c14e877ca7b755,0.03208966878505194
ck_84569a8fc50e73ac,0.031989206385455056
ck_833688de8629c5c0,0.0070809309433842605
ck_565e3418d2f4061c,0.012826307339313791
ck_7696e38b3e4197b0,0.01777465988545124
ck_94b90ab8b2dfb50f,0.022333488341461104
ck_1da9d40837ebaa57,0.13659171417192817
ck_e89d25ed7bdeeaea,0.04123709337413946
ck_79b6a86830156b5a,0.0132449926839625
ck_9da82e567074da9d,0.011878876262788749
ck_5f445182829ef342,0.039483442573283
ck_483fb981a1fb4317,0.0061856988603733115
ck_28dc0fdbaec00580,0.3320545644060925
ck_7c4e588f927c27c8,0.06105751947001408
ck_18c3a095606209e8,0.01446357235038365
ck_0174d76398d9dc0f,0.33107789319862113
ck_4a24ad61d017e1ba,0.028250790142344658
ck_dd9c5f0c42878e67,0.0057324097055489855
ck_821446adc95e6da5,0.007954243906872712
ck_8a4952de8a123ef8,0.132667941579142
ck_069d158665a53909,0.01665453218769187
ck_a1c7cf63467df4c2,0.0031508782457092734
ck_c6d2e11a368184e6,0.005039849060659409
ck_cdabe60ab59f9d5a,0.17577698525656965
ck_4610a073bb54d1b1,0.05153929989437001
ck_9be551300209fa83,0.013620358788691523
ck_1ccdc69d0bb712b4,0.019500412868344974
ck_3edaa94d28cd48ea,0.04531864238167307
ck_af3f74b1d75a5d95,0.01602253642096405
ck_3d139692c51b604a,0.06086684803744438
ck_7d51c86e0eec72ac,0.01676272584963829
ck_420d1a9c604293ce,0.015786628145136643
ck_59a9e000fa275e1f,0.06254803066482696
ck_700cb620f300dd47,0.011343474049896083
ck_569b83668d74042d,0.2652171009496687
ck_94f4266ee7871345,0.029716531367853728
ck_856ea65fa27d06dd,0.024679304911812805
ck_982b0bf2e2b6c4f7,0.040724004074911495
ck_2366b29ed9887a5e,0.035734740790420286
ck_a7b57882ab66b111,0.0052166045834533695
ck_e9a2495dea8675e2,0.02608453485537343
ck_37d47cf0f34574a2,0.014204458512239546
ck_8f43459991ea511f,0.007948009430271253
ck_ad6d48c20a3688a7,0.03625850588176967
ck_c4f4f28457be8a74,0.010146661055699275
ck_d1a1cf4cf61d6801,0.03690609824308064
ck_7cf301d075e4e709,0.08512612264934251
ck_0b8b7c5c581fd161,0.007220113866315511
ck_0ed2739384f1d644,0.004727896086372944
ck_ec4e597f17f473c6,0.01428709353268036
ck_aa9953c0ca2bed7b,0.01300790922610633
ck_96c7d52ba0a766ef,0.09529719100714014
ck_0593ae243a9ebee9,0.013294982345183125
ck_4424a5223ba2fe00,0.027125626445729686
ck_15eed0f5652f0352,0.0035702811687233294
ck_aefa0d8d933e0eca,0.037773241730799635
ck_ce1e695884511479,0.008291200935897015
ck_92d782bd9ce0d1e3,0.04623398304776135
ck_16d2d27fadeeacf7,0.007773279327064247
ck_9075432001a64e75,0.013230654792384056
ck_ddcac1ab765ff61a,0.01728188105474404
ck_eeca179341d56f8a,0.2983209527856835
ck_c8131ddc7ed33448,0.008497660190817397
ck_231e6dd1fe708000,0.022872514387242773
ck_bfa7ba218b988cde,0.032232983749797856
ck_ffe91d6f0bd93fc6,0.09636102366268774
ck_9915ceedf63a5289,0.13004857074791798
ck_5c87eea1cc07cc92,0.05677209980427123
ck_f1e0a006068aff29,0.01414528457086752
ck_5517b9a865960542,0.004843287878251965
ck_26df74feac7ec51d,0.03424010246217003
ck_c1466b52c0a10b93,0.04006946949394962
ck_25fea39897f2a559,0.006158403356129765
ck_a6e8e8f535b1f1d1,0.06346572532840476
ck_fe3b67041dad2dd1,0.01859560938222562
ck_96a9221a87be93c3,0.03574379260577343
ck_da1c853b0a061e83,0.03514808654691343
ck_2786cbc3e75ec034,0.0301025114640414
ck_ecf9794349eb4b3b,0.0384322290156723
ck_69eda24e931fb36a,0.0023079925361221554
ck_841f598bbd54c83f,0.03018499177561873
ck_ca491debd3b32a59,0.029339823028627685
ck_7dbe24ba01316775,0.05968172286659634
ck_c00e70606904539a,0.0010066698083885564
ck_354379de065a8ff8,0.00258461781195717
ck_3a0e0200cbb185cb,0.2582431392788969
ck_6bcfa37c717f19f1,0.03118105494502042
ck_5c82444b3b9160ae,0.022452163241982175
ck_dc3d8b5c17b67ae9,0.004973338993842241
ck_1c6820fc38135ad9,0.03753492154587679
ck_b667952253503174,0.020914342503507658
ck_80e5ea27848069fe,0.008681300213140477
ck_cb88ef3dc1f42225,0.016086488933639603
ck_e5e5dc431bed6f9d,0.01846039909619428
ck_19becd44f2c3d2b5,0.04866835031208005
ck_f9d8b4813a88c1e6,0.02310584405408247
ck_b75b936aafac56b9,0.00953441725401989
ck_e37cee7b123692af,0.01814707084471654
ck_3e24b026bc66789b,0.0014544385647159892
ck_91955aab3424ad16,0.023838222037274762
ck_be05447853d423a9,0.0024576405239451608
ck_6a17384072f904c0,0.017596471015709565
ck_a08f8dfadbdca112,0.02881423293072211
ck_a69084a068bcc8aa,0.24802720502069608
ck_da84a0dfe947fd3c,0.02372178132718455
ck_fc40a16adfced018,0.005929980393013418
ck_b6f2a2fd232c141b,0.32788748665859346
ck_fc2a6e27b10b10e9,0.01864603822162216
ck_182dc4a2f5a366da,0.018511762665046214
ck_e662b14b2bab23a2,0.05578214550321746
ck_c2608f78f6851d10,0.06189811766752185
ck_7262b4e0c29c942d,0.008863976738433045
ck_5f9a7ff990341bdd,0.017178678554392573
ck_0284dc2b4f856b3a,0.4805946709132739
ck_83dde7da2bf647ac,0.01958253390472393
ck_e5d1462846154a75,0.045349485006634174
ck_598e036a28262aeb,0.03197343919933284
ck_823539d936c55fc6,0.007412924553154568
ck_3865b7525b910893,0.028090204850669362
ck_eb3fb1106f2f1b21,0.03360407041136993
ck_8c748aaa4a4554f9,0.041712814122921264
ck_1a3fd2cc4b4de196,0.015710982850382537
ck_d932f98bf6b83956,0.03837021927002006
ck_586001d3ed9e7fbc,0.019513145712888945
ck_40780fc0f8d6f309,0.013431877670995884
ck_37d3e5c681a2214d,0.2350623408048615
ck_9e75c6641939f4fc,0.16321896845996128
ck_209f574c8d92274e,0.007305464848422327
ck_cf59f4fc0ea690b2,0.013398130555299412
ck_9f7807ed64cdb728,0.11029904230081909
ck_0a7ba51d626e932a,0.009346591251501663
ck_c8001bdb9aafc8a6,0.015661349886311012
ck_7d0fe77dd5ddb656,0.022387836174448405
ck_5b59e859bed5b40e,0.017252895119049403
ck_a4691b57f837d88e,0.02520380215038499
ck_9e3896c2668ce06b,0.013387869648821086
ck_3aabf5e0f4defb41,0.01456586240288716
ck_44e9a18a8645c9d3,0.036988753621733386
ck_80c0a7f54ff4895d,0.005840325058660804
ck_f2ddae2eb1cb29b4,0.03588813508911806
ck_3fa559c679751b3a,0.016905010115220595
ck_b4068439c413b150,0.0375276555811766
ck_0a4e191cd0a57ce1,0.03480290265501691
ck_58955542edee1adc,0.17159125681544055
ck_d1b0699d26282871,0.02274468773018462
ck_87abe9cd066a20fb,0.04477145876821758
ck_66f94903177f20eb,0.015048240408207077
ck_a89b66665714058f,0.005681531054391623
ck_9a65fcfc7916f93f,0.0012354256021702924
ck_dd34f0a844fb115d,0.17628931756108168
ck_7a86ef4e2beaec38,0.007914145104139795
ck_34a69b3b4a681796,0.11179708777198775
ck_517620ca16505af0,0.009326973958511842
ck_f792586ad0381eac,0.01906263914856924
ck_d3cfb3603f2c6ca3,0.039583889341952366
ck_d902183f80cc81fa,0.08273433023186358
ck_1658429acd5306ba,0.012183206590743387
ck_e988c108754cee9c,0.009302969509870926
ck_547090bf35a3b243,0.007330753151585946
ck_00a07fc2a9183c3a,0.0036599851771264573
ck_463937167965a1f8,0.015500941983014578
ck_61a59a7944d6c53e,0.4443582476382152
ck_f87d66946252476c,0.2570744587348537
ck_247589ff532f7aa8,0.0028437266610644167
ck_2ca91214c357c072,0.37871194926980845
ck_1eabc15a94bd9009,0.13540956363301415
ck_80b8fca67a14e0be,0.06633772327253182
ck_54459b45d2be8459,0.0014314040055897774
ck_a2299b4f530be0d6,0.20245707149966496
ck_d973444855403e2a,0.013446270795209669
ck_ec986285fff05b7d,0.021875368476262192
ck_e76db7d2562f9836,0.013268923688122903
ck_cd1dc68e441222b1,0.6912866945614828
ck_68f56f6560a7a933,0.0013324098695421764
ck_8a6ea4a79b1c7a8e,0.021957468375351195
ck_32430e678c4f9f53,0.008925808776714606
ck_23aab322810b9fec,0.008369045605551186
ck_29c11bd68858e923,0.008200382407614984
ck_ae8e5dc4b725bc25,0.03857548206383827
ck_18e2076397bcc211,0.024646097854431732
ck_687eab3ffe1f8cfa,0.019620236041736735
ck_3d4913a86f207fee,0.024209245254768447
ck_f9c4f8b4ce2691f0,0.017542159959497004
ck_d3885e286b3b11d2,0.08190759571015696
ck_2fa8f2577116e9ca,0.21309293556866318
ck_6da9c5912e15d9a8,0.11519441031135662
ck_aca35dbcb835ad02,0.12182502440635537
ck_fbf7351958ad9615,0.009896934945590082
ck_89a1a780144d808b,0.0456865184110615
ck_8f6cce9f69912983,0.007997697033489527
ck_88f27ab479063852,0.02171571434995244
ck_839bf139296b5cea,0.013140377754406062
ck_2595669e421299f6,0.0401063724082399
ck_7e2d6b22a0ae20c2,0.0869401611289176
ck_af528d66c86f0cb8,0.01895628421736207
ck_c19371047a2d011d,0.015655046820027024
ck_368b968b5f33431e,0.009199512435153738
ck_a7acd5b015823793,0.02806672627800015
ck_03f6664a96de7d0f,0.013097337848094021
ck_76c23726cd7ca947,0.005671880235772541
ck_d1e3de178601d3c2,0.009969800134354752
ck_850e2b59bc535490,0.025944678286992894
ck_b8266dcd90cbfa62,0.007536347082922667
ck_295565fbf77ef885,0.022346371027518498
ck_fbf630c960194033,0.24987952251388718
ck_f8540cf3a8b2f8c9,0.017208127524572875
ck_e0e90b196bef3c11,0.027064900780324384
ck_d96eb3cc55f2772f,0.011428593160668452
ck_5d038ecb3c8748a3,0.008515960124680496
ck_64796b6b2c3c7f06,0.03095916041745038
ck_283c5bea94b21e80,0.004271464237903705
ck_8395f004cf4d4c08,0.001342641830130027
ck_5d644224135d7c65,0.017775107085666018
ck_52e1418cf1aa9871,0.0208428918754338
ck_4a59f4e10bf45d7f,0.016019174928572036
ck_2c041b1efb1c5063,0.008429992759481562
ck_c93def7392f0aff5,0.0898696707707562
ck_70d19d5650ddc8f5,0.008971777149151422
ck_e14681aad43e1a72,0.016591124749658577
ck_3534be0f4efd313c,0.014520432668222082
ck_1d6990d94a4d2ad6,0.010978131469599122
ck_99021fe7225b5a68,0.12433276090806161
ck_5b16d67c5ea89930,0.019761283852130593
ck_933789b55361d7c1,0.7706869000168093
ck_3c02d4dbbf6716b6,0.015518875631483834
ck_bebea2cf3063fb24,0.018056605939807402
ck_60b023af6d1e30bf,0.4357117950356373
ck_d812eb6930192793,0.015992616879155704
ck_c9490cb61aff5112,0.0214354032850624
ck_cfb11a0a2325bff5,0.006461926719359205
ck_f0bc3bdee6bfbb94,0.027062622945631106
ck_7429b3f87528e335,0.006316634830244406
ck_c6fdb2972417c9bd,0.024242484381380953
ck_edfe8e90e8f4366e,0.006854938639278527
ck_e9b75ed7567a3f23,0.04988188423781224
ck_68be4fefc85a6b64,0.5208925972565333
ck_b21d8630387cabce,0.012346917171359061
ck_5c3a671883d58b3f,0.011127707793137893
ck_a892252e4e0c2828,0.008351909736355927
ck_546ad962d04b7de4,0.968176426873748
ck_c285a51ed6214f52,0.004026304663680578
ck_f0cf85b67a9b840f,0.015045427559672206
ck_87809324c2675b0a,0.019839273360057932
ck_8e5999c436cf037e,0.017736561717228958
ck_a9f700eee5d638df,0.02028911460993799
ck_8c582eb0f6c0148c,0.016589842253843943
ck_295bca29c34cfe2e,0.008014011754011589
ck_1645e6cc53fa99ff,0.0296908271439728
ck_0e477084434da450,0.02039613287331603
ck_66cfc1ebc9a513c8,0.006424670341941185
ck_35694db37f0cde7a,0.005736524087529085
ck_21ed2ea6386c5a07,0.024775729055745394
ck_bcfb7ffb7cd428bd,0.023057869281123435
ck_0508908697f60ce3,0.19390205691998588
ck_aed2681e1646a0df,0.04449240210611175
ck_0cff8153881875ba,0.10037743716043954
ck_11f9390a11ce9ff5,0.08134413552604557
ck_de8af660806b97b5,0.010339650327178622
ck_7f0c4f609673ef62,0.011135214969660117
ck_5a4d19f1b83feeb8,0.006718923466524955
ck_96a89e720176b389,0.020935670057493954
ck_6c26c12071c91ff6,0.011509428593774724
ck_337b24a474010abb,0.994536067114421
ck_a3a0bd59729fe619,0.010661373523092165
ck_3c08546dd0c92863,0.02198034886022438
ck_2a46b7ca55239413,0.015747217874695015
ck_97e56e6037024dff,0.014704461459927026
ck_a4ddac49657a4450,0.011279474295276358
ck_ec5ea81cf813597c,0.02313544716488968
ck_a059d00cee5cee99,0.026719105344419427
ck_babb95a76c69509d,0.13049230936735062
ck_a79a27767a02e31f,0.07931112791544864
ck_54bfd70022c66983,0.009428419646043762
ck_eda55c8fb47593d7,0.008496103647332505
ck_332ad134fb909869,0.009404962396119015
ck_3dee83fa2d109484,0.021686672163017468
ck_f77dfe6512eae322,0.028605755883836195
ck_66f9f78d4c6a3edb,0.03343381698172678
ck_0b0c93039f987abc,0.014413565981805801
ck_9ae904fbef56065c,0.05010247450720433
ck_982ebb24174a4ade,0.005341395528044525
ck_93892e91387f5103,0.06075484370787074
ck_7109923fd7dab20a,0.05549341583128058
ck_ede2e887697ffac0,0.02255571444019334
ck_670dc4910cf476c2,0.008293906434936734
ck_2e315f1b1e533dab,0.07614770674417151
ck_9b6ee35e8cd0b11c,0.017803521781615064
ck_eb9f0c06ee017ee5,0.025199412825668115
ck_a3ce05e9e5e32142,0.028018553443600987
ck_79b235d51718435d,0.011499377837433841
ck_e5f7b99ba6ec5767,0.09028972808401708
ck_e00332597cf1eb24,0.024289624479964324
ck_168c96a1a636ea15,0.012914603955665292
ck_1745847cd4e5dc83,0.034741714796860126
ck_a0714f98001efa0c,0.023762121781986053
ck_5f864d72d1eead99,0.1259432612969181
ck_472e0be7a3b533bb,0.034637283024597024
ck_42c6973d3a6fe983,0.010760968705718152
ck_d021fd497ea35fb2,0.04797893717776412
ck_ced9163ea85589ea,0.059724128695555725
ck_212380e0371d8a6d,0.013577891366536662
ck_fa0ecbcf9a33d6ce,0.025254016879471257
ck_50176dae5b1b716d,0.001530786708435562
ck_fb6e06ca88519dcd,0.011749432366460357
ck_0bf2e13b9f2601ac,0.04320458030652359
ck_01d840cffb870615,0.06183007247555724
ck_5b8315726f6204e0,0.030276592940579106
ck_0302f67d75973dce,0.01491536622221725
ck_126531a9126c17c4,0.010136558217242127
ck_9eb5b3f5f672c2b1,0.02195091425933257
ck_eaf3b6d11bc3cb11,0.017326836199157897
ck_4c7c50684827a2cf,0.34498642982866884
ck_3b92a46daf8d00d2,0.010647316130394482
ck_94d5ce61a0c50465,0.012837245110867538
ck_f21efd504faa654c,0.08522646335709017
ck_4d2159603045109e,0.006899884688574825
ck_e2f792fae128b18e,0.11390760386730497
ck_ca60d61cd4dc3bea,0.035973672125952684
ck_e4459115cd8e5e4f,0.01663561390026181
ck_aac70764dde15168,0.028051832808478023
ck_6f661b428d6fb8e4,0.031802186006159985
ck_b4ad165ace910222,0.026033840630662976
ck_938ce30c864bc7df,0.0149765412258105
ck_88774ae52e30e877,0.014927227538780133
ck_7e9a8924eab779e6,0.9933985151252928
ck_1eeeee651e05d535,0.023718359344582638
ck_f34fb7ccf82f41e5,0.012723937140569333
ck_3fb95862b70f505c,0.0453704239973094
ck_31199510b40602a1,0.005245893989461749
ck_e0f9506a6d5f4a1a,0.041724653791204845
ck_c30c5844512e429f,0.02484188887750741
ck_a97b481ade6f7972,0.07832977891900211
ck_916784595f028226,0.06320312223996627
ck_59684167f9c6bf4c,0.14305958597988386
ck_95e4bef65c36af1a,0.009094112286793089
ck_ba7b78d31d74c794,0.04884804937985721
ck_66949171b387bb93,0.023096249045364538
ck_084322dc5a3a86f0,0.012189849515351663
ck_fe3c1d0ac090d960,0.03198351671055859
ck_7336611650dcc088,0.02232937593613721
ck_ef0d702d7b0ed745,0.011764570156636636
ck_a27bc31eecd9cb9a,0.016464365110088284
ck_bf2228a052815840,0.025319676582960315
ck_9e3fbd04e3532f32,0.4645444205895145
ck_1757fcb0e6e3f88e,0.08385672909725142
ck_6ffa90143838a4a2,0.01994708487349368
ck_056d5f0301c30902,0.11112319301924245
ck_b0ef193195a2138b,0.009165475503498697
ck_65ed7e72f24731e7,0.05961486717140159
ck_90eeca1cda79fd41,0.01026243231848415
ck_fb2a35571ec719d4,0.14455799136908143
ck_4807726e797fb893,0.03697806702701773
ck_17733f75ebdea93e,0.04130791548905876
ck_c401a26725b17177,0.0036988489808934804
ck_54e581f71be5430d,0.006477492371717193
ck_e0239e6ae30795a7,0.009820434007600532
ck_ef059997563e3330,0.011215855700470852
ck_ae3b47d6e1063704,0.011080761687281478
ck_3759939a0205306d,0.03280619392818639
ck_7333cedb61506ead,0.007784909552101355
ck_b8e5244e650aa81b,0.013511426419676259
ck_7484c214c889fe7f,0.009125474333680529
ck_293581d879f6663b,0.1832762472322861
ck_49969a9abc47cb69,0.0474088889790478
ck_73e24f5a8da289b3,0.02751586997004673
ck_ba3a6be026c87079,0.02493069515593227
ck_b138fc249e659e60,0.010099627241911645
ck_5839f5cbd8165b1e,0.042737655176998804
ck_f9197b070416f443,0.005247903587251423
ck_67f3794d93e2dd67,0.13498720111758666
ck_765aaf42c5088545,0.021375534794181063
ck_e61c8721e3ef1921,0.0077088883406314385
ck_70bef9ddd4bab005,0.0068341109899971485
ck_ebc5a2c6cf88e252,0.036337691866292154
ck_c190c7b924edba75,0.09408255221155448
ck_c8a03c516ed5b05c,0.08587726244850125
ck_b53ea8713d32ca7c,0.009477728331830696
ck_07cb2b6f2a4303e1,0.04023601483738635
ck_2caf553b31831a50,0.009861422997547005
ck_21cac21fc10b7768,0.005834694601420363
ck_cc447fcc24a0772b,0.04125684905044163
ck_62337eccb1672737,0.06795017964325488
ck_d840db8cfe2ef6f1,0.0012980373198392889
ck_3b1d7648d4580bef,0.034069280547270375
ck_a378c58294001a36,0.7650523608348475
ck_23756522b58df5d8,0.010104612418718578
ck_1dcaa3078dbb7571,0.01238797465898753
ck_06e73afdec26aecc,0.18193602973650294
ck_461e3f7b97db8d16,0.07266917573556884
ck_a7f522382509cef1,0.015211389568977284
ck_a3cce46d15cc20a2,0.07540284533826119
ck_f4fe78e249092ab1,0.01793183043278446
ck_2c629c657f73941f,0.009629675351220045
ck_e107537a4cb738f4,0.006725480979818776
ck_7334a9ec656263b2,0.014281484962849852
ck_9e109edd124492a5,0.03357595938808951
ck_3dc378f37d0b74b8,0.024497659971088263
ck_c543d82e22b3c8a5,0.010018981138634581
ck_03d3026107175dae,0.01994156918628813
ck_946afc2943298d26,0.0023362293512167957
ck_46bc797b4d07d607,0.031778953464251275
ck_5cb9d7b2329d5ab6,0.027445128805630124
ck_bba0ccc6cd968680,0.03154232260313408
ck_d12d2924d0f7a64a,0.01033265158825391
ck_daefe1e2d2bc362d,0.019126900165954905
ck_0c0dde42ab64ef87,0.025583139781227726
ck_1422a7bf7756294d,0.9949906067379373
ck_2f138fce1171e277,0.049307243890705024
ck_66779098e78c1760,0.021013390150846696
ck_fe429ba3e1aa0e4f,0.011871302212932108
ck_b62276c3426d680c,0.007443125293620193
ck_2b8f33e22f939372,0.31051835824869556
ck_71f382d5e338daa3,0.009673838426496878
ck_df5aedb4118020bf,0.8215148466185908
ck_8e89ca8b39f3f8ad,0.047295571298078105
ck_b4384b6c11766ce7,0.09767975408384076
ck_de13de941bebc7cf,0.0063842585347456265
ck_54e2eb018d947790,0.008415358622429037
ck_466103ec5bd9444b,0.015086959689661273
ck_f5dde68f6f0468e1,0.010488843308674181
ck_c4bcc7cefd40f8e2,0.013256432587066665
ck_682262b455a9edd4,0.010247983778135773
ck_fe6e168cdbb46b9a,0.026940578422955115
ck_ffe2aa26f597e552,0.011067824064077815
ck_7f79878197340435,0.004979942980983236
ck_3fe86b6331ff95e3,0.1557965319620145
ck_3428910b44b9d08f,0.020424846657030715
ck_c1c2cb49c3c1b0f5,0.0920630098331606
ck_c20638a325ead2e4,0.011988573912047796
ck_352657008983fd4b,0.020980308840170228
ck_98e337806104dd88,0.009567759415258583
ck_0d641d32658d6e0f,0.012444593147668288
ck_79205e31223df2ad,0.023146681365858648
ck_09f8f51bfd2492c6,0.026251221119306296
ck_3303fd3f64632c7c,0.0945993354198731
ck_4c37586080edb7fd,0.004375874883770576
ck_93e0d6befb67f7a1,0.04886082156612702
ck_a76ee3b3e3e522fd,0.3470903055108414
ck_df1a6edaa3e6b271,0.0045984347415095085
ck_4291fd9c1161d8e1,0.038345164813296646
ck_8eaf9509ad9462a0,0.006073955712340018
ck_780738e0d71e7e43,0.03400879069565969
ck_2103399bdb2898a6,0.02735828957780747
ck_a7fcf7b592f68ca1,0.019717528242542925
ck_c39c6a1453e2b92c,0.0029485747470902
ck_4737e0d56c6fa0a1,0.022278065746561864
ck_eb6baff0f85ba936,0.024384994214163715
ck_0a993bc947bab61f,0.0230869808234369
ck_115d86fabde77b65,0.00817225408231895
ck_67858bc00e81490d,0.008869036992772732
ck_ba68841ca2ba073d,0.022015286911449352
ck_5486768475af7bb5,0.7711463604605073
ck_c817259019588d30,0.029946640199372175
ck_dcef7887a4f1e435,0.059107380800405264
ck_2737a72de6b700f3,0.012223188530783538
ck_074f20921189e7d6,0.005726539437505115
ck_126a82e8d42e5ce6,0.015990687992156777
ck_a980b296c95153f9,0.0034431656137096124
ck_9863bff41d24ce9b,0.0074489247512097
ck_11667f5b9fac7bc7,0.003199830713727141
ck_411219470d0a195c,0.010026391236757961
ck_396e9ea9a6c6d7d9,0.12373784830429725
ck_b60de9e97aad9e45,0.9042781781159054
ck_ddf787359d2b5deb,0.009331769553935972
ck_71044c29ef071570,0.002276177412373469
ck_744ffc11d32b96bc,0.02477416029237164
ck_51efdd240e34c642,0.05837437253033002
ck_c47e32c47f0e6578,0.10093637081750095
ck_4874bdec79f9106c,0.05325095339707628
ck_5d1e25d7acc5af9a,0.019393190887507277
ck_29ea329fa40ace62,0.027119885706967616
ck_a662b4bf900781e4,0.0027261811382348765
ck_192579ecdca7ff83,0.02092787071694995
ck_259eb102342057ea,0.030605180154708506
ck_3f94a34f5038f7c1,0.10094268650861304
ck_e88e86b19cada4aa,0.02158815752576352
ck_33ecaa7b892e73df,0.014148620028718582
ck_4dfa1c1e9b69fcc8,0.011178948886479701
ck_58fd684aa5a6f289,0.010339387032222584
ck_3c6417a233c68c73,0.025560447292927425
ck_d3a8333cb389f4c6,0.013605970381615403
ck_8572c5f5c1447c62,0.0672291803290557
ck_53a6a33060d5c8b8,0.011942887854890477
ck_7584e7bd755cb28a,0.01681306182664125
ck_edde1d7d1db24725,0.063412996941577
ck_78bc3f1d0f35ea6c,0.017261187808293773
ck_e06f6fed020ae014,0.005570518163459653
ck_e57c79eaab35ded7,0.10038788976972089
ck_2bf10be403849c9a,0.009957581897063876
ck_ce1b06623e4a815e,0.022768133927345093
ck_d523f0e50a2747ad,0.006887449987684917
ck_3d7b1078e2d57c69,0.003219374414324604
ck_e322da8b213eab52,0.0016886314234262588
ck_06aee5a62a67a84c,0.07112840718537533
ck_3e0149cdee4cb294,0.02969034761549446
ck_03e904682dc73bba,0.031223317573331702
ck_78730527f8ba1438,0.39513523126840316
ck_bab5759b07fe2bea,0.001225952228031951
ck_b864f64101149c35,0.09517385048553387
ck_2884bab237af16b7,0.003908313771025278
ck_c58d9151834f5bad,0.06871626425958823
ck_54b087bd873af8b8,0.011047587451562976
ck_0ac9114076f5bf3d,0.010132989212978309
ck_e21f9f96f597695b,0.02027121512468737
ck_8d501a0386c66be8,0.057289302197723234
ck_52e37e2170532e2a,0.18188491524545905
ck_073509af21dd7f5f,0.6704361653917238
ck_7dca4d7ee10b4eeb,0.006662325266400359
ck_ba7e347251ea399b,0.022689842128351893
ck_08dba09fd7dab896,0.040303242988855244
ck_c9d72140b0389216,0.06404433846392019
ck_a0db4ccca08030c3,0.11977436445289956
ck_6b255bf68709109a,0.20350602896754869
ck_ec9976cabc63ff92,0.02141803747927962
ck_0cbd3b27063d4415,0.0990561675133046
ck_8e139f8925ef7968,0.007877676389746811
ck_2369689bd795ee10,0.014121753846018888
ck_b74b9ba6d7c9aab7,0.1292425961347154
ck_130d3848b9dcdb05,0.014389424737775902
ck_0f743bd13373748e,0.0188619261772493
ck_eaebaf4d28400fb8,0.034743833013043283
ck_6a519bdac0d94527,0.014901960478374015
ck_fc7a9d0643570053,0.012254703125317177
ck_40b4e264d1a12b83,0.97655106025415
ck_6de6b1663f9457f4,0.022417712367826862
ck_9c9287cb28950eb6,0.011941480141527853
ck_95b48972061abe82,0.005764379769974098
ck_60f4fb44f5efe3a0,0.040594957691603754
ck_5debd55f361b2ddf,0.005127449907186078
ck_55f50a9ae2db8ff7,0.015293632036275644
ck_d69455220b21dc9b,0.017469113283756842
ck_77fdac602d0c6f95,0.09368894228278347
ck_e013d88ea7939616,0.028289089331359516
ck_266ce7ccf41ccc50,0.016034977304658384
ck_6bc0e5b8c0b7d2bd,0.05340428149514666
ck_a3be871ca22ac416,0.023442790895126388
ck_92de019e05971ce3,0.030732922566104767
ck_2db10f987d137582,0.051410250655931126
ck_34a6bd3be642f15c,0.021553813777702727
ck_4185506d12cf9fa0,0.01500607907701959
ck_6bc351a3d57aac54,0.011197199143179697
ck_3a469039a5b9d963,0.0037336779058591133
ck_13f2560c6a1ec62f,0.020943933901866222
ck_2d695f8358383092,0.008045359187792516
ck_05c97fc9de11aba6,0.14135043032423258
ck_23caafc2cd34242c,0.012026045839019589
ck_bf15a1f8d67a30d3,0.015003186666700223
ck_f8b6069d7577fde6,0.06182539176136139
ck_9e0383e1fb6e214d,0.11347035492487474
ck_703703bda38fdcf8,0.03043217712054848
ck_0084d8ab6b1044f3,0.007528064501247406
ck_b0ee3a98175b462d,0.012409616492526882
ck_5eec9ed855c26000,0.011301070163912479
ck_c2015a1200971fe9,0.022874646875505656
ck_a1e77090b1c6ccf4,0.05982408392056637
ck_c3f360c2d0ea0a37,0.0205481119362689
ck_b5a84c5547378c10,0.021406160039090856
ck_7b3cc6cc3f250f39,0.026445173888799887
ck_3a57a13ce032a6fe,0.012030214810853727
ck_6e8751b571ea54d1,0.024933439021890026
ck_c7e129058beb3ac1,0.025726321927294835
ck_a760d38d1bc4de97,0.01681445527400361
ck_3646515079e6be55,0.015375689035975445
ck_752dd3d2487f78ea,0.004442411290684897
ck_05f79ddd8eefaa56,0.011549217765819757
ck_66439e697695224c,0.006594377322931514
ck_16af4be191c47d3d,0.008185453048144753
ck_0f3de7f074bb33af,0.046598838249671044
ck_c2fc0ac460786d02,0.07939940833974363
ck_e35b2ed08b9e55a7,0.015523077970665475
ck_13648cbd306eee6d,0.009033686948454517
ck_7c418947124dee8f,0.04066679399839923
ck_5ab39bdc9610f6f3,0.8049535665221407
ck_8d5eda29a2cffa3c,0.01921380872011489
ck_f56200205280bddf,0.04554669760468153
ck_f878b68d66fbfd4b,0.00685391697347529
ck_3eb6146c262e0fc3,0.012121519085525317
ck_e1b1e7a7e4a15b3e,0.11149032437899357
ck_010d0c2e6c1657fd,0.047201203910088474
ck_149662b09d632e41,0.021046961907429006
ck_ddd6625c5eddad70,0.003064766275353619
ck_7c4f42c5397113b0,0.03439957007440747
ck_a627734880aca848,0.007735956841900388
ck_c4de808ae69c771f,0.008208267461465128
ck_a9812ff3c111ea94,0.03330924671050199
ck_02e5f9cbbbf2f078,0.0179114984104146
ck_c35d444e05799db6,0.025646157161931905
ck_5f3609511443e5a8,0.09548362744390919
ck_c0133f60d39b2fb5,0.017044422464667672
ck_9625a64406ea16e3,0.0445980543430541
ck_9aa899a5230b0963,0.017542356198231898
ck_6e4b99fb9725d9fa,0.01601487854783311
ck_8ec86e853ad52828,0.030298127575149707
ck_0e719b3a6906b8f1,0.007572174924090159
ck_c5b0f0d4f1655a20,0.035788238643803434
ck_94b59bbc824b307a,0.013825280281357204
ck_2c4be237a7ed79c7,0.01954406592952737
ck_ad9a18f58589faa7,0.08531060349384023
ck_d813e15ac91f487c,0.12443537072855208
ck_761989aa4c47d746,0.05779417607199682
ck_72022008a92c9386,0.04690600851498589
ck_f2c824d3473db24c,0.0069071898493624296
ck_139b54e6ccbdd7da,0.17911904423602973
ck_121db7ba3be29ee8,0.023598716819320246
ck_fd84507228467b40,0.04932597241830161
ck_8dd44eead7d765a5,0.04357830787051034
ck_de58ef6f9fe2b546,0.01999979746302741
ck_5567779d6ba184eb,0.013045740382393372
ck_c0dde2a6ef1e08c5,0.009393128572266617
ck_2d923d957ffd4d53,0.02554139253117795
ck_bf285dd49f372de4,0.010938683361707535
ck_cd6fbd4e8724f994,0.013921449638615418
ck_36d78ff3bc033ee5,0.007727885074457111
ck_8d87658a6f5d204c,0.5648794700790081
ck_b5c93e6d34f8d366,0.010506402003792697
ck_fefc49a2b8ad993e,0.017690120979959433
ck_6a0f8f8fa4a3c2bc,0.027664321385512922
ck_6031211ff118cf0f,0.010380638252135636
ck_a8382d8345f21e1e,0.003412518699591025
ck_5a540b75c866166a,0.008575680003292336
ck_729cc0b46cc2e546,0.07927084391359634
ck_b456f62b80e21557,0.002195458612324011
ck_77a40c7d2f862a32,0.03453862856525894
ck_2ca0020038bfec58,0.4766676917235841
ck_5c58e7f8fd55e26c,0.006820365945356421
ck_d099fca88691f66f,0.02602317311480423
ck_97c38e7f61c27e47,0.017555521116604855
ck_e794741742fb2619,0.01921930973005844
ck_24b53090faf722cf,0.005005754177092671
ck_05ed92a7c3e10e5d,0.0379088451052811
ck_610c7bcc1cd7ecb0,0.03581279425513346
ck_30dac0a58c5590cb,0.1364424057380549
ck_8398adeaf41f9cae,0.029666580458624185
ck_2973b8274f0bf69b,0.018061077807396405
ck_9eb1da8cd35a50ce,0.009964998175424657
ck_7cd0634a6e60af83,0.013283246157439487
ck_d4972a775aadbbc8,0.007296228351107611
ck_4a9a791a1d409a3d,0.031019881209211654
ck_498a0acd450944d8,0.015175994670174131
ck_84df6770549e43fa,0.002983630755835857
ck_5f52728d777ff2c5,0.028460013088346846
ck_73188a826b5f499f,0.012787744517633872
ck_202f0c14b07ace01,0.04947774398765099
ck_fec888a7108ca52d,0.9713825393748874
ck_d838491d3d4f5ecf,0.028550425070874408
ck_2f4f94827984c426,0.0066586224948181555
ck_a5ecbefa849ae569,0.00895291249740904
ck_2dd147ce6d61749f,0.015989871732679708
ck_ca24bb0de508efb0,0.029154099765684803
ck_985c9ca112000e9a,0.06689014918704649
ck_ce81ff9b8b35562f,0.03849830717084813
ck_b7c37d410b1646c2,0.026151287096950106
ck_a721f0d635fad68a,0.01433396501859804
ck_ed0cc1b1c28f9511,0.03961862003509912
ck_af39767cf583905b,0.03023749235375853
ck_c2d3ecd7278eba2c,0.0065635901349783005
ck_5d01200ba3341462,0.007625713916089517
ck_f253130dc3ca5b3c,0.007579798642303261
ck_5881b174e49b04ee,0.053039328447326624
ck_aa188e5c25f7f42a,0.01859528924111415
ck_98b34f2d704c1c2a,0.016491767296756235
ck_fac32d76ed40f683,0.02406259934735344
ck_4b9dd69946438d0b,0.013907292694593981
ck_32a495128395fde5,0.021292482844228043
ck_d5b8e74e7ca6355a,0.030097716087638733
ck_00d6730134a1eb51,0.031186958021822888
ck_f29471fe7c818d6a,0.15885736428232053
ck_245f5d62ead5ef28,0.01614591579917599
ck_3d83e0a3c1cfbf8b,0.01141366723705896
ck_73762038c7ff2f6f,0.038353528132841194
ck_f473a03fbcdbc4b0,0.07012913555499029
ck_60187ac2c473a662,0.9831797528380126
ck_41b954c7a948c060,0.05103412884540942
ck_291bffc7809f896a,0.04086533755115411
ck_d0982b4e0e118e4d,0.48563631862725176
ck_5fc90b4668ea81bf,0.046447543438911325
ck_fce0b6855886a0b8,0.019981778373254495
ck_7190177963eafdd9,0.017430497940104123
ck_934fb5064b6eefe2,0.0020271447189689636
ck_aebb42afe430e2e9,0.0074123329062560665
ck_ed26d906883bea0a,0.0215019355974644
ck_7f08078908599bd2,0.03596829178142137
ck_2df4854186ec515b,0.00831585822397396
ck_dab34cf6f0626c9b,0.0566849941954457
ck_e03a9d8ac94161d5,0.038860623785415424
ck_5a9d5f9901e37e31,0.01562700481127422
ck_47d3e8d1dd3fbcef,0.012569060234796765
ck_17d3022ca12eacd7,0.029464622180893966
ck_799aaf9f2b9ef621,0.010297350548874724
ck_b3dd1198ac5aea73,0.015169569477299371
ck_1747fcc466f0ae38,0.020598607932541382
ck_7f960541e5174565,0.010734663456012303
ck_79da63fc100830b5,0.04449856807558488
ck_298278a9da874437,0.017377953904568217
ck_25a1ea40b2d59254,0.017959058638498802
ck_1f2760764afa45e8,0.02195938714937769
ck_c98b16f9a72a6568,0.007117891993666318
ck_e74716a525ee5b24,0.013687651813272509
ck_588f6e6a6a6d93e8,0.020499006725148653
ck_f51fe59cd445d2cb,0.017083881000546548
ck_34b0988a97d96902,0.014152342400192275
ck_61fa051192f3e810,0.01641413369315409
ck_391639c0f13932f3,0.01632863363199506
ck_c6abd5d57b1009d2,0.008140292447675527
ck_c67f7944896a0310,0.022943278611221436
ck_5df6529ce8290906,0.0053716357539922875
ck_0e3f80c1553c591b,0.014093459138919575
ck_04219a7ea798db51,0.01784557749898222
ck_b05c4d33c4f43639,0.02625483948958618
ck_3420f2fd520890f3,0.007820399012691005
ck_f7bc569b37e8bdda,0.015970923444590557
ck_bc32655ee5ed643e,0.028794517897091868
ck_0b1d84252c0b46c2,0.004097768822231623
ck_fc4bfd6e739bddea,0.01900162923751889
ck_5249b223000915ec,0.02825249497445858
ck_e6a6caf6e7de17c2,0.02335076559342299
ck_6a4981bc721df37a,0.02913180342490021
ck_8f35d229b62c8f23,0.12469719026153726
ck_3db73bbe03c3d240,0.011600559550708846
ck_437f9ecd2016a1a8,0.016262322905151463
ck_5e512ef5362a3dd6,0.02668777846352496
ck_6eda4c36aecad602,0.0959274441152863
ck_2bb49dc2388cdc1e,0.038744637636853374
ck_35c93b2924900376,0.005218120135415424
ck_f1a9d832b700bda1,0.9788579256173203
ck_243b1b9fdd3f9a74,0.03546045904578544
ck_b3263e7f31aab45f,0.02574137791235566
ck_3b49768b448b071e,0.03154610033035034
ck_04fb61e5739642f8,0.36473646741683574
ck_900d62b3184378c7,0.014118039338368114
ck_371bd9388b287677,0.0038481710511759555
ck_129e39ddfde92eeb,0.004039414206122134
ck_e4c0fc52c82065d3,0.007157144789091141
ck_94fff69584dd3b2a,0.023577166205201665
ck_c2a5c54ad8d0d297,0.015043556181393159
ck_206f8e3cd72768f3,0.10286551462237828
ck_d208494cf5c90047,0.06290142141297138
ck_bcc9cbc9ed8b7c31,0.007149863527903257
ck_86bfe328e0a533b9,0.6918693697447503
ck_9e9a830785112a73,0.022412683785621095
ck_1b52590757c0fbeb,0.012568651555614969
ck_f736cffbdb82db34,0.00364010254382826
ck_98068c397d70dd3a,0.025645177767378964
ck_6b67fe8e310ab865,0.008503645873605843
ck_7743c9fe037d1f9e,0.04853476349538278
ck_2d28f14d3973d8fb,0.05839021019452916
ck_e3f1d85fa5d49396,0.02313748688758576
ck_bccff46fb0868454,0.16716155772714944
ck_7bda5b5b927b2905,0.06567682111650182
ck_8c6f059c95872126,0.043364365828674735
ck_2225b555aa2a42ed,0.017440560335307716
ck_2a09c7aa870edb6b,0.04399065225868852
ck_1c2dcae19539e148,0.043778027398414514
ck_cb1bd7635968ed8c,0.1377939253651118
ck_c3e37a4d3382c32e,0.017146469498463993
ck_77d9f86dcf251739,0.015724777943303382
ck_34f9951b0eca1965,0.045923485076347796
ck_4108b4038f762817,0.023923782533799263
ck_6def9d0429e4ed4b,0.09663349184817434
ck_4c840e5585a7b167,0.3421837900606636
ck_ed01be7504dc4187,0.021176302230157134
ck_4c6ea04ce8ca9e2c,0.03854938759303726
ck_c08f622bcd6de6e7,0.04921685271340787
ck_d7792b429620fc24,0.0026907884119369654
ck_38abb60995114f8f,0.04177739176798696
ck_884b2e463ff1d54f,0.06682664606094137
ck_dd882323474431d4,0.1091227933199621
ck_5f217bfe28954e75,0.7676390462631068
ck_4af7b97c24d89a45,0.0169843785153987
ck_c729d19053387be9,0.040056643455647814
ck_cb856e75c949b0cc,0.00406303359395496
ck_c6a7bbd0adc4d5f3,0.06403000196131008
ck_9cf44eb0237c2429,0.061427740920406156
ck_d654449f9231ad76,0.008346383291697642
ck_c91a628236baf91b,0.08805737002973608
ck_b5e4c6dbbed1b773,0.01567832853888898
ck_ce1500a7f0d03fba,0.004079337685866972
ck_d5d225ce41a1a762,0.01761663669691126
ck_1ecd5516c92caa4f,0.00624737668754739
ck_bdb966f43ac350ee,0.05904535077226325
ck_66accecabf3901c0,0.05605245105292399
ck_bed50fc64fbbf8ec,0.011788104542941038
ck_6276ece8f80ea799,0.020017214937693914
ck_66bed631354de5b7,0.0033786120902792763
ck_3f7c870510083a51,0.013766510825610007
ck_2cdf5fd97ba75e06,0.11375859265922468
ck_0af57ebaa45877a1,0.0020112765778213674
ck_1aa87cb62acc0ac6,0.008885291219265677
ck_b1cbd6679c0f8d95,0.00755328943875532
ck_8247b79ac67aae7d,0.023924866757431083
ck_d6f27eacbad310f4,0.002941907204715838
ck_fd4cf578e87703ff,0.029865690174451478
ck_68914e67343a7d32,0.017057138698879863
ck_a477654d34783e06,0.016279932260605836
ck_1e51199a075ca0fa,0.011560199643541942
ck_098167eaf124c279,0.04385671532961579
ck_f0424b3b36bdbef0,0.029087854676471892
ck_c18245be844680f3,0.041396966661046704
ck_9e5b7acf51b1b743,0.013447485535960306
ck_473d6314ea614b29,0.010662027446278444
ck_64a02b7b96149810,0.03437649231124914
ck_e839d104854945f0,0.008198608675970961
ck_bce253d2396681a1,0.003448943569155316
ck_b6675a04df1a4276,0.027524465826551003
ck_a31a64a39a2c4941,0.008673541777407891
ck_432cc19c7eeaa46e,0.02264994699139568
ck_e2aa7be60794593d,0.14177038373673898
ck_01e0689157fe9617,0.03437522981880181
ck_f81a97d350397306,0.034534711864112125
ck_98149ed45d38c4d3,0.0466332574038374
ck_7e561caa5fa1f3f1,0.039987471086572066
ck_bb303568b6915205,0.021687616157238628
ck_b0ed11080076e381,0.007092283106683529
ck_9e21ea33018ce538,0.011032100600851205
ck_27b07021500ee841,0.043108207490025675
ck_43c1248db37a2eb0,0.003989306033138454
ck_9c9884b9bcaa552e,0.2241416567739797
ck_0c1f088e17e46daf,0.018434920565045403
ck_8d0532d24f1070d1,0.004665020899815223
ck_02028b72f26fe855,0.025557149062733372
ck_083e4ac78685c3bb,0.006327908489304192
ck_9441d48a12e8a4bf,0.014819918137777456
ck_9d64187c0800f84e,0.03270323557244333
ck_a6c7b8d6e8596d4f,0.031198180795094843
ck_272ae2179bbd8e58,0.005902603075500916
ck_1573878386886290,0.009609211113199003
ck_a725d7aed2a0bdc2,0.01151960217897959
ck_64f3bb17101b7c42,0.012587622331724049
ck_494954023f0eb309,0.08574734154528349
ck_14436a409ebcc90f,0.017076165418131294
ck_f7276091bf513d22,0.012179581469420723
ck_e83409471d2b0b44,0.019020141720173342
ck_3ed9e081959b2f5c,0.01207459067149074
ck_23981a3261674131,0.012405668070123116
ck_6d64e1c07b19856e,0.0475322886724545
ck_68b5542459638b56,0.09104298854209494
ck_8dbf61df902a6bbc,0.018094055365842753
ck_47e1032f490bb018,0.01826297776475533
ck_59be61b53d971611,0.01163482913822815
ck_d4febf0083800424,0.1416868772518965
ck_9a84b396aada3fa8,0.21799516456383247
ck_e52cbcd9aafd26b2,0.007306589150813222
ck_0e5385c70c6de025,0.04932114317408549
ck_0253b3e7be021306,0.017944097344849527
ck_c0c4be3f44311b04,0.004612813917391201
ck_b53e88c0e927d896,0.014386224352671765
ck_c9eeab826781dc91,0.011784897978933912
ck_fd038a7d33a9d6e5,0.05345384577216942
ck_e6465c56b337e6c2,0.04082494217950422
ck_87cce4126e215153,0.006859323587376654
ck_8c8c98cc694ac900,0.027127778136633213
ck_faab769cce19879a,0.01566852468693432
ck_1906f0dfaf6e9bad,0.8508861653648332
ck_966901ea9c77cc02,0.00884400598485775
ck_615277c8a4e2b18b,0.007322832775014099
ck_3b74512f774a6e5a,0.02874229083242166
ck_8b3401b44aaae728,0.014954343917920712
ck_1f7ee7b23fc6f2f4,0.01443628482532705
ck_bd1bf9e3e29de281,0.06987404256509351
ck_05d81b1a150f31c5,0.009631454249493023
ck_9949f53c155b8dde,0.006173716067518349
ck_9a1e3ec9a1839939,0.01715227096264766
ck_0ee6965e68efc177,0.012061463491821175
ck_16541fc15683e21c,0.027576036974705547
ck_142c00f9f8557504,0.015827869884155115
ck_63743141ffa11f45,0.0090709970935288
ck_16dbafc035574654,0.013420766362861615
ck_1ae460f331e49ae2,0.02158383849557163
ck_0b20bfc515ba42a2,0.009610177975903663
ck_0af5b7d128035b35,0.004169420763493389
ck_2cb763a881aee27f,0.003223400010154337
ck_3ce7cad1f69b71d6,0.010021080908587358
ck_c9e1e3229baae708,0.008507073255787057
ck_8452b6cf97c65a5e,0.016899110115193416
ck_d27b872648b71202,0.009326011649283124
ck_f2aa1b677619ab19,0.013216194021860247
ck_793048d11fb8b328,0.09943318726957176
ck_3e6833574edf1736,0.016481276909819535
ck_91a16336ce3217dc,0.02483289662546424
ck_baa47383ffd50f04,0.015372680326679598
ck_b1ff9edc51d42f97,0.002030570680753715
ck_c5d62b2b7a6f3bac,0.5543093205554296
ck_2139062d4569aa07,0.03800931985520097
ck_7ecdee2d7127be8b,0.08652532140691181
ck_c5eefc0697451de9,0.06327429783105014
ck_ba175b1bd8efaabf,0.01759442559915159
ck_d44dc3839a195c8a,0.24898952773816
ck_f01be92dc78a2dc7,0.009454727156279558
ck_609c249edd88c565,0.008732347801279024
ck_1d40e4fc541abe93,0.25193013960556715
ck_2dd39723c4088b64,0.009351725049829573
ck_748af92828c9d288,0.0359656934115131
ck_325caeab5c7a9c3a,0.008182584000826842
ck_18bc51bbf3ef198e,0.037334978351350405
ck_73c5371635aca173,0.7436156805024627
ck_f04938570a154de3,0.007819267126637528
ck_2c6b174b063ec637,0.01755313118972286
ck_af32a0660090dd68,0.012062630579663806
ck_be86a1db08dea456,0.020252653733832917
ck_b5e54e22e3d6960a,0.009942853609991587
ck_edccb5a93b741744,0.01018761320613311
ck_93776b0c113f41f0,0.05941241482047205
ck_41ef7967faf5ce82,0.0050806751242949725
ck_83a69c4a5d55ef19,0.021912870755908573
ck_31fc51d5a3dfe16a,0.060967887553292355
ck_3a8ce1cc724229b8,0.00800189249971794
ck_50ede3eb561a202c,0.03103945235006619
ck_469c17407d17b706,0.018524518923112916
ck_ee387f9da79e67ea,0.016361539766111915
ck_243c18dbf150831c,0.052075264698246505
ck_828eef2334e17b3a,0.005159365553671308
ck_c40ffefe4e30b001,0.0394951600149353
ck_2c44ca550e5cfa82,0.02881162528757681
ck_eb1006e7285184a6,0.030977121482104183
ck_b6673bbe61d2680d,0.029384331747062807
ck_ac79c72a8fe3fdef,0.06954864592114995
ck_f158d9e5f101bb35,0.03181890877097368
ck_ddc865af1dd5670e,0.020158530865295846
ck_a99e0c258ad7576b,0.003227545423572409
ck_03c4fa4f3ed3512e,0.013462187449479851
ck_6e8f8ef7a03cc6bf,0.01332643074885212
ck_d0c9633fed57c344,0.1630043032062713
ck_093e3a7134e11d6b,0.012697004018569508
ck_f0c44ee5e3a42e3d,0.10427481376987806
ck_d74b2ead8aaa3f73,0.024950644695127394
ck_aa59702537557ff1,0.28966736745618277
ck_bdee1221b9addff8,0.017005422289103324
ck_7f0cd6ea3096f985,0.01963590535290397
ck_e0ccfa0d689339be,0.0023877064211332033
ck_9528e1d6b1707870,0.020897532328136664
ck_22b587c18363899a,0.012544843728196177
ck_7eb4f33260f1dcd4,0.02015597514771306
ck_c8ad86806b9a2369,0.08060529272571978
ck_d5eb179dc45394c6,0.03209182951296882
ck_e57b94fe57341058,0.011572613150450337
ck_76ea90ebc74bcdc7,0.012854587485661874
ck_cef2a485a77e0723,0.0044392332162035706
ck_4863077723cd6ce1,0.010303691777006928
ck_a50621b5eeca84b4,0.007981447436368205
ck_ba6e1115fceaa067,0.026552251261879104
ck_879cc3166fe1bada,0.018851445172791748
ck_8ef1d05cc1e53e7e,0.017380122382012773
ck_79ba8e85678d0224,0.03198662022518504
ck_259271c70f3fbcbe,0.019995677282969335
ck_4b123d6931b6d0d7,0.3230997653093581
ck_2d1548f1ee405cc9,0.07085077417230538
ck_0a93ed76bf36c8b6,0.030085224876556033
ck_66d38518f68e6194,0.012224635090196022
ck_b6cb8d6ae828eed1,0.11642119034530811
ck_73c18e03e3c7612e,0.005535140677491566
ck_57f17254e2688637,0.022968510586296117
ck_5eaeb87bf6207406,0.9792679983845931
ck_bda299466bb2136e,0.018075090020716375
ck_7ce768407fd48321,0.01350694710382799
ck_f17ed7e0fd687742,0.06203143975176422
ck_b27a9e39726b26d9,0.024645801643054292
ck_9eb80edfa43203de,0.015225284852953904
ck_a46c1773f01f0be7,0.15868935277225693
ck_2d9524787cfe1ab3,0.45750809985575985
ck_4be03a2aa62b93c7,0.006263935734564816
ck_ec094eb1cbb3efc5,0.013159989413147498
ck_d61c837b0106085a,0.08120658679531496
ck_bfc453eabb472f91,0.021071535071168997
ck_7a1782cefe26a456,0.07482123185870677
ck_b0b9047dddb1ec84,0.013933011796498083
ck_8129e81cde280131,0.015746083482016976
ck_0d2901bfe585c391,0.02182600438663609
ck_bfa17a0b1760e616,0.009714520836044812
ck_c58bafff7b1955cc,0.02289044865066811
ck_beb97e498e6cf8e8,0.0365417314146508
ck_3398551e81dbf3db,0.04041236909811
ck_d84b5403da4cea7b,0.03131996529743411
ck_905e460591d9a278,0.15841332567195435
ck_45e70c8a9686580c,0.05256975575080135
ck_bd771efb4a7e15d0,0.007810933288637653
ck_15ce50f2704227be,0.012689346807918564
ck_c0b744eb9e7d4eb7,0.008804068965863242
ck_323b9cc5c49f8ea0,0.10521110398125924
ck_1c17c65804f8889e,0.0074696744927224765
ck_84d62b8196da2452,0.03532440061729615
ck_b9485218cef413f0,0.018583387482874726
ck_d3137f0f7629040b,0.0027415762751051907
ck_90f6f5ced708aa75,0.013616561690496885
ck_45cd5ef6b359e9b4,0.005859090012633267
ck_e5e2624b7fc89774,0.019215263531956593
ck_232325ef6bce92f1,0.015081583220621777
ck_1dfa91405d7e66bc,0.016743468341102304
ck_e967ff05514b697b,0.09329603417735959
ck_030cf09525dba4ba,0.008856643384392156
ck_ab581082e8f72e3d,0.003894736486851415
ck_0414507baeea936a,0.006741919956148235
ck_7929284327667791,0.06511455543167426
ck_d841eba8906e9a15,0.0037429941344261464
ck_8c0210322733c718,0.014678086559771826
ck_8929d2eb09872052,0.19370733151442204
ck_ca54b32fca7e94cd,0.028095757315646775
ck_520ec32c4f253604,0.03201409682294411
ck_33ecff7914349ebc,0.013019704479921911
ck_cdd2ebeec75bfa69,0.08613923616453491
ck_a26704b5b26258b7,0.023172582002464668
ck_a4258806a533efa9,0.02350679733059089
ck_2122f201e65f76ee,0.009686000476977203
ck_43dc13b6b6d31297,0.06119953747922321
ck_f7e53af3c91fec64,0.05450334721549703
ck_0308e0602b856445,0.03303882307419162
ck_b0a947b498e47018,0.016705770155226698
ck_bae8dae7cfd8baba,0.009206236913012736
ck_09a988ebcf062297,0.052536069409358295
ck_e37196b20968b73c,0.020923240579886544
ck_a95afc7a00303a26,0.06488691148359932
ck_1411a80a157ff39c,0.012908866045228028
ck_87c1d0a79e79c84b,0.01325378595429885
ck_49886ff1e2c759d6,0.05030778985782289
ck_d1ea4bcc407c7d5e,0.028659526712663152
ck_9776cd8263a9f415,0.048336077268232684
ck_61d244b2cde483af,0.020995845741425136
ck_5e021f2a3b66e256,0.026587858950202034
ck_e0346d5081e640e8,0.03761081941040117
ck_170c65860e2a7e23,0.021347515547227882
ck_cf2ca4f286e289ba,0.04262906211699298
ck_d115ac6b9fd62a7e,0.028122614779129387
ck_c49f25dfb39909cf,0.03206942457448303
ck_9e65a8a2f587691a,0.016016486008135523
ck_9c5feef7647b0588,0.01521037721971597
ck_18ddf7e836256e3b,0.010608548930673232
ck_ca9d86f65cfdf018,0.06133363491234578
ck_8d0cd981ed3a183a,0.022085823063563062
ck_397d5fcc9972f909,0.015654383145489118
ck_aab23b5470469649,0.026535173709059574
ck_7df9910af2bba21b,0.012630920441296389
ck_4d1baef193cfb900,0.03633028991159524
ck_d75f25184ece2b51,0.025952331014297992
ck_12107dacc6d05bd1,0.03761910557897599
ck_6f8102f62c876cc9,0.04274296597970907
ck_f01af1b0c977cc06,0.020609103592966062
ck_398a1ed77b0130e5,0.015356284843551456
ck_f29dbbfdd2786bd1,0.008342348753440207
ck_638df9e8a22dfe0b,0.019379131766700246
ck_d451d24c780b5884,0.017428235998718334
ck_6f730b77dc6cdb84,0.10075649245311523
ck_5e98ed6391d9f429,0.08996820904950888
ck_04e32ee9834c088d,0.16523142997629753
ck_08a6d4903a7fbaca,0.011027162373215391
ck_d229dfa0e4442628,0.01448244256271772
ck_079bd18dacb704a8,0.11139455752731538
ck_a5ce2ae36fb410d9,0.005676065707300715
ck_d263b55f0a681cce,0.024082316544367998
ck_d979ef95ee44023d,0.033489610876189485
ck_3c25029e40aa8a84,0.008649862353657603
ck_1d96d7fd65f208b2,0.012551648202317483
ck_f6c42001b84a10cb,0.10634223856764455
ck_a73045e96af0e4fe,0.010051626902374315
ck_252b0a0f1119b220,0.014359046385639276
ck_6b97d1ab90f6bdeb,0.003953588600415454
ck_35f8656bf93e3b3d,0.010868686065155286
ck_fe0a9372c9372de9,0.05805935718391073
ck_9ede89e8a43c3f53,0.14335497745497625
ck_7b1319a5ca2f63c6,0.9127263810598624
ck_74a4244eb1f162e4,0.0026846778152856397
ck_90456160115f9ef4,0.011970392928922668
ck_416f7ac57da081a3,0.028968637291483953
ck_8342e08cc2f9bcb7,0.015871622253177037
ck_c10e54c9db29e6ef,0.9839707413945744
ck_97b8e05d62abdc14,0.03401522544137455
ck_4b387765f0e916cd,0.007766138890560383
ck_e48d14d5b70ef5aa,0.0220005511640659
ck_329a73dbd585ee09,0.033557511673632766
ck_5043e474f848346d,0.02423817406908248
ck_70b9b79ea1aacba8,0.02385518437451199
ck_8b24eadf6c72b30c,0.12776183932507762
ck_f4f6f0caaab70040,0.036773064355290735
ck_0ada6fed1864e7c4,0.04103269976514467
ck_20541686a94fb71c,0.05105656048719258
ck_e1ff9e31becc27ae,0.02926199946964121
ck_4a103f8254b366f7,0.027224177757269385
ck_e35a4b4a3cb4cedf,0.00553033855937844
ck_cdb8061d8d1a6c5f,0.02184280483484586
ck_011551a596544f5d,0.034095817002150135
ck_785fa45e86bc5e95,0.017029548285111877
ck_b92b11d205af91eb,0.006069380266385183
ck_7c12de74de30b788,0.08807074102377466
ck_5de33a7a87e9aa62,0.045279389556701424
ck_3e2516a3e35067e0,0.01278959265037903
ck_ff30dda2c881a4bd,0.055548491682656014
ck_1a319e509f1efa1a,0.005911484924060662
ck_3efb0e9bf25612c7,0.00616557972993386
ck_3365a0ad1a8aa83c,0.003108871584446823
ck_186dbff4b24a3bbf,0.19331495444979435
ck_ddaf228487858bb8,0.1265417072429066
ck_337c5684510cf432,0.04400028112584362
ck_54b374ade34e1dc1,0.024256269081632992
ck_687ab5d5554bfa79,0.027910677394827364
ck_b4954d16b9749829,0.01807892582732078
ck_53c8315b5c30acb4,0.018033674001062816
ck_8a5a57858e8c77f3,0.02178014662199589
ck_893b8afbe11301e1,0.004215314738086945
ck_3019afee83342701,0.02243765163900277
ck_eef67f8dea702338,0.041667566932881706
ck_fcdb4fe2f095fba1,0.028294763582386157
ck_4a0eae220a762ac5,0.0261419183572408
ck_9ec7f334604a228f,0.018629771297115603
ck_7b59d22cadef3b05,0.08929801214751658
ck_31c54d540b128843,0.031662116066081825
ck_bfc82b3c1c9f2897,0.5707359389529919
ck_01eb24c18ad11fca,0.10713970995160886
ck_767947540b234add,0.016380937232570118
ck_4672167d7c989bbf,0.05004105244139601
ck_aaa9861c91bd14dd,0.011106485466871223
ck_399e45e5fe9beaee,0.32026014706127476
ck_7c7ca54969eed187,0.034385485625104455
ck_fffa0622344a36ab,0.006392438491983374
ck_386680372fb54857,0.04323479922687559
ck_3199b471575aeb3a,0.005740962126859357
ck_9a4967cdf49265cd,0.16573158881320618
ck_0567302c57a2417e,0.3447572427344802
ck_16077934338472bf,0.01284757403043186
ck_4ec040b9e3785e4a,0.024491466890208424
ck_a2cc3910a641a808,0.4961023833216284
ck_6343e0d3b1c2962b,0.030105760414224716
ck_28588fb03b320520,0.06189409738067211
ck_431118050b834dcb,0.017176365583583736
ck_475ebccca25e30d1,0.004456315437586974
ck_549ed417f2834cee,0.1404857406571193
ck_1b708e2a4a0584dd,0.02502398733418234
ck_ea618f720ff0b4b0,0.020310296045509078
ck_0e13c4f73818149b,0.020149419204774765
ck_64eefec062592c43,0.005198275514193344
ck_337b930fd149a696,0.009075953316409223
ck_f48acb73a5d6af07,0.05560889237464036
ck_651e076ee43aea85,0.017571738942988042
ck_bc61c59970f8de49,0.014159030451853604
ck_32eba3510c8eac5e,0.02167093232489736
ck_ec8738ec663cd2eb,0.00954370133459207
ck_48011996d54855ac,0.08526955598874172
ck_74e60495f8861156,0.0197520962103135
ck_b60fb9a10d6f4489,0.045592000594401605
ck_5df85a8924e11f27,0.03565724750372873
ck_61fff5fdaadd394b,0.01786600279043021
ck_109fc467ec0a4af5,0.1384185166359821
ck_cf78169633a1600f,0.005181938938522998
ck_d960af7a55b892b1,0.011187615332252624
ck_862c7953bdea48b0,0.012030960272404074
ck_437afe412ea4259c,0.0406758406252503
ck_7373d7b04c7799bd,0.027199043030453552
ck_c0389ebeb0e65cb8,0.0027184404270789633
ck_8347455ab53ff620,0.002691477251200422
ck_b25657bd16739036,0.006576496672297161
ck_90696b7182dd9129,0.007986267652000976
ck_7eebd0e6ad6c070e,0.011345738011929105
ck_05d44eb1f5f085ce,0.013190289481632209
ck_4f05daf1cf0d5755,0.010976651540093864
ck_78f01d78ea79642f,0.015351471671772317
ck_7baf1e55db0dc558,0.030721490358007496
ck_7cdec61e1c488798,0.01030368762524879
ck_3c3a1a1365741bba,0.03157760881332899
ck_4c25570eb72711b8,0.01959367569862265
ck_9800c21dfbd8e811,0.0666269260083699
ck_bba413492dc46f2a,0.010521357290295807
ck_1af2c0b3b8d202c1,0.0017434110174584566
ck_e04166b0ce66393a,0.008790936590768399
ck_4e9a6f06ab134102,0.017910170721074693
ck_007337aa99a4891e,0.00588501657963833
ck_9724718fe64c6557,0.9933999382065667
ck_397c03aa33a57310,0.2283551127551361
ck_b4dcebc543deaafb,0.03435302433722336
ck_d6ea026357ec6477,0.01355782948700414
ck_a9e7f3b2d5dfd97b,0.004009244951163126
ck_8432ccec1a4ec7fd,0.9895844415960675
ck_57d0a7eb7eae2eaf,0.046954338067892
ck_b22e3337b8e3dbb2,0.0013379039187776732
ck_713649668a7ca824,0.0076200650529357735
ck_7afefa349b960a3e,0.012086391590997031
ck_f71a4094e889c3af,0.012823800336484364
ck_11f85bc705dbe036,0.02919444705328474
ck_27f20337bef5ffe0,0.034973486863465714
ck_36789ca11459131e,0.01011496205461393
ck_dfc8f5c141fd7c63,0.03192166391165514
ck_60557f077abc42ca,0.08673972238792552
ck_a0e5656e1cf9cbf5,0.006239094278826071
ck_56de216eda6b7fa6,0.007265403016591751
ck_bc273f3ce79f7e1a,0.006538279450548072
ck_244b897bb4d57c1f,0.011675811078829914
ck_ace21f6daef94f6e,0.003242416381671725
ck_4199342d3aca74e8,0.030119620874665035
ck_7977135c2ff61e92,0.005235085778632691
ck_0fd826fad7ec7cd6,0.07917022413339068
ck_2cd21137a07fdd7d,0.008364488253106069
ck_9bf3ce30b65f75c7,0.04183709918879668
ck_2bd73d9098504760,0.0364372290190732
ck_558a82590f65df69,0.056410051634082366
ck_14e58c3fb26a2b4d,0.01968976985279896
ck_95458880a54df0b1,0.15894176750739042
ck_819bf3e8231f4081,0.02860899302388085
ck_6ba091eb42ffa9fb,0.2644119691790533
ck_2d3d7d64a6f443f8,0.012509338981401955
ck_bf47375e41ca3bc0,0.008949544027880667
ck_c7dd84401e29a7fc,0.02418598934162956
ck_46a8db16ad00b749,0.026545318078452163
ck_29fbabf855cabdff,0.009359179226387704
ck_c82364d87875a1a1,0.035717091790118026
ck_8955d7b9030d5eb5,0.004522940483826083
ck_a8cac8d480306839,0.008956535051151623
ck_4e9fba1ec54c3ff8,0.04380655985465211
ck_a6c02ae50932cd9d,0.030020042111525497
ck_fa24db9d416ab904,0.014431440802906903
ck_7560f1891d66f294,0.01953018212539666
ck_bea56db7f3e930e8,0.01053081369690578
ck_2122e9bb1afffef7,0.01169622597638734
ck_07a5610ed28162fb,0.01164439557233603
ck_7dff6abe4bd644dd,0.4886022596940097
ck_9f5f81d771146aa1,0.01218177940748654
ck_541b6ad5d2fa5a39,0.02116645582926762
ck_ed9c56fdb9f45ddc,0.5649742392989812
ck_74991a9e85c3b07d,0.016539915326681687
ck_ccc7916b56d42195,0.01058408844758227
ck_764d40f865e710af,0.02120884661999491
ck_23a016cf6b98d89c,0.030304669364038066
ck_affa5aa0bff9bb0c,0.01584272132318215
ck_d3d5b2717cfc3913,0.0595765217681841
ck_512ebe97c0af94dd,0.06980759806201223
ck_0428728df24cdab4,0.006001042299318201
ck_1bfa8abdb22be8f0,0.6281887834757037
ck_d0e95b90ba86da10,0.017043157898034834
ck_bf6fb7e6470e95cb,0.011586182813356626
ck_eb224c0fd146253f,0.024837051832723105
ck_0063d2a9507467e5,0.0032253895629681677
ck_b046067c6ca3831e,0.03705781527013522
ck_248b3659a9239240,0.05201846270699477
ck_0446920a1004c596,0.009336899047980594
ck_aa9b28e7fc43af79,0.1354432028147294
ck_9b2b0e286de78a1b,0.010991137799388881
ck_92d679d6ac7dcdcb,0.0799293813588949
ck_ebbc9418cd41f692,0.007547966860806917
ck_c2ed04a9d218410b,0.00792423561008889
ck_150a1108f936e6b0,0.005923519533673929
ck_0d40961e47797027,0.030627668934336258
ck_57658eda1c59bc52,0.0007342185556975987
ck_720776a46e56dfa8,0.02185426277514218
ck_3b436cb29af99f3d,0.030558249858367536
ck_77c0fb524edb4a94,0.03168385673252726
ck_d68d42858a55adff,0.0459781361540941
ck_cd0e76f0e7bb38cc,0.03469481199240163
ck_adf84b9df54c3d80,0.04289213020228877
ck_fa00aa0f3e859904,0.028647837717818016
ck_bce5b7fecfb6264d,0.08122271199188785
ck_d8116c34302021d7,0.005362306537146017
ck_d9ffca35188e49d8,0.01624150592943049
ck_e842fb0cf055a83b,0.06314149432856804
ck_37899b1b571b1c6b,0.012161428716721993
ck_6e44024e9de301c6,0.007020948031334637
ck_2a2c336a69b8d68d,0.09740002182102313
ck_5c7ad6e731b69333,0.31712915172199746
ck_fc8cd8a8209e802d,0.004727962290509431
ck_74d602c907ee9119,0.005699483331708118
ck_bec8324a3587ef04,0.03613817454666948
ck_8f4b384955bf57c9,0.0015584685235201345
ck_3b810f15ca0eaa55,0.010162832567961189
ck_0ffdff7b2f5fdfe4,0.06021162165527864
ck_d32fbbfe32c00416,0.029144124664647057
ck_2d177b2f4f0b40c9,0.12861330535463436
ck_e679fbf4f4f4aa07,0.051603132116652066
ck_dfd4e79aaa967b63,0.010070828933134495
ck_59f46321ecf6d306,0.009842808385322591
ck_f04040a830f92bac,0.06550191201018844
ck_9439bff87e616d4a,0.23899707150506008
ck_5c45968a805132e0,0.03762976368752082
ck_004de16f7d8a42ae,0.03516502013517099
ck_57a6b56b09bff24e,0.007884190928965317
ck_7b8cb0f90fbdc8c6,0.003351071552083475
ck_77fce5f86f00b8f4,0.17703718229536955
ck_a1c7adfe26e09a8c,0.023743872146650743
ck_abac514d8167ea58,0.09970168812415311
ck_692a9e8f504b9762,0.004807212810989077
ck_f437a53fc832ec95,0.2070684831621608
ck_0a4d7acd2a53cbbd,0.08875249973648965
ck_bd26d2bef14a8597,0.011229617916193924
ck_ac0ea27e692acdc9,0.022637060369465726
ck_953bd5de48ccd70f,0.5212268323683422
ck_d3a2a4c011fa2554,0.03391322455357251
ck_347386629d96c664,0.009842564099925786
ck_315fb710a0e371e7,0.0016092241682772017
ck_6d4cd2de601a2308,0.021629935484168052
ck_d6a4faadab58a3de,0.002475536196384679
ck_539cb0d117db8cd3,0.1449996809963494
ck_48e84b0cb0b90fa7,0.02630494339561794
ck_5ff6108056a3fef5,0.029251542081253107
ck_fc832b0c90c9bdb9,0.7678273787873743
ck_a7285955e2852686,0.022785478615989483
ck_7b93a622e40d8b14,0.016998345062176744
ck_7d025dea5951cba7,0.009988895882266213
ck_1c771a7c78f6622c,0.030471626268751877
ck_3a30132a57181fe3,0.028632520673989074
ck_976fac1bb3dd8c58,0.023454576914974306
ck_6be8ae9d78148882,0.0064849807681206
ck_189b6fbe9b9192e7,0.01104067441610345
ck_7184ad7709ae4c80,0.014697925152263938
ck_573feefba6bf78bb,0.0635493721853303
ck_c484c5bda389bf20,0.01305375567801396
ck_e6ffd0754ac08661,0.012278300854002215
ck_ecaa6de0aca5e9a0,0.053292737288597215
ck_70c7679199776a90,0.013769534068682721
ck_4450b55f462ae134,0.0014523543379546362
ck_7fc9a0776e1339e3,0.0006938272656769073
ck_e02f93f51cc8caf3,0.002676019351887454
ck_a4fa8833995c716a,0.018433788177586105
ck_7bf668e25abeeb05,0.0040966921485719645
ck_7a6cb27e390b6ceb,0.010248563440501816
ck_8f59f11b512d5b7c,0.040288403804685166
ck_1b93381d8eea58d1,0.013267051422236944
ck_05c4dcbb45de1f8d,0.03125187996067147
ck_9e17699baa83d173,0.003680152435977737
ck_d328db1e1052d820,0.020643916977926186
ck_4ed711fe4053e74d,0.11570055789598822
ck_7951bd4eb99a0175,0.015710009303728532
ck_d6fe761ed0db3270,0.021057024568135036
ck_73cab88b29c7845d,0.019994275117965893
ck_342a79f91de5d1fa,0.021034873194469787
ck_a93560aa348d6225,0.04985167066172383
ck_dd8edfefa1eba531,0.013740194038581578
ck_7b382e533e2e925a,0.012509333109855955
ck_cce8b6657a538fe0,0.023702152837839136
ck_d66f42a269d5c1ed,0.05445501166012466
ck_aecdc5a96321a2d8,0.031203715577270013
ck_6c48c58678f64bae,0.009340016655720871
ck_1982d571cd36eb0c,0.020501925552203364
ck_18d214b1418be39d,0.031009758445840998
ck_3364a1d9261b3638,0.10421927120946473
ck_604c710141327a81,0.005771865202879009
ck_2a5b31594206eb30,0.5218865968394691
ck_40052cac10562cde,0.020110195117598612
ck_f34c93a8173555b1,0.30918554393451136
ck_90f3655f0c8a0074,0.02290026142081798
ck_703b41624ae6a5b6,0.018206193063524646
ck_4ffe0366df388604,0.010706300546475334
ck_5c5284c45d9ad8bf,0.045777769177781695
ck_27fa694569140345,0.007838808908666879
ck_d2fbd0df99634676,0.019934759005924386
ck_a98848eec6c9581e,0.02209291148314371
ck_8abd1a50a9227463,0.19335450675859853
ck_1b0434f096795328,0.005904669111943013
ck_c36ed9f8e6792ea4,0.024664645171039938
ck_79749eca42ff1f5f,0.01017305966089449
ck_08b77ad5f8f73007,0.01707747828076372
ck_54978a073e7a0b1a,0.003930090620780248
ck_9b6282e3bad50710,0.04900856539794275
ck_09fab6b9825001b2,0.02248207137818307
ck_03129b41457795d2,0.055820749842949456
ck_833a65b86a5d9bda,0.01378473477508032
ck_b354003302b272ca,0.00890126506934151
ck_f280d31f54a4710a,0.024590986032968606
ck_94295287a04c85d2,0.12270620474409137
ck_ec4dd3675a8d28cc,0.018318405374210263
ck_a2c9796ea229a4e2,0.02259648129646588
ck_01645ea51972e99a,0.0196529885497209
ck_a50370907e6b397c,0.03817419140380741
ck_96c3a3517153390e,0.03448312874044675
ck_e535fb0f0c00418d,0.10580040651286349
ck_1cec1ed1512a2d3d,0.012393413445176053
ck_c2504f5a113433ee,0.002795320334196341
ck_cc3318839c4b0745,0.004743944795035211
ck_92f6ebc11ebca89b,0.04359385431941963
ck_a3f821bdf408c326,0.0048721564442431595
ck_406c4442dee45cd1,0.006192340637635959
ck_8153cdadd300d234,0.004140646141187493
ck_2d7394afd61643d0,0.032708343442855205
ck_01c1f06692566ca1,0.022119005088791183
ck_059e4fac6b7f704e,0.0286593695895117
ck_9129c92c12e0c8b4,0.013537952231894882
ck_1fcc5843f39148a9,0.005556099317758625
ck_cb8551453a7bb929,0.03398351536442979
ck_494ec63c5ce8e150,0.007666086631300278
ck_0e962eacf98a813e,0.0073504240249688295
ck_b367449195e36499,0.021612675525356683
ck_2c2f080ba185016e,0.036665973793793924
ck_e3894ed88a7977e4,0.005481680867683841
ck_5d7721930106dce8,0.007542716720531584
ck_55933936536a4071,0.0458129992347693
ck_192fdad892782daf,0.09030969524463958
ck_102db9615e722c9e,0.021885993021164334
ck_c3476080516db25d,0.01961839852656612
ck_e9e8cacd2fa35e79,0.02773857553481011
ck_5c36c78b7a4d138c,0.028847338897541454
ck_fa5ba9ed9ed6a343,0.029103883844861702
ck_5eff0208c74ec714,0.021606131519446906
ck_ecdd01a391610d99,0.026110786754206698
ck_558cfe5f77a55a9d,0.008565242671408319
ck_9f792e7e721ff7f1,0.016063297200514137
ck_8a8f81bf3558fd9c,0.06807234860114159
ck_243bd5ca8c4ae5d0,0.007714095070911314
ck_f2c33d5b65b321db,0.01656447490962463
ck_9eb08369e983abfa,0.004492906714633952
ck_3ded7a8720d7e311,0.0042728044924112115
ck_b8d210e741be186e,0.01024757671785602
ck_f928dba0d587d7c1,0.012921496689388159
ck_ae0a7be6b0a0ea68,0.02888690397975902
ck_f65e5ff7da565f91,0.023142344769919235
ck_544a9e80b7fdc279,0.038554790301343185
ck_8d2afe17c0082e6a,0.045036071159815075
ck_d91d9f8445b9769a,0.7115604951767135
ck_610815786d729d2f,0.09518745165915395
ck_f0982bbdbd122f91,0.003489412892893932
ck_bac6dadf428eaea9,0.016568635401647148
ck_5d72ff6cc2963d1a,0.019969714641023487
ck_b0a0fb0ee9ebf106,0.04327985446409185
ck_e8298ff2dc1e9d50,0.0029987563732045827
ck_ff090498c4b17ac3,0.004741510642352675
ck_a0e96fed380440b2,0.006287440762719098
ck_95b894380ad2702a,0.03959512839151364
ck_803c0b4cf9d4bc1d,0.025660644142554874
ck_3f1287e6c27de0dc,0.009853586372352613
ck_948517bad569b40f,0.10100119603649016
ck_0027ba644f9ae2cd,0.42130494132127155
ck_939fede90473e412,0.005569415025145437
ck_15de11438732bb05,0.01079408768285987
ck_0d65bc749eb42710,0.021681134438049202
ck_b837c7dac2a9b931,0.023395952951489985
ck_e5c30947b732f661,0.061496374151343375
ck_bd32dd3b2cbb7888,0.9978224859038112
ck_f07e27d125497b66,0.02425644963482843
ck_2ef76f1f36e8b869,0.08135019673691414
ck_ca1f6f01868e978f,0.01009779733123949
ck_8a16eb584093b12f,0.016847447965033045
ck_ef346071f0b7654b,0.019527359377570115
ck_2db3fb565e0211ee,0.006404615578080785
ck_3ef7a03ebb81cfe3,0.00787181207345468
ck_732d45bd578dc39d,0.011604527057380848
ck_c646cdead6fb79d0,0.007923827042601944
ck_4db95c310e105d30,0.0065534800694447845
ck_e2a1068c2fa22525,0.05586012335641669
ck_20c99b645f462449,0.0019250448906802222
ck_fc0cc4b25e6a8194,0.02000986637559839
ck_734f06bd4aa92781,0.027510757483061327
ck_1d58f6caaa4d012c,0.019019423655887956
ck_3ec9b9d8dd7be11c,0.02321799911339926
ck_c0b5cc3e8ad2ff44,0.016165495383339758
ck_6e5752b87324b58c,0.2760139320125905
ck_f4ec334be5266378,0.01422075882361825
ck_3174419a81e7caf2,0.013851485444608675
ck_6768c4b2aa8ce586,0.01573149167318936
ck_47ab8e51e5b3a2d8,0.024575302448212284
ck_e5f8c8a5824db594,0.007582525227405947
ck_ab2e3fc56f5b3aae,0.005981563522218666
ck_8f6ce158c2902877,0.005687560048533446
ck_a35d81bcc54ece2f,0.055401477661820075
ck_efd7b9e22c6317d6,0.008861382694516933
ck_003148504557f720,0.048241891031748765
ck_7f3132d6be389657,0.04877283508565779
ck_817926b449754917,0.011647440166151156
ck_160e9ba0a3f7c1fd,0.024166865030410083
ck_e8d37262e859d9a1,0.016832050418174222
ck_0d846660c7957a88,0.035486276974936025
ck_ef8a6af43fedd464,0.045530572445473566
ck_ea62ebfc1f04b49a,0.016544319551258152
ck_ffc8e3c1377d0706,0.00655574542470314
ck_da1a2450219dcf19,0.06586552172991436
ck_1df4a1781a0f6999,0.04425020777477842
ck_e0e9cfabb979f428,0.004146242646704364
ck_e9b0bca7368555ef,0.029028628113328576
ck_bcbd8588a13f5eef,0.014771649989671919
ck_cd553ba6589d8bfd,0.00902280979205402
ck_95aff1fe27fb24bb,0.005822865132810458
ck_5e8e857b63966609,0.0958684533859937
ck_ef6f8e048ae1bd4b,0.0044633021560431425
ck_1bb212d1288b9689,0.02222786542136914
ck_779581adb573261f,0.04624753872467329
ck_59de511b20c842ba,0.04315766109725212
ck_b3ab3c210e2c7c19,0.01390816781172908
ck_6f73cdbf9305e2ea,0.012205484235951622
ck_ee13c091bc379188,0.03230339632777837
ck_8b8b9de339d75d0b,0.043981960340233175
ck_81275d9d4c559e6f,0.006500441186195179
ck_0f909705e2e60f2f,0.029502771715792506
ck_b20b81b88dabe28d,0.0305378872428905
ck_15254db133b28371,0.11360109068619303
ck_abb056a9deab275a,0.05527625629871173
ck_d61d97b21002f3e9,0.05597604680201217
ck_f5a32e6160b28379,0.03869526394077194
ck_fb00aae4e17740c5,0.014128255014230966
ck_920bb003b42e6310,0.0015548514790580197
ck_620d7ae27af83cea,0.008134453934720773
ck_2e0eedaaf2980c2c,0.10989451223123718
ck_86d7127391d4e01f,0.010893901230147041
ck_b8c7771de9b57705,0.05455988766808503
ck_7b922518f667f76a,0.0036190454584335966
ck_c43b4175fc9ac5bd,0.7757500203509671
ck_d4b23804cebb045d,0.008850643316492698
ck_286bfd719836e9f3,0.08933324810571057
ck_2bd96ddb8c323d63,0.9983249226806091
ck_991c4c924a1d85ff,0.7477020920731996
ck_81307759252571be,0.007140852545061478
ck_f7a07283345a0dce,0.020287619888410307
ck_2afdd69094c955c5,0.055619714137273374
ck_fcf5b8216d0c18ef,0.015581744518258183
ck_4e333c09f0c37dee,0.07483602328077418
ck_ace6b72e5bf3e93b,0.04354631227573836
ck_8176616132458c0f,0.038373297698006556
ck_0f8cb09d3f4fc980,0.05508697462844176
ck_8740a14d8096c6e1,0.015603419530294177
ck_43ea894480567274,0.03163809336092244
ck_41938582f4351772,0.0511600521579251
ck_c251898b5d51e3b0,0.016112422244362656
ck_b498fa91a0776ff6,0.0576212206803511
ck_2ab7eddee2d8c49e,0.00627569073268522
ck_368b65fca69fc415,0.08278710072124819
ck_11bf1039f8b3025b,0.038517628373520615
ck_7ef666d67bc70223,0.03062432647909584
ck_4364a83a11743888,0.0034202916133491013
ck_5b3ba20c8bb1383b,0.007343050149024196
ck_38d1a22850178f33,0.018256803285446526
ck_c1d1a625b885a975,0.038703083104803714
ck_21c99e1d6b881894,0.01823913881167097
ck_52730906e5b461eb,0.4810050676712553
ck_a481385c2e60dc4a,0.0320674644915841
ck_79323eb5d2e5efae,0.00757102987675034
ck_7e6569a1b2455cb0,0.01052481552220662
ck_8e7a32f7e3905f4e,0.026507398410387815
ck_79e202f06d8dfe42,0.018810444443137425
ck_f67ee7910d532216,0.019240701311107892
ck_924e572517515f19,0.17502004409792316
ck_a5051eafe8b51224,0.03189688799995856
ck_bd23cf9bba1dd33f,0.029168459523507148
ck_15fe2a47fa7e92ea,0.01477627173993511
ck_50ed8f4e7ae6710f,0.015031336473817693
ck_1c8c969667cbaab2,0.6026984473616763
ck_e5ee006ecd8ff661,0.060456203903155356
ck_9083ca9fec2a7f4c,0.0070459333181879715
ck_7989376f8cf64a9d,0.02277953193570166
ck_1a46b56f4734d52e,0.029253640853760594
ck_57b3fee69bdf85e8,0.038266133174667046
ck_e0f3ea3373dfc4aa,0.015257207689117803
ck_74e5dec189761d14,0.022079082810980477
ck_0dd7c5925d28755c,0.019168176088218244
ck_38ba64efa7c38250,0.02124614443048674
ck_1496568ddc3b2d56,0.0123225453585919
ck_614ef655f0685060,0.024529881232863433
ck_3882423b449f6291,0.4815701234319599
ck_bc996c523944644b,0.028041477584240148
ck_fa5830d81bc8ddc1,0.05517208192615676
ck_d74123617f22a21e,0.07764335755768657
ck_616cc31910f5de50,0.006839790644265764
ck_4719112b55d20161,0.02471511893636122
ck_59c29d9c57b4f994,0.028988223368578356
ck_ce0ec41f96951048,0.016156362470737814
ck_837be8126bb19250,0.018371084965494718
ck_bdd8eba728800e29,0.02505381947176671
ck_884168153c9c0c81,0.0605852704579842
ck_f0d806624ef3d359,0.019970700315874283
ck_1c8b94efe9238f5b,0.011205389109636383
ck_9704c5cf8659cedc,0.01883931195460122
ck_8703543bf3134306,0.008469977456042055
ck_5bc07deb82edbad7,0.026600487602375916
ck_bd25ea782e375b22,0.022569648013969157
ck_40799e129fcf42c5,0.08466308237803935
ck_49685deb63e4e8f8,0.007562644835687838
ck_0af18b3ce015d294,0.022888279151676117
ck_3d6c3c00d854f5a4,0.04376107808436009
ck_34dfb57e5bf31d2f,0.0343044207145614
ck_e66ae4fd586fedea,0.013165584202712965
ck_7cdce37d895eefb8,0.00588109715680545
ck_68250033717cd59e,0.005078469509417104
ck_31631e2028d4f855,0.00872777064559473
ck_a406bf11e48cf8c5,0.09541117666400147
ck_0034d010d28aea78,0.006368983640745774
ck_a6def1e4b2d57e0d,0.023356848990641055
ck_81709736281fa3eb,0.04878825391483563
ck_ada46085a78280e4,0.010826487228036452
ck_ed33f8a937f9c7c8,0.012189397699632494
ck_dce1fb3acd65562f,0.002319721351908391
ck_9dfb2ae78659240a,0.025639463841553384
ck_9a930faade55b8ea,0.007888711076472934
ck_0e6046fc30f81705,0.017348705591388607
ck_1ad36046aaeb816c,0.009135125718314508
ck_410c3e13b48e0415,0.005407764717515305
ck_a9aa5c344c315532,0.028025235126585734
ck_8aec3d3dd51517c2,0.03324711219837861
ck_a9cd84a6dddfe584,0.011286981778539415
ck_8bb9e75393954a1f,0.010918864671477771
ck_cda72f597330d0f3,0.027215573415790333
ck_fdda581aec411010,0.008744995922166975
ck_b4703ee97f94d7fb,0.018484365189525842
ck_181f3dae03b87136,0.03384113225809032
ck_ec26e327cc1848b2,0.002854250721375364
ck_ae96d35465b3b4bd,0.006834805132642378
ck_d9506476ad3f9e08,0.015382880680011436
ck_a823f5bcb0e4b9df,0.003110658663127114
ck_0b0e79d33e50cba5,0.03550732713884063
ck_9937dad93a0ed3c1,0.042313344717257666
ck_cc1c0b93d05b7d20,0.09831530208544109
ck_01fbafc42c8e33f5,0.012102394928714011
ck_1507f5aa50cdf3a0,0.011911251790322465
ck_a2d0417791d4132d,0.009119675529237288
ck_90114c891239d821,0.040690111405465704
ck_38e46bc861e0165b,0.02309527212430596
ck_ea623358f704daa7,0.21505874593528954
ck_57bbb19eecb4b87c,0.035217323569154704
ck_6b38763bf5ddbcef,0.015313327904598514
ck_a4a01fd45936b078,0.029371662324994347
ck_7890208951df34f0,0.03700735373878854
ck_93c4e05699b3b7d0,0.0027155570096888872
ck_8c5b29f6666d4874,0.023213856082325995
ck_bcdbf57d98dc0d27,0.02741207346883908
ck_504a45ee08db72b6,0.013017788632700452
ck_9440335375701f44,0.01377695644424975
ck_9c56114f84e9a541,0.021123089118618772
ck_db2c0908150cb2cc,0.039710728853241305
ck_5576ffc6aaf6f22c,0.0034913701250641267
ck_395f3bd4aacd7ca6,0.013497874487040009
ck_0ea30eff5f361cba,0.055430166738148955
ck_dca9dc465f759db4,0.007029352284446866
ck_b1ed2278f5f14d82,0.044847522324137246
ck_901d820e0b72abae,0.00905829587642927
ck_3e3ea5d8c4a229dc,0.13769162984057146
ck_4b97d19ed946f503,0.018231882502094426
ck_a9989a3a94c26634,0.02935819873749662
ck_9c46711b14d9eebc,0.01565545206026589
ck_6d69e092f9b0848b,0.011230328797661754
ck_f2c7a4c50e2ede96,0.009608798902645614
ck_937f0da2306b2eb9,0.04023697992531802
ck_b1182471d9ac6b26,0.010833953883230555
ck_9401f9e11f65337d,0.018714173807341878
ck_ace3b96c977a7560,0.08153654123228272
ck_cee56be5a502fbd1,0.22219729238622932
ck_7878545739af0a73,0.012001305665639775
ck_d96c893721385e4e,0.011582922396638669
ck_5ee32bc6bb5d1d4c,0.11894809752548632
ck_8c9b57ad2a991416,0.05311903801947315
ck_f99bc1732ce5e999,0.01669271893881986
ck_1e0841ed17fe0562,0.010096112892372968
ck_a4a7ef3ad799c380,0.06445068670436223
ck_fb44d15fb93a7157,0.03136867588359206
ck_a1cdebfc42a52448,0.0437323261602897
ck_28d2003c2d16e4b6,0.002307228734753636
ck_06d0e4a9189302a9,0.028538548008911868
ck_71fd8c346fde5cca,0.23098595524920718
ck_c375e929becde422,0.009925851500905499
ck_f738b633b8862d18,0.0051310200634868824
ck_3d7fa32dfb9fc692,0.08272723997416849
ck_279d43303708109b,0.0075841069871001475
ck_6e6258227fc8db7f,0.013710584329672409
ck_e7a530e09d113dd7,0.025547311168392123
ck_5177fc7137ff26ce,0.005720132153114576
ck_16340be3f2a7fffd,0.004206292914127094
ck_57c14e32fa4683bf,0.04951605768705438
ck_af559f990c640e41,0.024747908324484053
ck_5691cd6fdb6d8147,0.01352887745201833
ck_2d14bcd2e0fc043d,0.002322756138919703
ck_cb42e3be6fe87f60,0.03940017243618805
ck_ac9d3d9754104cf0,0.024589261394221646
ck_34bd190d37eda534,0.057486166362950224
ck_be48f583f79427f7,0.03682532122536887
ck_26e9a7bb2061a58e,0.03400393582272668
ck_dcc125b178b79566,0.007814452474129546
ck_d229cf7f5a3f38ca,0.014769318838124544
ck_43aa136bdb0a2832,0.7745214218710695
ck_f409ff994a210601,0.01784114462606307
ck_c4cca8278bdad9b9,0.0011506007517640413
ck_f3dcd818db92de7b,0.027160320099264296
ck_5ccc1a1c78cb33ee,0.1404224372352416
ck_ee535461b5f05539,0.14820052195570446
ck_64b4dcbf436f0b75,0.011655084685879528
ck_28dc0de0ae291f37,0.01383886282244891
ck_5954f45a2ab45f43,0.029315222101527
ck_3b963d6be2773861,0.029564110327980894
ck_46bec0bff167ed3f,0.0518697211669255
ck_7a50abd42298133b,0.01486945251059606
ck_3f16e2cd7e6874cc,0.013533236076620594
ck_d2d4282f9d256b3e,0.04916357640345228
ck_891eaedae139828e,0.006284356617795937
ck_03009b721568ee98,0.07536191242391295
ck_a13fee8cd925d0dc,0.01225362603337908
ck_4ceb43ccd0a81c2f,0.010369899404718034
ck_fa321945ebedb916,0.04462519788480517
ck_6b817117d87063a8,0.01322863394009447
ck_0fb3153d37626b75,0.01827602338678486
ck_e07fd57565c94c28,0.01721944654539428
ck_9ccb17c35e636c5e,0.024106052557977473
ck_7973edc9f22ee7b6,0.06065781422024469
ck_7e826e233d6ea028,0.06522878590477788
ck_0dae4a7eb587f3ba,0.005935719798579869
ck_d4e024fcda401a31,0.019657933910092188
ck_ecc18f40b33be769,0.10740849786608271
ck_15239ef0689c1a35,0.021874564610138373
ck_7084ed3cf20781b7,0.025268714908908124
ck_d6df562a79b9d0d9,0.01778610337066003
ck_39d5f6c17c745ab1,0.0031976726115480075
ck_c29489366c01fe65,0.8227654462837922
ck_11318f7c041a5ba9,0.009817872596618048
ck_7a7f3c4fe0c9d2ca,0.05145900969565981
ck_393287947b5c8d79,0.006287685316392211
ck_8b772caed8f1541c,0.017412065818046184
ck_d89abbab3d4957aa,0.010067877357969613
ck_fd5609bd23a1eaf8,0.0036062510305390847
ck_eefcf0ed15897898,0.007668701812686129
ck_d5ef6dc116dee408,0.00569365168181196
ck_df8ad2deb0a4ffed,0.012770502011722817
ck_59fd11b3232de9dc,0.98494036504892
ck_021c6a4a7e3f1f0e,0.046979131726542084
ck_bdd2da300b530c5a,0.018088187275032107
ck_c1aebbeca6ab5ff9,0.007125804794216886
ck_2cbc2f93a32eede8,0.046944698656863876
ck_216e87a41de22b5d,0.1269410400246218
ck_c3c19d6a0720915c,0.00882050153500425
ck_71db4131d7efe218,0.06014143668687057
ck_343e6ed2b9d35c01,0.0018600234094343084
ck_6438ae81d43cb196,0.025291212926244967
ck_1c607e24f2c4397a,0.019881839691430248
ck_a5d7311291caaa54,0.0487444647884983
ck_69105f881da3c821,0.028332812876300288
ck_b87ef4b98cfcec4c,0.0368564895842256
ck_3c17841636f6f7dc,0.013104594699680972
ck_5010ffb1c94187b5,0.007066286255488388
ck_c8efa1538b37c359,0.032068723752304934
ck_06f042e9b1b662fd,0.05437549199826496
ck_fa3a766e49dc77ae,0.01851226896993588
ck_6cbb011e0c70bc7c,0.00412715824242226
ck_df520a7a6e405889,0.03208850925523589
ck_86b853c52f20fef5,0.004840660233014508
ck_9e7278fc7679f002,0.04753061325145119
ck_fa04ac31e596e7d6,0.01965690325941271
ck_350bf14e90b503f5,0.014934531547721197
ck_86a2d852a9715432,0.02905284883968145
ck_c2c7d1e45a521857,0.05597023391713974
ck_e5018f9418e0102e,0.04849010081822583
ck_a1484e6215fac651,0.7008511179903171
ck_f824b326d5089885,0.41715091667702997
ck_279a1d3a3836e5cc,0.018417744623621828
ck_cdc55623cb16e6a9,0.0038044035348417083
ck_c5517923458106ae,0.008061830348139752
ck_ba666a425930615a,0.0027767153145302
ck_c802cf8f61466027,0.01281507485958374
ck_124a197be41687f5,0.03923128245857528
ck_a9d2bb4f2bde7052,0.006200911348859858
ck_67207e3eecc02d76,0.03594043766307273
ck_78181f8e998e442f,0.003813489016081795
ck_e6222925762273b8,0.02600323956277239
ck_f04761b4a937ac3b,0.006278597461604661
ck_91081be0254878a5,0.08334913398538621
ck_1838cf8d00f5b1e1,0.011925576579779898
ck_791be3378dd7d64c,0.01641708070617391
ck_08a0355d1f1890ef,0.01060673042693514
ck_9b7167da0920c37b,0.07598355547150637
ck_b6e3af0a5119d9a0,0.0531384367312966
ck_2452a30397dfc54c,0.012707148955322134
ck_be5df076b8a86409,0.004597403593783019
ck_15b93103ccd38609,0.008516712428489281
ck_5a6593d954085775,0.022661556480127874
ck_0fd9312411b0ac55,0.026726898121623
ck_db9b9d5d30f74070,0.6131620576843122
ck_4becdd3d2696c7ba,0.010440034292110208
ck_497ed60723283c0b,0.22669057035497925
ck_71c917295020ccc7,0.01683403580393788
ck_4f63d5245b3ac1dd,0.01953058619026315
ck_55f2ef0de3420e3e,0.011861735630717903
ck_8d8226520722af78,0.0430865125169099
ck_7cc5e0fa3ca5a713,0.018780581541869127
ck_d39b0152116203be,0.01880226872096771
ck_9aafc33fba1474cb,0.005907844286465602
ck_f0c4aac04076a6dc,0.0333686786667062
ck_a9ffd6b3957bd41e,0.027580069775821406
ck_fa4b60387d744fc5,0.04855772198153548
ck_9cbef9bc95449dca,0.011141633939981672
ck_46bfb2cfc29a6d2e,0.023661992525555134
ck_501dcf1ead036d2b,0.1651798314680455
ck_f4a2bb10afa85743,0.00833616697555115
ck_b0b5bf9254700402,0.034129227389645134
ck_acee218cbe61df69,0.04697643251896448
ck_38703b7546d35a80,0.01431283142220305
ck_7e3923d278a5106e,0.004398262300404337
ck_991b7dfd69098320,0.01244976281271189
ck_6cabb1a133f0b151,0.013138011912808594
ck_11960b5f1c7a5e2c,0.005332206862279961
ck_38730aace405f2ae,0.9972480334752225
ck_eeb854318b3a6f0a,0.02227934161467183
ck_e3b3c5a80a567418,0.026146332654746716
ck_2ae44938847f3852,0.006387926627626782
ck_38c1c75cf055031b,0.02310812106957287
ck_26896c494b2768ef,0.019973337048186237
ck_7297bff2b7fdcbc8,0.013002961519866659
ck_c0032232c2868328,0.011120064354033815
ck_8053f1879a9b4e43,0.020823463616569143
ck_8cd274cc85aa35d1,0.017887869601334132
ck_e25f70d0b7229420,0.009093258701846643
ck_fa7d5be26bf7b31c,0.23686555490492336
ck_61176dafb33b2d8a,0.8668536799975034
ck_9fb8e3d38cdf276d,0.9189862071473166
ck_87771861e0447210,0.04689542049572415
ck_ac55dc6cbcdf8228,0.006259965065594487
ck_813e02e1ababd177,0.018372846747286935
ck_f7285b92648c1c81,0.05578851233445918
ck_3f943f20a9da9bff,0.0050695716893678
ck_c0e8560ccfd9dd9d,0.005816882914718351
ck_87d55ca333f22072,0.0067973309353523215
ck_02ec4e06709e6b82,0.02561739586868468
ck_05a00b1dd5a03359,0.013653013679533565
ck_ac32c6e374782b27,0.041032081267017705
ck_d2b3ce1ebabe9f93,0.02861064595630769
ck_a337eb38eefdcc88,0.10353437267599039
ck_c3fe0c6c5e1f40f6,0.06530283792885819
ck_c54c5d8e4433b0f2,0.006801186795555172
ck_f7fbc95ebf584379,0.0063365793514612466
ck_f589f1e29301b5fd,0.014241633168744246
ck_33160c443d4b3f19,0.02329495948626725
ck_81818169208a8cda,0.05056861794227209
ck_41406cfa209b6bda,0.013679632884128141
ck_9880410fcd10a28e,0.009606022864287762
ck_f2f3cf9cd23b2809,0.0862820072891862
ck_0db62d5f7f75f80f,0.03378862852322144
ck_2cee2dd7bbfc09a0,0.512229014330572
ck_beaacb4a783db21f,0.010339535424106849
ck_d94dfde9e03c9d1a,0.024330754321914054
ck_61b067de8ffc1ca1,0.01925033167305331
ck_f3bce4eccfa6d6bb,0.005556239220083659
ck_918c92182b6817cd,0.0238533330309922
ck_10de0b0d86b17839,0.022866652932076036
ck_f7ff94c3df5ac874,0.01199623457021111
ck_be5bd81e3715cb8f,0.9343601350462777
ck_4fe4b072f03f2c1e,0.0024490727338520157
ck_a33d2325f86ab12d,0.02366481798382461
ck_b7df99aecef385e6,0.01787060860787098
ck_2fe6cac002142f67,0.02582543309843239
ck_6ddb55b1f23c6cb1,0.01802129744067494
ck_1ce20e4223a936b1,0.013329956568285376
ck_e6de67c0d82a7b83,0.03252400510296914
ck_db6d1c6d31da967a,0.035027324147102225
ck_677e1d0c14cbf569,0.025533011912246183
ck_7d81b59d615a6649,0.03435816409425737
ck_53aca610e20598bc,0.008887711787254067
ck_f5b1200dc6f95760,0.01585000673885571
ck_c5414d7a8031d4f5,0.0384411190036873
ck_5b5dea6476d4e182,0.022773385195640226
ck_8ae64df60ab6ccda,0.017310756768291448
ck_fe1b1adae3be70a6,0.051072233746059736
ck_bdcf049c1e7d0c95,0.035539501115664666
ck_193d9c87ad3f1dad,0.005961518928189198
ck_1a4e5ace078dd782,0.028741095338688842
ck_6176baea8cbebbb6,0.0024834705655162686
ck_f3199fbe84a28b9a,0.09133035647749896
ck_a6c740041faf0bd5,0.008804855047010063
ck_7916e53daab36745,0.10079539829187693
ck_e6e7257377c37b28,0.05775494979296456
ck_059806c52cebe4f1,0.39153377902826664
ck_4ef9de711c3d93b1,0.028957702645771806
ck_798157bcdb9453e1,0.026075180424738588
ck_c9c99e5b19aeced8,0.009129889227603001
ck_e0403d507519b7d2,0.010454106404485224
ck_f9a68da9e0f0bc85,0.02958203787875548
ck_472c81a144f4631b,0.02464368054195106
ck_08c7bb0f9851cb76,0.24411338593214937
ck_720cd658d11ea428,0.042298145061478505
ck_a4a42d4bff8af645,0.01011132926358237
ck_507a6a580ab55c76,0.07872465233489528
ck_77c587d24695ea15,0.014725794614299969
ck_25e551a0a8d2fcc2,0.08711100882900008
ck_c7550723b90e5615,0.005378527171004923
ck_51d3e8dd7465c015,0.0022693280776005546
ck_562c76a3753fc7da,0.11904826691564885
ck_c0cf50eef030b401,0.01925286191109052
ck_2dc31db181150e20,0.012980794047523971
ck_bb1a981306b750ac,0.06095167236596976
ck_94a096c36162a153,0.01067270030020067
ck_0576b00d728bdf19,0.042869577996592745
ck_9aa45c4e03c8c57a,0.02943898074464999
ck_f14dce41036486a3,0.9920968077178431
ck_7f6fa79c7a107161,0.011403403038551203
ck_e9e3381d5e0e5051,0.003730117537221316
ck_3e9e3bba8bd363af,0.03018747077038846
ck_12a074db100481cf,0.05899702254179838
ck_72ff52c4824072ce,0.037517603315460356
ck_c9f9fddef39bc664,0.024901996042998528
ck_e70418b00cbbbac9,0.06747567329754908
ck_1ffbce3a239bb264,0.04267311609958278
ck_b5777605668bfca1,0.01649785423766507
ck_3c0031d7514da17b,0.026854910955881352
ck_b64c87d5e3b10e6a,0.6727420139258077
ck_4085cd3bf2661518,0.009031332597348457
ck_a76e8d83b9141364,0.05100455433324229
ck_4072b59388976896,0.016463654675472658
ck_0bfe62e0c7eab9c9,0.032931099974325806
ck_f285e5e1912a7c62,0.01601987917402424
ck_8ca808cc5a49cb5c,0.014931412945331185
ck_e4cf189a8d31649a,0.00657528216752631
ck_da3526ab6c5c884a,0.1776774327217003
ck_ae668e4564cd2aa1,0.01122900878439219
ck_c886adec7bac250a,0.012880172152723838
ck_77f8c5042065d506,0.012435593899383512
ck_96e4d38ef670eaff,0.013212954991980799
ck_7ea0bf310fc20c7b,0.04563884475166488
ck_c7e07ebfb0bc15f6,0.0297862719253778
ck_87cf36a03bd63c24,0.09433916295821553
ck_bb399ed6bf28c230,0.04032474307764702
ck_a911a066ff0f7b56,0.021242807713290155
ck_3d6046a533057795,0.0014898099615025355
ck_48446a9e8184c7d4,0.005187939049052732
ck_0cd8802264e0a1ef,0.01252024871967618
ck_355c4f29089731e8,0.32176801298670676
ck_f01e94331067edf6,0.007383972374829218
ck_d1bb8890081e0a31,0.09206683745995313
ck_cff18e2d8c520272,0.03697112434000847
ck_495d814d6d6d521e,0.006274254220881334
ck_10495d3a635b8d69,0.021023100478709728
ck_5c3f13de0dbd5086,0.02764605310176869
ck_832d39c590a3ca75,0.8027147212368763
ck_b7431d4706461ec6,0.011936110516708344
ck_475ea9aa6d3898b7,0.06953324153636031
ck_7c560467daca735f,0.005743054811605726
ck_9874ad160efddf50,0.007258506861147608
ck_f558fe02bb0219b8,0.01471153434768432
ck_20de8abfd8960ee3,0.024452769045094806
ck_b08247c3ad567d92,0.6324222265449759
ck_794ba5921cef50c9,0.045713092766109485
ck_7c872c99481c1e9e,0.023971388244180783
ck_19988702ccd79201,0.003323989443191738
ck_a958b2461ffc21a2,0.07650369551487114
ck_f948e8a8fdd79b4e,0.022185116908303815
ck_11c7a58e09e6547b,0.01617427217681113
ck_633e6579f5c74a5c,0.8835235911637361
ck_49df70f908dfd069,0.08965094806026126
ck_4db6d4fd2b49aa81,0.007752561358227031
ck_e007aedbf37d6ec7,0.018108532558718467
ck_5a29b7018e43280c,0.02958038171889354
ck_f91d48c40337d375,0.05326619159117537
ck_04e89fbd739243fa,0.0016282057487311417
ck_ea2a83ccb8d57490,0.03213468840308092
ck_81429c4910ca46cd,0.004949003378931097
ck_20a7d1ce6cc27312,0.009918543596446948
ck_2a6d43b9f883b78e,0.4267662218084907
ck_d7c28eaa05bb7144,0.01432944409848118
ck_9473ea4a01c95f9a,0.051772211226544886
ck_320df984791a1b99,0.00421488056083963
ck_7b35d218ed0c5a60,0.013366617698465923
ck_986e4e61440506d0,0.09094635980474038
ck_a2637e4872cf4811,0.1351880593808076
ck_e541967c681cb929,0.011908664161278957
ck_583d6ca78c97d91e,0.4637174650140383
ck_c77e22834ef97005,0.6126819952603745
ck_f8f6a03613b6dda8,0.006537261430649694
ck_eee99af3598311b8,0.016249083653313685
ck_15ccbf8ff7d14086,0.028332217904866647
ck_bed3e3db135b782e,0.20733553170658697
ck_dbdf8d0708cc6718,0.019744099490199573
ck_479a065d5903e9c3,0.022267169378351187
ck_f90293f1eba5d7b6,0.048271276584364184
ck_ea4332c8fe48e2a3,0.00814461115126944
ck_bed0c020b10afa3b,0.016417006443115185
ck_af69bfcf4f07d932,0.005591013095981058
ck_26bd0f8898afc8ba,0.009871693101419943
ck_2cdad03ed069438c,0.027701562415937204
ck_a28d9bb5590d458f,0.052940255647165216
ck_fef850553862aaca,0.023222216370071484
ck_258d661e450ac870,0.018842178445034035
ck_dfc6f5712d8d6678,0.0821240880451807
ck_471e4018a23b4e56,0.060259654162736064
ck_88cd35378075c84f,0.0072383755968898405
ck_e901dec0e09eccbb,0.025748066257973656
ck_b0fe4b92fc70f72c,0.015621854279299394
ck_105b0c93573fd5b7,0.09532937998756873
ck_e03b7d0fa0b28f4b,0.04529776938446382
ck_c363d3b050baf3b8,0.054459615987820155
ck_d52432ed597f3cc9,0.015487950987338427
ck_70396398e4a96449,0.027726545268863607
ck_2770b0400a7bef08,0.1637470788171598
ck_062754f8b79b86e5,0.0033647819575843177
ck_75296704f5806f56,0.07459065124975255
ck_3af1eb88728ed8c7,0.01601685848971209
ck_c1ab40638f04cb02,0.011517078985540524
ck_70d69e5d1bb99e85,0.032977329734772326
ck_435cb24538c6f77c,0.025735873246980692
ck_b294aa27a0b586d7,0.01836136978300623
ck_ae8c9163cf957d7e,0.010889227561007598
ck_f8dc8473c2772729,0.2483984812448125
ck_3add4d23124c9290,0.05139477318504102
ck_166bd1dcbaf4d6fa,0.012493757643864995
ck_15918075563eb074,0.02426406195789906
ck_9ea5872f14cce338,0.019989727355608763
ck_9191579254663f5d,0.013297863096720505
ck_afb23858a4ef42ed,0.9905589464667235
ck_80c4e9274cf976b6,0.9860300651889662
ck_152671fbf8a9a78e,0.03833846842673266
ck_ccb3767c239018c1,0.044715293179130616
ck_35bee1fc12664644,0.16313065479768799
ck_8f8e4fb9c6190272,0.013960236013246644
ck_9d5049e195eda029,0.03804824546139726
ck_466d4b5366c50b98,0.013635712826235286
ck_c530235393360e3b,0.0180731222992465
ck_311d395fa9b8550a,0.024145535426474626
ck_02903c48b6cfd65d,0.03383234906217921
ck_cdcf6671b37c9c92,0.005062202333369362
ck_b359192aa659bdce,0.013494913352271157
ck_36d2be9012f7909e,0.03749098395901941
ck_7ce4ca91b8f9f1c1,0.038936645622180494
ck_59d380a0973b3951,0.020793319319988866
ck_44950df09ff14ded,0.019587376212144483
ck_d87e26eb5bc84b01,0.0017134476730923658
ck_bd2545c62f258231,0.0677128628138062
ck_f8ac3a0500c0ec62,0.007522920857213794
ck_ac7cdb9b8da7b5dd,0.013662283020193459
ck_ad48826c1c26eb78,0.4857127899983104
ck_084a85145c15ed77,0.08740584009619501
ck_a1e13c0d58560340,0.014279968273910267
ck_d27a73596b6500c2,0.0198595113360145
ck_362ce13eec1e33a0,0.0169283899002858
ck_f5adad75e1c06731,0.07213953925257863
ck_46d51648c1bf80e5,0.08278174670996635
ck_9741a82faf5c7889,0.033041200805642684
ck_3e6f35e4500d2f2a,0.0021200077628997934
ck_e7c8a9e4641eb9ed,0.009228109631981193
ck_40bc6de252865f32,0.004616154309249999
ck_3a4811dc4a1a891d,0.031073803154889997
ck_e7a6b925c8f39a85,0.11016860519920885
ck_02d4cef6358ad3b7,0.017880700036651778
ck_e0171f91cb3411fe,0.02669775692005864
ck_9822f8ed05335741,0.07986256713530993
ck_4b4a3c5b95c55b43,0.0038412261423390786
ck_322ffda3332d08a2,0.02543079912246582
ck_3cfeade2cf270fee,0.03830244440129007
ck_e8a6acea22b20312,0.09826972705925581
ck_09748dfe4df3d540,0.02286552142945046
ck_f5f87f772388efa0,0.018439745282668844
ck_fb4797045077bc6d,0.02464121223043989
ck_6de2aa2bb60978d3,0.046872161069728115
ck_08ff5bd467226a5f,0.008342442091866594
ck_a72d6df666e1c21c,0.038681724590064415
ck_6f847263379f2e43,0.015091420923752406
ck_f92cd37022b0ce21,0.027877660549854806
ck_6a2c4edd82e10969,0.005954269359936821
ck_4f1e962ff8a29732,0.03594099810399941
ck_f823407ace7ff064,0.08899744593619453
ck_61c74163eb36556e,0.008413497730189562
ck_a777c813551281fe,0.09292840309782706
ck_2a37fef48b44e9c8,0.01701962158165475
ck_3168f4f2778d64e1,0.013677063180924537
ck_3be72c9c178fa00d,0.017357580497851393
ck_57deb202d4188a29,0.016380502434266447
ck_71bc01291e0533a0,0.13995517235781071
ck_91c2a5fe69b9b1d1,0.074005938984815
ck_5ef50fb07b6737d5,0.008347642844689978
ck_59d086fab5998646,0.026195938241108666
ck_afc484d1b6907983,0.004762696339208198
ck_e55e5bdfc0242aef,0.03723988831659876
ck_14b4bf7be6ac2b61,0.0332049987559375
ck_2a7eba01ceba6c2c,0.05279730143570134
ck_7a9f241d5f082567,0.018969959554178125
ck_ecfb771ed2352085,0.007456280779384368
ck_b7793edca26fc512,0.015998533695417046
ck_740d8fe8028b5a2e,0.045184662622213344
ck_c55afc68421d85e2,0.0034269584380698043
ck_1b2d9cae92a1aab1,0.07044596531785015
ck_4bca22b5926b9c28,0.0009037801652909528
ck_b5d0d223ef56473f,0.04174935646129566
ck_05b2b04e11d9ae9c,0.020371749409730865
ck_9ed53de6ef779ae0,0.02219275717723447
ck_309a432c160a17b3,0.010252943126901446
ck_7e73e1d44ce82ed9,0.015112944511091249
ck_b06ce826e593b210,0.06158085256959909
ck_5875828b11406398,0.022217108229491432
ck_75d2a2715259c4d7,0.033519118802312606
ck_74112e47b8629c2a,0.045331079654968014
ck_aa153a89a52f7eb5,0.017929780470374065
ck_def344d68f06d749,0.026767594260693018
ck_70066eea13b4c34f,0.005570562491832184
ck_edf1096809e83ef8,0.00809687116328672
ck_9fba80f56f357fe1,0.009280859938850734
ck_5ab68b434ad53fea,0.01678759958955368
ck_240f7f894c5a86e7,0.021827454314485073
ck_782b0be796164335,0.0214768863534364
ck_e55f5ca37f30ce8c,0.011963103467250148
ck_b62f5144db15ad34,0.009240019348288586
ck_59472d17debedafc,0.019534496433381163
ck_92e474e4368c4791,0.014477775312976195
ck_1f136a4476b5e775,0.02903523482333029
ck_0742fe64055d686f,0.020791870944833514
ck_2659d1d3762a2825,0.021024790434161836
ck_ccb4dd9d0a48a76e,0.011947354624525761
ck_ca0cc8ea9f344408,0.006999615283693201
ck_78cc5ec4940fec3b,0.018599856152955157
ck_3a34c3ac83cf84b3,0.04516714814159347
ck_96100d5e8e051e91,0.03922994410683685
ck_cbeca201dbade3e5,0.027460397254321537
ck_e738e920bbd74a7d,0.025059197294450306
ck_c3ff6790cc6d7e34,0.06329236240602937
ck_df4424f6dd85080d,0.08435258903440922
ck_292f81186358b0fa,0.006878848678370122
ck_22bd0fc71f95e048,0.04548026914916032
ck_1f0bafec397da8e4,0.019444621729435244
ck_b0fa8b84e94d8ae0,0.004278362100533797
ck_bb0713a2a1d65982,0.02166855207543677
ck_3715bfa7fed2c675,0.021739942704175428
ck_354909fecf5da8cf,0.007643795667279304
ck_748b3ea941d8b3b9,0.026994611850550094
ck_b78d785ca3ef773a,0.008056215578633204
ck_7061786fe2f22f5a,0.032130886651555814
ck_09169f22194fd6aa,0.06310927860563889
ck_4339f86c87289222,0.5413895058803067
ck_16b66bd803288bc3,0.22070473580236163
ck_dc16f939c2f44ad8,0.03873396296439322
ck_42341cf31c08c981,0.0307381166945739
ck_962c3bbf27cd4b80,0.05089607733433323
ck_c624b9063400fa3a,0.08208383061482565
ck_c76f1bf40f3b787b,0.012476525970959771
ck_978c21bb5fe3171e,0.02252773545572381
ck_1f871df76c6a995b,0.04526539832651057
ck_67a1aa88d2ea554a,0.07672983207395771
ck_69ff1b0aa143a168,0.015945961373904992
ck_07f1734be7fac56a,0.028946504021634928
ck_2675e7a008e584a7,0.1399989978721973
ck_8f6ca5d3b17eac6e,0.009248399751410957
ck_ad7c256ea10c4a00,0.38119100804937794
ck_9b5e7fe28208f5d1,0.005841682605267147
ck_2d963f9b2c4d11e1,0.03211851332690267
ck_02a8582c2603e675,0.008403537760168412
ck_65be698386474170,0.016873698308489227
ck_5e3bc76eddbdb0a6,0.026825983390017436
ck_f0d6633d0834fff5,0.008137291443491663
ck_885a83975cea5e64,0.021488023883708157
ck_1dc23dc870f1773d,0.02764579318542864
ck_fb04ecbaebb774bd,0.0031664268269871185
ck_958c0bd61820147f,0.027194507905451432
ck_a69ca7b9d70972bb,0.0034482317168973643
ck_64ff60c073fdb6db,0.028260242779069217
ck_20578ac693ea4e93,0.021441415995641186
ck_99c0004d8b7079f8,0.012652701521773982
ck_e5ece47d0dd10526,0.021420634785689067
ck_6c1dbee7e8fdd5c8,0.005710107978622458
ck_538dad7f096458ad,0.005341010803857491
ck_2cc1d9b587f6da31,0.25428408164720573
ck_abcbde211b6267f8,0.0348879917599642
ck_f05f5e4b40afa52f,0.0573647147330288
ck_60ac5e5f375daa38,0.02788522368871428
ck_154c8efb19dee665,0.0011963082159904311
ck_9323e6fc1e168eda,0.6946863611905103
ck_fa0b234481cb57d3,0.0763015107477445
ck_779491819995625d,0.04181171437345601
ck_62081bc35aa59931,0.03992199918099484
ck_eb48c0bcd12ea654,0.021536522996986603
ck_3209c530c9812e39,0.0891871438814769
ck_76091f357974a152,0.014560242379960588
ck_a60a61ac829252a0,0.0034134521866833584
ck_0e6bebf8ae9b9b03,0.01876066983316862
ck_91a0ca45f429568d,0.014212146761658927
ck_c021495606b4735e,0.005959394458638108
ck_f22aacaf86a65d7e,0.02821693505768489
ck_619842688294dabc,0.007856269291930389
ck_891530b489ce402b,0.025247995412623427
ck_458531c22ec2f9b3,0.014533463235572608
ck_54c2604c9ca6256b,0.026438380301794805
ck_6e8ebaea8f7bffaf,0.02250338443124075
ck_e6d3ce445b86003f,0.019341163271641103
ck_439cf7d51ec7de0f,0.005640380219673413
ck_44b9125526acb05d,0.024425155720421428
ck_466dc6274fecd708,0.013357917334495411
ck_45f4c821c70d134f,0.40362970004761545
ck_e12a9f7d027e3387,0.016352474577125967
ck_f854fba8f4adae3d,0.07947209067682656
ck_68b8b859a6ef505b,0.021171750555754796
ck_4f75144c6f3b13ad,0.010941499658328274
ck_571dee4f3336c7ce,0.012841355794265218
ck_bd21164bd2bbb635,0.047684578591375405
ck_612089ec90c37219,0.02023916547062289
ck_a38bd07a5fac5c9a,0.018747615379219883
ck_a28d6b1601b472a6,0.013809181547669351
ck_9cb89cc3178e0172,0.006948449322090729
ck_6f2f0396e5b1c538,0.9735117083682123
ck_41ba315d8fccb559,0.002642504611759884
ck_a7bc323ffed2ea97,0.22651103124234573
ck_4b68b38c1b3326a3,0.013579643748275534
ck_97ffae702f7c3d08,0.04725736221254814
ck_1eeacc26f02fbba4,0.03883713326048435
ck_74928f5f91aa12b2,0.037739655880611386
ck_22128a4f0d033422,0.009335170809750624
ck_52c311f29ca3aca9,0.0029887600827280046
ck_cf6aa24b92c4d33c,0.5759595041981522
ck_7c38ec898f0fc21d,0.059029132060400766
ck_18eb1f9181f95df4,0.004311367376365001
ck_071ddaaf2e4e3671,0.01424282415363757
ck_5448c946cc4758fe,0.017470076128805193
ck_1917ef3e6e345549,0.07157191210002001
ck_402db4184982fdf5,0.012678027776886461
ck_0ada63008be5685a,0.04046092225600923
ck_5d8773badd0d4740,0.022140273109649427
ck_389607982eb6b701,0.787036113714461
ck_7a1519ad5ff45312,0.0038848329000131924
ck_5db1cb368bc41ac3,0.05030295646504558
ck_404e2217fd87fdd2,0.0284846615125177
ck_132c16312f37810f,0.025847101793012472
ck_f7bde7265053364d,0.01880924983088588
ck_e26a6659c237b650,0.015256612197845213
ck_02a9104419a6dbaf,0.03770299712775332
ck_917d82c552f95a23,0.023094384591733796
ck_c91b7fccf6aeb4a5,0.03923711689332819
ck_f6a4a7ed27fe76fc,0.02238551862222495
ck_7c77e597c951cdad,0.0063240119160996025
ck_56e6cfa32156a916,0.006759151258316167
ck_08b4619490e751a8,0.4659140390190481
ck_13d1b192bbff8f32,0.017645083248880648
ck_0af3c13ba56ce57c,0.022671213227505354
ck_fe037765aa465c58,0.011602240821152795
ck_e05d44e46c7174e6,0.010149161675358336
ck_4c2f2eb657c2c60e,0.020682931126911906
ck_509cece86a558de4,0.037842755521250965
ck_23edb6d938a3b87b,0.08994632123256764
ck_8afc1112c12f5402,0.0176187558768565
ck_cf36d8b070ded782,0.008641295232937461
ck_d0dc156441fcfdcb,0.02375028033735262
ck_7eaad325abe3b50c,0.009345360709422683
ck_1c93cc58f314bf71,0.015730247501185495
ck_b5935e9722a39819,0.022489057970976927
ck_95790440bc4bd2d0,0.0163558929004429
ck_9afc3bb849f3a64d,0.018065127169347536
ck_5f48762a14a0326f,0.022946431646265066
ck_81e21354e477eceb,0.028373115827563588
ck_795c49f312640019,0.0015354411514910784
ck_b4911c42f3bff740,0.01298402514259126
ck_5e5461dac83531ac,0.006173939440164774
ck_ce927322ef8f651c,0.010736128677731402
ck_f1ef5cf7f10b16c8,0.017534058736833072
ck_6d6ac1f5dd882aa5,0.01735770211971617
ck_98217aeafa0bfefd,0.014931625027390033
ck_998475a2e4dfad4e,0.022376204685465056
ck_dfadff70a58a9133,0.009283165781804934
ck_b2c896beec146477,0.012188335013246258
ck_cd09375e6c81d2c4,0.04022802375997773
ck_8642e3b6d84f49d3,0.019518493870689956
ck_daf7aea023b7a8f6,0.009107297847223686
ck_3830c58d841e9e69,0.24382108349081838
ck_c4402ea6291df271,0.02788694646658091
ck_002eb6552b504ea1,0.031010307125428117
ck_a0dab7aa9c4a39a9,0.04794280349487393
ck_a84f2cdf695a71d6,0.0034934803581412387
ck_1402d24dd623df72,0.002706787549574959
ck_4a1f0172d3bf4fd3,0.025976589264573195
ck_3954b7b0fd1d6614,0.00755805571533288
ck_c735b643d3cbf67b,0.0028671134187504203
ck_f11f7691af16ad07,0.009821051988110322
ck_9158bdbb63ee8987,0.016522988822058614
ck_b43f04431c267dea,0.017205873463290375
ck_e36c8da1bd359960,0.031179251870584856
ck_bda4041a3e90d860,0.004744506536438046
ck_78aa4b731cbfe251,0.006920930763418239
ck_f6e9d14dfb6f3c28,0.03963412113954063
ck_bdf837d761a7cec2,0.09083173479687488
ck_36e72ef9273e7a95,0.019295357906395423
ck_f0c18cb9f951a71e,0.03632389572572497
ck_ab4a8d02ec3c0fd7,0.010384404719869933
ck_8742114f4f0cb22c,0.1576656622407063
ck_684609767df4a14b,0.05087031285868331
ck_3716c6181a5035bc,0.008568757049416165
ck_7d3a88d1aa649708,0.8331024793450357
ck_ca149244b54ef3ad,0.0021288442305759346
ck_f4ec4a935e51b4db,0.025827079704260108
ck_9a9e3dac79280d7f,0.10977395899370515
ck_8c346eeefa9ce692,0.012241694587023368
ck_6cd8e0196365c474,0.12092100869016842
ck_0afa4449f20d5196,0.04058209031727621
ck_4ab74a6e7450416c,0.037724712653589114
ck_c80a94d4660041fe,0.03351670520331744
ck_3edc45db58760d76,0.007239214340897042
ck_78a61215675b38f0,0.017957353807224682
ck_29640fc2fe81c251,0.03526213063379864
ck_1a3ff7620580a514,0.006653234847053259
ck_c49832eabdac5bb7,0.008724563317898813
ck_4637e54a9f79e2e7,0.1604050013881507
ck_949f08f8e80e93ea,0.011864170682788442
ck_e14892e424180549,0.01757738731458809
ck_48d4d63beb26b623,0.19561981049890198
ck_d07bfb16a4a7dac0,0.9267974928063908
ck_864a11202e19e812,0.1853212249463862
ck_fba15647b3a140d9,0.010349362457528526
ck_e78ab4ff52b5fd2d,0.007420237748988735
ck_eccfd552aa652d3c,0.017211611047675997
ck_52427b3f8478db19,0.016751552680527516
ck_4cc11c7d3ca61f73,0.05551406462254239
ck_25c355da356c730d,0.022106007983500812
ck_77fced07f6dff42b,0.025942547828594904
ck_994316fa5a02b319,0.011153203421896544
ck_1e7de58822000dea,0.1834507217618723
ck_ecb1e15f0b185ceb,0.022335212510119634
ck_7f3685aa2933b251,0.06053377446607166
ck_a1fd0ad03ff9b776,0.019107856808793868
ck_de7259c3741db179,0.019187400647404103
ck_d4007b5b26d9d854,0.007477760234446806
ck_9994323f97109f4b,0.9983799169459524
ck_1f22f04dfc08cf27,0.009306106003217516
ck_ca68dec0c7df5a12,0.022362975931441348
ck_9d4fed252718f58a,0.00912457605649086
ck_fcc2059a8d5c41fa,0.10009145378185161
ck_2b90b76cf4d162f9,0.011704121111772823
ck_a17128972d3e507d,0.021329299836150038
ck_742f7c28ddd019e8,0.03422287998298672
ck_089e3a07abbe3b8f,0.0032600947772796814
ck_360237c1bd30f4bd,0.007333308355021518
ck_e475a3b8ba870a7e,0.017098920142345472
ck_399b0d510be98bd2,0.013903399455583748
ck_c5b583490198672d,0.017293412354913617
ck_c1b493527224a27a,0.020807255585787277
ck_7e2ae8b69ebd5675,0.004049224145433598
ck_d17653a4a2d4a79e,0.016995629880793714
ck_74b848064f2ff45d,0.00605593187062325
ck_ccc83cf66365357b,0.020829577472352562
ck_13677a1957078827,0.003937236687618047
ck_7fbb709a0fe95759,0.015481807600633108
ck_f3bc10e3decefce4,0.027338557794890764
ck_f42a43e4c3f34ccd,0.01332975961911491
ck_c3db1b3ad4f16679,0.005462555206687779
ck_fc5ea49518e5d637,0.015242309422566838
ck_dddd14091ce812c2,0.023071688486949887
ck_a9ca2f447b984a6a,0.005153258737227658
ck_839ce35819bfa4fc,0.0055536787937241925
ck_a0c3059a959ba5d1,0.046732312667868925
ck_556786868599143b,0.010411365013369436
ck_f33188c232a03526,0.16475546913483988
ck_dff090f03ca5529e,0.04343237946880118
ck_27fd85b1e38b675a,0.013372009753004108
ck_4136b00924695ab4,0.001141123202419837
ck_f786cbc987b70930,0.005894692460350772
ck_6482ed4491bedcaf,0.0014380843515809326
ck_c49b685d2b3ab89a,0.00758354980866522
ck_c5f8ab515840a0fe,0.0090366349956241
ck_7e63168dda612235,0.019874552272332525
ck_562320295fa35875,0.02210659369917746
ck_e42206e91f6a1752,0.005405545737635996
ck_3938e92585df2b34,0.04869814307881382
ck_1cef30d08f3a598d,0.02147477082551021
ck_bb76609b79e0bc9f,0.16928901624529266
ck_0259da8f109017e9,0.03766225486937089
ck_ab7cb50407d6b13e,0.015650526878732394
ck_0f38d4aed68d7d24,0.020054545500489948
ck_bc7ece8787ca7200,0.015898338912033495
ck_0c6a50d747593b7b,0.01591568871720034
ck_d5458ba39ae94498,0.021197160223082552
ck_2468a7e9e68a0927,0.004129973478895734
ck_255f0e5888ae9e23,0.06806781342234679
ck_cba4162ef29a6d27,0.021433973721634608
ck_29da59ea3bffb9d8,0.30735975266677795
ck_2baf214ad6bc0dbf,0.11078144198041362
ck_79d62ef181bd0cd8,0.017661760994743224
ck_d35c51e981b98c5c,0.011196306753785952
ck_f4536ba8dd2d551d,0.007411865012786415
ck_02241f3dc301bebf,0.018977883578548075
ck_2ff1860da2004c84,0.011510083986771346
ck_7c0fdfbb447cdc04,0.13754645268166807
ck_7fc513033af061af,0.021966720804215894
ck_c1f4509c8f5dac5c,0.024585336379748347
ck_614f777c2eb5d537,0.01976441963055125
ck_ca7b993e8286af7f,0.0485008236413623
ck_7878679065876b98,0.02496995009291852
ck_8f604fa70fc3c8e3,0.009441870624343514
ck_bd85f30c36f5998d,0.04241841619819524
ck_9d1a5cf5a3b87e48,0.009106088435169381
ck_6236a461dc0d11a3,0.10018600240541392
ck_492e4b89c61b7b6c,0.0065057073309514775
ck_094d10439b7b4eac,0.02454989382107112
ck_c50fed2a7c9198c0,0.019403058195928063
ck_ddd65711b5651f89,0.007601372335570096
ck_1d2b80ab6c4944b9,0.012675275857764587
ck_8285bd3c90af94f6,0.009556179301970816
ck_838c52cc1d315ec3,0.03933917199275031
ck_e7d903c50d353361,0.006505707513737474
ck_708fea345f68037e,0.0020532647673876156
ck_4dd4ed23e0b927b7,0.07252623731774897
ck_8105bcf69a75ee47,0.012901444859656216
ck_13376c59b5bd6943,0.00937104437647741
ck_0406931800e0e2e6,0.03446316073148675
ck_9951bd806c13c7fd,0.04870379194193838
ck_6715139e240007d9,0.004890979834191339
ck_ec3d12848ced99f2,0.00930530820539948
ck_83c2c34add971d76,0.011618493891617126
ck_277621473369614f,0.9988001586273171
ck_2cb3c99845e572da,0.007095025782531572
ck_d111c98b36bdb791,0.005349392667225515
ck_6c54adce174f45f4,0.03170413410651371
ck_3f9e6d356d3dd3cf,0.013104223410166873
ck_3f5ae4673a9f858e,0.06384370373997227
ck_1af547077ba2dd03,0.21679341612607222
ck_b080ff636932d1f1,0.005240893123580765
ck_09cd5c4df1e81ac2,0.09044764398364788
ck_b62f3e3185251f71,0.0037842204216525246
ck_0add2c321d579d75,0.02843251797521157
ck_99c0a41ac9c73857,0.011470896416946676
ck_179039559ff7566c,0.0151094743492731
ck_ccccb17d2ca6ce94,0.1481862865558363
ck_8bedacc6233c6269,0.01677661473122506
ck_d9573100bbff4014,0.16806345138558157
ck_cb61902798ecc4fd,0.010425359267683228
ck_97a8dac48dd62488,0.5667330493144267
ck_7ec423cb56257516,0.015033166909779048
ck_23ff85f9d2355e8d,0.018411526654377317
ck_e077d004cd1d80ae,0.010904926058374747
ck_85ca825f905a34a1,0.02723906502098791
ck_4f5d022c99f118b7,0.10513357286881121
ck_a9dded7f6294e44f,0.19312338784236543
ck_d98934f9fe0b02b3,0.03263656391154172
ck_a907fa8795cd4baf,0.0024270721285327064
ck_0a2b7078736b4dda,0.0012914058329858357
ck_0bd77fea8ed75a15,0.015989486025589115
ck_c1a31690c8573226,0.011170135005925768
ck_b1495ee5c59a6b28,0.023953004131083342
ck_2ce5afbc014763b8,0.017053017070586887
ck_aa4ba931dd37481d,0.09712203279826383
ck_fd78f8a8663646d7,0.0073693173385277096
ck_62967b91504149f9,0.04757883614677605
ck_e8bc49e6494c1f37,0.02390400709685203
ck_9de191bf79afd676,0.0072242349095608055
ck_bea2cf7a6b7bb900,0.007135073394437341
ck_fdf0c5b722d83464,0.0027605153618853783
ck_8e16a64a776afa82,0.1517516767221335
ck_4f490e379e9ded9a,0.006365745787800204
ck_f7305b3c64cf8a03,0.010755517259936632
ck_8def763034187436,0.028849512172908653
ck_f88c79186a082beb,0.053066503314123534
ck_b98e9c3ec6e7d1e7,0.004639747973252882
ck_79c30169c71b8033,0.7532182153540907
ck_f301f6758e170d66,0.03651510386054732
ck_9843d0e61c37ebe8,0.9987448017088684
ck_b3867f7f494db64c,0.018351911289499707
ck_db906debc36a5d1e,0.07312326562078166
ck_bc7710f7e9fae649,0.011001635088951944
ck_c8198cb4c461304f,0.022859876802515937
ck_018f780215ecaf38,0.010241751735163196
ck_2f241b97c0f8389e,0.013042020029845149
ck_073da541ec3f9d3d,0.01689117790013525
ck_43637d28c7216453,0.041467338993862374
ck_fbdac0221bc03f66,0.0028253376177139913
ck_c2dccbc1b24b137b,0.23835423713210047
ck_4b3506b624e5193c,0.01979974280542938
ck_d3e208671cf37f91,0.9210294722297069
ck_cfc2384f22954830,0.13633820634429428
ck_43948784650bb9ac,0.041065888682210214
ck_5fdf8a0bdbd3ed62,0.016978549348606445
ck_6c2453229d608183,0.02028588667885682
ck_ab01db9117acfe3d,0.010758505774481142
ck_87c26b2f41025109,0.9980363013871644
ck_5d7801201749ffde,0.013324795815979906
ck_63560eec94b76d2f,0.016399413190721218
ck_bcc8519fe8521038,0.054919259288912156
ck_2208392a9f6bd249,0.006161990045655634
ck_0d16d9349e4a9e08,0.029110313768338072
ck_df69858b8a8b3165,0.010730060768516219
ck_4f6ed5ea5ab7c429,0.02344692301236311
ck_295c0072eca7f7a2,0.008857463135312273
ck_179ed66cdfc1ce27,0.018046637403663763
ck_5472214011fbc2a7,0.005131180804475959
ck_6957905a65c47879,0.048784990268281425
ck_fc6fed6ea96a004a,0.0033855131285618918
ck_9371c700d9830326,0.034558394718000145
ck_e739eaaa7a1822f2,0.024910426706505277
ck_9693b1eb70880205,0.019305954587128544
ck_585ababa02383b50,0.006076230934736802
ck_3acdb083e0d8ad61,0.008755154662172538
ck_ad54292a0b2f44ef,0.006615397012604631
ck_a07e7409d6d5aa06,0.03420903086316196
ck_59e77e3a81f1fa0d,0.03252005171413273
ck_9e35b908fca1e4d7,0.018751317915167064
ck_d546994fc5d3e9d1,0.004497149305547538
ck_2ee84f3fa27f2cb8,0.005089079458060857
ck_05e01ab9c95449da,0.05719463589686579
ck_e666629e5a41b39b,0.01073892738520402
ck_91742711dfdffd56,0.015000915471880361
ck_5b2728f7cca414ae,0.0063544049395350384
ck_ea9edf9c107d429f,0.07974583800464602
ck_c20e89afe575549b,0.01045062008470671
ck_22a7cf3b99c5e5fd,0.03685706296813926
ck_3327a0582407068b,0.02571589224246433
ck_16801e628e883d78,0.0034042995557778716
ck_f96db2a1f3448d1f,0.012051752003326437
ck_d66bb1f063357f99,0.030460879277945975
ck_fa8a4a9e77799fcc,0.005004528467528269
ck_69587a134d43a4ad,0.16788077312807834
ck_17946516d5df71d7,0.09059089028869377
ck_cc6d33890d47a6cf,0.031580412851963446
ck_e291cc60920456d0,0.04848551742479185
ck_361f535599110201,0.006239623951727999
ck_4596624a7c01d501,0.007543790648487682
ck_87dc484baaf5a23a,0.004097098504860494
ck_a2624e0387974e0e,0.08462818728289434
ck_49ccc3716a564256,0.001581677148252869
ck_ef1a1de20d2124cb,0.02846275329473695
ck_2f9fd36a4a40a6a8,0.002046685186061395
ck_8e039b23acaaac00,0.02152463006241148
ck_ae2ab6be219219aa,0.0053357688692954805
ck_d56fc799542299b8,0.006590028083741883
ck_d3796aebda1cfed5,0.8258744728393022
ck_024dcab126876002,0.04371022004887461
ck_d91ab840848a54fc,0.009755618500672839
ck_41bc3efa0fca700e,0.06411942050436648
ck_d879d645d6e44207,0.014433051833421535
ck_8d84d771a21942a7,0.017598545802022098
ck_bc736114a31088a7,0.016615856557442913
ck_1b1efbd9c0964c8d,0.02485515414341905
ck_3521243bdac61178,0.02802542675481506
ck_5d16e257c0635f7e,0.29508212929444405
ck_b08b3f089138c901,0.014837070943835387
ck_e30cb64302939f38,0.027405225692070025
ck_e98429675b46272b,0.004622173795573604
ck_be52a7ec43241ba4,0.08222147711284147
ck_b4c014d5c0cc9eb2,0.036392675541547514
ck_26de14b96bdad4f6,0.019491085341982732
ck_5aadd286d188f5c3,0.016881087521218315
ck_abb9d65ff1f95b64,0.02641182655207559
ck_385188ab27784fe3,0.030652764338894946
ck_b5f9dd00914b4db4,0.046809058610209994
ck_85df7b7de9700aba,0.02131416763749636
ck_214af0806470ef48,0.026181596885316315
ck_4b041217690fca2f,0.016003959837060506
ck_f69e93388b3028cb,0.27137011335860795
ck_9eea37d2de633b27,0.13973978440594212
ck_bc19c383560c7477,0.012265010073949941
ck_a1c88c0568f142d0,0.03387127951962553
ck_63133a79f23e2627,0.29484970481653544
ck_39638880292782a7,0.010029652784409508
ck_a2c3e82fab520483,0.015659602538847645
ck_4b0947bf94e9d847,0.027083982064262838
ck_5f87eb05d18186c0,0.01731768225033889
ck_0dbefdac0a1868fb,0.027463533016340226
ck_487f7fbc290e4ae2,0.059715056783236346
ck_5e418a7c04437b4a,0.021188989285576363
ck_a58e900469dfc3f0,0.019172235422938184
ck_11c7667920541587,0.011206663467308342
ck_efbdcd9c181e72ca,0.00929357552736741
ck_aa42976a31cb7770,0.004150590833462923
ck_69ab9d4784eb77bd,0.04813293915540868
ck_1f517e0ebf397b51,0.06868956795335546
ck_b7f4baa2cc82fe61,0.0038477407955229683
ck_ddc11fc481eef58d,0.029047994152628324
ck_24b0803447211bf3,0.007510344018593522
ck_d4c1da5a1427fd6a,0.0538551839718242
ck_3df8da6f60a89a5b,0.07171827739864305
ck_a5e036327d3d1862,0.005109096431228427
ck_578f67e69e5d2cfd,0.01685893331542752
ck_c1d05ef0ec6e4be7,0.007644830247075194
ck_6ab83f45bf16eaa6,0.013831562394979081
ck_2c1def5c91c52a5b,0.20058980314950609
ck_984dd7452aee372d,0.061833458058968706
ck_99d3983f907828bf,0.05887444540372782
ck_61d7b0568ec5d6cf,0.05082972423278546
ck_69887d0a9aaca6df,0.009337739761480075
ck_1be8cb95d6d9bbf8,0.011020095863054602
ck_3e4d02a04be2aaf8,0.03828939234383008
ck_2d3d6c9364362017,0.0053677677712076904
ck_22311b037456a76e,0.021622385758872917
ck_5f4a25ffd0b85a47,0.015449918688399617
ck_560bc6017870ab06,0.0027821103357189136
ck_6ca018259f70858f,0.006431043974777532
ck_4e0e80f5cc271bf7,0.006115341002090975
ck_32bb42f9bff197f8,0.018825129428653272
ck_7717fcb100dc4b5f,0.0221837971676426
ck_09aadb4c41b166f1,0.16618193294100905
ck_58e5359efc52e0ad,0.10522426845130169
ck_19db0bf788697c2b,0.01637828890522736
ck_88e3dd3039508332,0.02381494632839457
ck_d1b9e5d32d2d789f,0.023607410053153546
ck_70b9274473bd6dfe,0.003005565846335444
ck_49bdba9ee1899dfe,0.014574023063056616
ck_9c60ae6958d68dbd,0.23122269115043134
ck_e066f71f8b296b7a,0.01798236750594425
ck_3b6057d51fd4c7d6,0.020662937110086117
ck_e0b3158111370118,0.013171236880794836
ck_9a0b605e9c3220c4,0.06115817637373801
ck_b898d912d1181ef9,0.010453103688713435
ck_5c37f7563fa7591d,0.007699198834441259
ck_ec7406cb5cbc8f10,0.023750349735810056
ck_e1790b3aa2241b10,0.8880035468593944
ck_5b8fc4a76f340797,0.010262768622303235
ck_5189a302cfa7cefd,0.0026057470833440893
ck_430a3d03be588201,0.02852737660696306
ck_687b412e2aac7eb6,0.008279661831407853
ck_a9d994554fc14a02,0.002125386291048336
ck_ed0e776c0926ce67,0.057035389183959326
ck_d4ec44760cbe03f4,0.009323366648272912
ck_87eb43e3b9d96169,0.16697429254058155
ck_c0ce85fb4109567d,0.007874315921083121
ck_f73273e220296be8,0.014145390829866355
ck_f1d8a2695a575e56,0.03552296189853544
ck_fb90408f4892a21f,0.00518718889583719
ck_71a0d645744302a3,0.10997312350252138
ck_710f867a3bd5898c,0.01603304539716
ck_49c98bebd1338879,0.028870354092402833
ck_0ec820b670d48098,0.010296650755813274
ck_0e8f26536ccc8947,0.02835593280676269
ck_39a81899dded61e4,0.003043309182575797
ck_cebb8aa8c8f62c60,0.02319553848700257
ck_f09165d73ee903b1,0.011821732091242989
ck_219bef979ee21bdf,0.008689593437020405
ck_13757bf0eeb353e2,0.01265944345357291
ck_771247b5bc16c12a,0.004166870495111726
ck_cd32e58e8a1c0e85,0.01482291922886831
ck_b7dd681eb3d2ee38,0.03526109284354007
ck_165a868bdef28ad3,0.025494585171436383
ck_d6f5c8741697abb3,0.010996696452660524
ck_1e97899875bb427b,0.00745756260921117
ck_e7a3881c3e36bd51,0.0647417407442551
ck_31d5e3daced93d3c,0.016888037894659445
ck_b7f5acf5df1bb13e,0.010292203728061503
ck_3caec7dd6f8d02c9,0.023632379734026338
ck_1a6b30320835e57e,0.007423735788780107
ck_5a4eb535c9a11993,0.03722925728806277
ck_a48ec0c00ae20e82,0.06164744567071023
ck_9b1c3742dd6fcb8b,0.02192432262181372
ck_0027b5d4107d65d8,0.06703767514253713
ck_89f3e380b0686963,0.03587047542692743
ck_5e9e149a3b69c726,0.026969826366192936
ck_ce5ed372b1a2ed6b,0.017403245738279456
ck_c081e1967dcd811f,0.018468077416024846
ck_dfaafdaefa5716b6,0.03359030834165382
ck_9df7e153868bca13,0.03050773279065074
ck_9790138467a06223,0.002822417963111424
ck_2e481d75d110c06d,0.08296719458677486
ck_580dcec33ec232b8,0.047626173377557326
ck_e86ad2fe815b6ed9,0.007576252901641954
ck_b48cd8593533fc1d,0.1807658508861498
ck_e137400825a1e3e6,0.013722881512591061
ck_7fa947a0b1c1cf74,0.14548253031860242
ck_c383aeabd53e9c89,0.040446815717039175
ck_668ec61c4c39cae3,0.01944334780619227
ck_8288f7f226e08b89,0.012131473516871917
ck_94e8142728e44380,0.035115585268290755
ck_8d94fbb4828ef326,0.04377751480975859
ck_630530e50764f229,0.0049877832226048035
ck_b9e5b318ee4de68d,0.01797436843679569
ck_1d30eef7110809e5,0.18901294891795656
ck_e4d0a9e1102a58b5,0.0029898212870836743
ck_e3a22799716df39d,0.020442427130107892
ck_bfdd232a7c5f2660,0.01805515565750299
ck_80b072b7f3c7e8e5,0.007595411657747839
ck_e77529651c416cf7,0.0062828891522055
ck_733aff0f56f5b3c9,0.027274147103994447
ck_b89c6fa2ad0a12f5,0.020097937989292276
ck_1e6628879e9d653c,0.010514596405058054
ck_8dbaaa00ad829ca9,0.019721435432940446
ck_cbe716f351d660d4,0.0055534182938314905
ck_0d0a1a021efea5b6,0.018292909541838532
ck_ff24776280ceeeed,0.0445939733279152
ck_4940e78cbdcfecf3,0.0057188415074150255
ck_20cd2f5666719baa,0.007009132076486772
ck_16c501470d9bb006,0.013103557352134813
ck_004fe0daecbe2c1a,0.0375577284600831
ck_49dd816b31fba6b6,0.7223808332679451
ck_3e47f8c56c811700,0.034145418659776675
ck_e6c8611c0cf233d7,0.014662326446295365
ck_227602ad072b838b,0.010139295039673896
ck_392cf2cdd515c34d,0.007743272451782526
ck_de056e37c82e8e00,0.03456487403080458
ck_eeb75f8a6439f65e,0.0292242853910748
ck_f1f2c3c623553f0d,0.0011049354023185533
ck_8ce9c5807acbef48,0.010284648856450517
ck_adfb8472d5c3d669,0.012778282357467734
ck_0e0919292ad33472,0.6680768444804008
ck_545b71eb4fa594b5,0.011876473965050226
ck_8f3ccbd20d59f1f4,0.037603056956270614
ck_f63cb5e8cc702bad,0.011264979900759002
ck_db4083a0d043def8,0.2292412957847546
ck_f9f93d1d41be1468,0.44195710624371654
ck_dfa0ac11fcb1dabd,0.04058710083841739
ck_1dd69a11daa7bf1a,0.04177734963587025
ck_c1c7d4e62c9fcded,0.038924574496687195
ck_96953b8945b7d403,0.01997206117867295
ck_ec2eee6a133e9a6f,0.04929969029129381
ck_c05737ab74cf03c6,0.0743426282004314
ck_ff8059ae5fa5f1ee,0.0013469182151472712
ck_a59e90219939a1f0,0.005702894697616016
ck_d305b4d82f63f647,0.013328542130123154
ck_556c62e92d4e7e5b,0.08402900167526203
ck_31e70f2f04b48b88,0.005282903253664392
ck_ae3a763997f8f385,0.027329548584812766
ck_34d6d74bb3ed11e5,0.01686272259169862
ck_601edf9105b3c321,0.989592719855887
ck_188fdf2be7c92e9d,0.9988898914446284
ck_94410eedfca91304,0.03806249169211967
ck_11132d245b94d045,0.01300408185881274
ck_4802a0a7a1882c88,0.03951693748788586
ck_b52b99dad89ecdfb,0.01674249494164288
ck_fd4582e3853ef23f,0.010548432119728456
ck_1bd753a4681946c8,0.9916262513935542
ck_1de43fd6c6c22a5f,0.06570913280431281
ck_4a733aeb833406f4,0.007932231710690093
ck_30f4b2ee8abe1342,0.17566959453727185
ck_ed471e496916ee15,0.034566075327176746
ck_9ede51c8434cff6e,0.015098340101989832
ck_dceabbe04d99afc2,0.004583202093412182
ck_77fa39d3b733c226,0.052730211561172836
ck_7836bf6def26aa87,0.03794779583268444
ck_5b82c774df10d49b,0.0049146767544407085
ck_b9facd2210daca5c,0.07174096686510484
ck_2210f7a0d13bdbef,0.022256628216226006
ck_333a43ec339a04cb,0.032221263885174066
ck_8bb6b0a292754576,0.023132443423473308
ck_af02e1817cfa40b5,0.3926532329181653
ck_62720b81617896cc,0.0047282021470790615
ck_df87d6f61a63eb21,0.021566559372290826
ck_3f090fc96c24eb28,0.013554843695740185
ck_378a9df82b1e0bee,0.40595373092036824
ck_84c402b23766e1f2,0.023706643068166625
ck_9a36916b60178ded,0.49354266651049333
ck_aa06ed358e43db69,0.04714902318474405
ck_35d6c510ad29362e,0.5686546441571898
ck_533672fb40531607,0.19415427825091275
ck_73a54b56a2bf35fe,0.48137846348376734
ck_676fa5f6aae5475b,0.02200526593349121
ck_c72a7d0d03cf3e17,0.1218023530158764
ck_19660cec756632ca,0.06387956949276091
ck_28c53b214b2ee882,0.2545874552781633
ck_5d7ae0e3562e99bf,0.024177977240476604
ck_993beb188dd4abb6,0.12238871381612752
ck_f034adb57391f3d7,0.03277112842904621
ck_6ea70950c1cae00b,0.9293877352177907
ck_67cdcdda3033842d,0.020823748071215512
ck_62fd7eb46bee9210,0.013142679971069327
ck_d3f44bbe2f7e9b2d,0.008057111100817483
ck_d3b2b250da61db19,0.8031360194234487
ck_344b2e326a6c3dcc,0.0344142082618292
ck_c37f03995f0f0169,0.022929688820459582
ck_b2a79dd3df560f14,0.04407357928264931
ck_fca478361870a4ca,0.04873061493882036
ck_9a6a1f8102febfca,0.016975773774763513
ck_0324a4812ec319c6,0.011113872298751997
ck_2733fc6ba23ae46e,0.005665124591835034
ck_49a0efb5d4067b6f,0.10109266628927395
ck_e5cdbe3aa12c97f6,0.00893934712880031
ck_74b502b20690ccfe,0.005781241706272689
ck_1b0b7c3d35ab1259,0.01751967640988357
ck_c8791f7ebd4d93c7,0.029723595205940916
ck_a821980ac4db9943,0.33543665930587163
ck_50087d8666191144,0.006838162965343079
ck_d598fe8d2c779ab9,0.007894451191899436
ck_ada6ede84c111719,0.005296241886146033
ck_32246c62640648d9,0.004069984972226151
ck_233a487d31c3e631,0.9964588365379674
ck_72dd0dbdf808cb00,0.016438934754444984
ck_d56ee1654378ffc7,0.01419420774663642
ck_455672e652fe1abc,0.9453371337355709
ck_80dfa54b30f65fff,0.6282861225471202
ck_f11be8ce05382cec,0.06183382008381723
ck_e55b7fa67db1ec27,0.009395081698091137
ck_d730ff21bfd7769d,0.016976533224089176
ck_7d6bff85e7a694bc,0.014095746764320209
ck_7c500e219af39486,0.04384454431468919
ck_84d07028b5fca2f6,0.03225263928127739
ck_6a01c375fc26705a,0.020872449982105374
ck_1abb93f6924645e1,0.025825940935433517
ck_9a43c0c73a39d759,0.02996629613472539
ck_a553418f2fba1440,0.0052116917458882904
ck_02b9f418524f6650,0.022499482451624364
ck_2a97db9377d01e36,0.0033691696258433593
ck_123d75ffb75b606d,0.026395017457351844
ck_a85182ad90b6f1e1,0.017554043556039078
ck_bfc2a57d8fd1610c,0.369961336978324
ck_0adcb1fffcb0a34b,0.03022685639027957
ck_de436e7b319be1fa,0.9973154762784782
ck_962e65ab33b5c311,0.9780210073231735
ck_a9b0c4dbd7db6a91,0.03571566529773647
ck_11cb98211b2ed134,0.759900470599393
ck_ba54e0a1c328119b,0.3716576977740758
ck_37ad3a65db673e70,0.008012561796571411
ck_68dd79a51eabf5e6,0.06451287067304659
ck_3dc4d464386f0eb2,0.15152836563587205
ck_260cfe9141d249f1,0.10398280190355505
ck_7e5f02b51b9f78bf,0.01673597319218332
ck_ba93cb604f792915,0.0329157304177431
ck_51bbbf8f8e8ad005,0.9994688242772795
ck_17673a1c2867888a,0.00211656187567204
ck_16a06d58d71935bc,0.0960868040987218
ck_f908b527c4db422d,0.03872485946664047
ck_614d936cef98db04,0.05312589881502766
ck_af70aa32c009c3c9,0.009367252190052062
ck_2f8120ca80a1592c,0.00857727302893418
ck_df1585c7d72a96e0,0.013496764227636984
ck_74e9747954a46eaa,0.06425907683182551
ck_317360ec0a67d27e,0.05903565790280636
ck_2a244f1ae08ef83c,0.014128374278170987
ck_71b37fe47490b4ba,0.00047231971128318135
ck_233397a8bd40d38d,0.010887321475200572
ck_861d8e3d88f1079e,0.028226222159310716
ck_7ef019ed77276496,0.023106830369140612
ck_d28806a2179092eb,0.9956843669596298
ck_7956c251b85f009e,0.26768807868255
ck_3397c7856b4669a5,0.010554743654414672
ck_8ee08f6777cc155b,0.010797038705347237
ck_732f725747393ec8,0.010436317292118599
ck_d6a290ff8362c7b9,0.059885675557872296
ck_f66f06e24ff32671,0.02785805020273329
ck_d66d59981307db93,0.01839015825317796
ck_8449a28f7d475d93,0.02001356659059344
ck_a4d7f6a5869d440a,0.2967686931203821
ck_8311cb6755b2016c,0.0072367243813702894
ck_e81fc223bed3c46a,0.005741528352506188
ck_405b20ef9ad0ba5f,0.07642396885067959
ck_e9dcf535f8c289eb,0.06488776150010445
ck_8de69cd219d3b87f,0.37520548579921303
ck_65ad9b15979e3247,0.009613960134772141
ck_706a4f673a9fda3b,0.060816085176954505
ck_f7485cba392bc294,0.21688048969882076
ck_53816231f3ffb48d,0.012795135035735114
ck_724e459b9ece38f4,0.03696273895548458
ck_ba4a6b9aa63964ef,0.018323207737325185
ck_da59ab47cb6284ad,0.011594381220552386
ck_73d3e8c6077f61e6,0.11194171950059369
ck_37143d9cc296e6fa,0.010221393224590295
ck_93cc12703b500613,0.018938442130205842
ck_a8a2e296f9804bd7,0.018912598442781644
ck_e95c8cc1864bd584,0.01038026659763244
ck_0aaaa9d2f75a0518,0.017760051844030005
ck_5b86fd14e85bc9c7,0.5340009877604682
ck_56b389627d8f02c5,0.8666748615848062
ck_51440f64f7250ad7,0.02198536722091923
ck_0f4e2ec66d50da5f,0.009880208607552385
ck_94c9a4d382689e82,0.027183714187010717
ck_f9604adde929beff,0.0318746614817215
ck_ab553954435e8854,0.1638849685393419
ck_fcfe06e44d09a344,0.018274131524467687
ck_6b93bd8abf87b1d6,0.7320294046119207
ck_f85155ca5c312c7b,0.01463120597379077
ck_869b1878d09d230d,0.04041157856751744
ck_baba5d66def0d770,0.02553006837978459
ck_3c177f5970b68bd3,0.011947818112053627
ck_353a272478f7e903,0.038470258481116966
ck_408efac1d3885ff8,0.0337036898327459
ck_2296d7a563424883,0.010061000737251455
ck_643f549b4ac78a26,0.36275985509636255
ck_cb3a40594da6a2ee,0.021331285963990476
ck_0595c2a0c7881e05,0.032797030046902244
ck_c6cb651149dc9a8a,0.02672092503761981
ck_59735f4ab2ad3da5,0.0165993211208127
ck_fa3b1e85d27af2ee,0.029214952992886446
ck_a705c61bd679496f,0.010740664857781851
ck_b36086ae6d87eec1,0.008299696316614574
ck_646dc03de4c31803,0.2712029404876803
ck_fecb39c82c43e76d,0.05748394707847699
ck_7c6b577174af7a78,0.006975223838262791
ck_1833c81d693c1e07,0.8224534060380816
ck_8ff7a9b23a55fd62,0.003147325280224802
ck_45a16ce12893cf9b,0.005163668813408191
ck_f8b3cdffef535330,0.04463040763520239
ck_61814ae9b6d8eab1,0.01758863776760937
ck_c9dcd92b2f836b61,0.05803704350926664
ck_dc569c1167ccec0d,0.44471109483188087
ck_3f5e8f3f1df0c8c7,0.048769087847033224
ck_66147fb994495396,0.10508144749664011
ck_e4fd8cbd842b6993,0.011656973738296897
ck_b51a58e7f032c9a8,0.021967324960485007
ck_09faa4e771cf876b,0.12120007027051516
ck_212525e2828a6c45,0.26125863142497063
ck_58e20f5a3e7f11b8,0.744548805811561
ck_7831ca5c31fb3859,0.16176887562216982
ck_dac3852758f4ea89,0.008232928936633062
ck_41dd44308e6a665a,0.08817694016382586
ck_e9f228845bf6e28b,0.02756309930153741
ck_dad5cf32ab9f243f,0.09713251431445957
ck_c2bd5a722aa637d9,0.03968033073080771
ck_59a164c40c03a45f,0.015022610981065308
ck_d251e9fa09e542dd,0.9987016897622153
ck_c24b47184534cc2c,0.9917199294477446
ck_5fc65c24e0736d5d,0.5042197680692257
ck_dd97429277a2fa00,0.05442139140588036
ck_9658a6ef471053f0,0.0530767796080973
ck_b9f1465d803e57b2,0.1539204734165383
ck_b1befe967f7a5ebf,0.015366920919216867
ck_374865697f1480eb,0.013713290367674581
ck_95ffa1a805a1c9d1,0.012253281214661585
ck_bb41a66e3d90263b,0.05778907650988183
ck_5d22e9ca1d15180b,0.03240941732323864
ck_e69195a3c885053d,0.00647372741888427
ck_333544d173524f70,0.054366507209784934
ck_2dcbb71e39d64305,0.00846829647791446
ck_4b088920f3a844c1,0.020248461666665843
ck_24ff97ad90bdd69a,0.033476713685603114
ck_aefd1ce3ce093cbd,0.003926325189059753
ck_5647030283171ed5,0.5583711157846134
ck_c6fbdc5ba68a8466,0.008425544391000876
ck_e1d563fab4d6116a,0.03412201465123809
ck_e49b5e4f2f2e79db,0.41806665346664657
ck_ca5b1057f8248f73,0.014139234651728283
ck_e8ea56e122a5a487,0.013193197831304465
ck_57b8226610b48854,0.12452618841911275
ck_47a884dec960ff2d,0.0633909479533094
ck_929bcae878a3ecb3,0.05101929782728761
ck_0789a05e061b2784,0.4823643616628381
ck_510e7c5df1f95d90,0.9923443625675088
ck_9040edd974ef8e3f,0.4392624984312635
ck_58eb871e8d7bed52,0.008649889898333785
ck_76ebeb5aee42f041,0.01580240088622561
ck_770475876d0e7e6a,0.017627352607663693
ck_7d9f73dc7c4f90c3,0.22026624479132745
ck_b17c239f160e6017,0.017638364131103687
ck_72e7b1acc19df820,0.06983354262431622
ck_363751deae40edfb,0.0553040615852502
ck_6e606f73a1094afd,0.009446794454781318
ck_8250eddc1ecb07a0,0.03241491917071726
ck_a86cd653472eccbc,0.011032899320778531
ck_c2b61a98d1c8f6dd,0.11385779735107929
ck_ec30b61cbf517db8,0.004689916584131746
ck_e5f5cb7dd6ce4a37,0.019523677613003908
ck_2d46291975f0dd08,0.02785120975271952
ck_6f04d047d1dde75e,0.0008253042630393009
ck_62f5cfe22c952694,0.04832044078187314
ck_148cb0c723284dc0,0.004315267458118804
ck_08fb463e69f647c8,0.9906485730238033
ck_0d4dfd93086e7330,0.15597365967777144
ck_c183dff3781746cb,0.046963232025757425
ck_ab2aed614ec1cdf8,0.04901269419742605
ck_32f632706608859e,0.0032379120542839167
ck_f4f83b1403ebea46,0.012352121129358518
ck_de5bb7a4d091386d,0.03291928710244117
ck_8f1cbc432e2774f8,0.018110076905303082
ck_e7b583acaa3171a2,0.035475035471071927
ck_3925f8565abb7fe4,0.016087332370834713
ck_58f4c3ac61fda129,0.06009020521543453
ck_75f968be67f46d24,0.04600734993457652
ck_387e5a7f163c7837,0.0060888046348874314
ck_ab973888c20c9120,0.027667192667077973
ck_e7c212f16d6df272,0.014731691781219143
ck_c4ca1434f3778f1d,0.9882387875321879
ck_5245cbc5ff4d4fa6,0.008221532150404106
ck_50d7c4dab837bf66,0.007418165287432679
ck_f56073911c9f1ab7,0.02901350435164576
ck_718a8390b3d42d7d,0.018445724224102664
ck_62b9fb3db284941b,0.039909371406191815
ck_c5ece5ffb8800ad4,0.006979844302382009
ck_eb4f4267e24d042c,0.02990453555303803
ck_37139b41c5370523,0.023737930524561465
ck_50460e0189de6274,0.9852437435381665
ck_3265442528d51728,0.05365450420689411
ck_90bf017cdd37b66e,0.03169970237748271
ck_d55eb81a4d543c59,0.00758353070276482
ck_2493ee8e7b91d304,0.016103045278779277
ck_6fce5a893613fd2c,0.00733635936826841
ck_4f875342394c110f,0.03567355471439989
ck_123c15d93f1840f2,0.18516596607608893
ck_c16ab1e4dafb4910,0.15178042070616934
ck_8ff1e6028e764472,0.3901379710104862
ck_46656a23f4456d22,0.5597599110845927
ck_ccbdfe744acff8bb,0.013285138857590561
ck_b6a2bdb2d335e1d0,0.9926182561136206
ck_25382331551d22a5,0.056487759330866215
ck_49ab879b5aa7fccd,0.0522200788532441
ck_812cb3a4482cc618,0.00700508616590667
ck_7cffb189f4f514ec,0.9870565712141077
ck_d4c8f0d957c3965d,0.02987783503727071
ck_a3747201f377626d,0.9941298769322383
ck_f88028c3f306bc70,0.037108527417160246
ck_968a99e097ee78c9,0.034545282682423066
ck_7fd8b1470401695f,0.6850659098617814
ck_731869a0c39cb2fe,0.032811122120027236
ck_4280c33af57eb4f4,0.008774173110077069
ck_80a64a7f0275a71d,0.007194658638214637
ck_20fad010969f1abf,0.01607330275355573
ck_c7baebe4549fdbb4,0.04479409026725653
ck_2bb7c17168a9d17d,0.05602077382680496
ck_1a0aac7f7b94b1be,0.08368232569649209
ck_08c6cc1e143475e3,0.01472602641696138
ck_417090dbffb1a63c,0.02224486496412728
ck_0b9fcff9667ec05a,0.006841853023619817
ck_9d8e9ef37797d3af,0.6439433228152815
ck_51fe0b613c076cbe,0.016955864308604754
ck_e914974cee1bccb1,0.2557150018592529
ck_6ecf56236789fc09,0.9903796954172245
ck_d80283209c963f11,0.009185058539229601
ck_1d5d74169cf892ef,0.012395834158298825
ck_615763afc2e17a7f,0.001899535189728116
ck_9e962f9bb0e7bac2,0.007971783401391363
ck_f6b7a10d47dd9a1f,0.014543011107999227
ck_95945f48453ca532,0.02536261545367645
ck_c8b2e2cb349dd0ff,0.04502753960528988
ck_ab640420858ab5c4,0.18088425421687762
ck_4e329e29dfa743ea,0.27851307706453904
ck_bd86132499defcd0,0.019035698454017907
ck_36d37be780c1291c,0.001136137414844831
ck_3b1766a1d51f8f0e,0.1655970983473663
ck_0fbbc7a6af300368,0.05789613174771373
ck_6cdac067cc4db5c5,0.04517730786984888
ck_0841a5c24fd3dd28,0.005993188057321951
ck_956dd784525f5886,0.0219638500312042
ck_db1fa53d588bf99e,0.012406727994996727
ck_fa7de64d37287615,0.018769996684033154
ck_47a6005fabc33551,0.025193780280058045
ck_628f449e248c19b7,0.051928637684571746
ck_de8494b13adeffb5,0.009272836263318665
ck_75b69034000ca7bb,0.02987247966007215
ck_17ab3068fa303682,0.02451567450721622
ck_966d4d713cbc7792,0.021616953556915453
ck_781b8288e54ba8f8,0.07978042818262021
ck_9b9ce7bebc235fe8,0.028657721249175906
ck_49dddb894d33f6db,0.051881429486838354
ck_fb0cf32c4a56f740,0.01603919280960737
ck_a02aeec1914c158a,0.022653713441578655
ck_850ec97a5a0dab9a,0.7036027140964775
ck_b8e8dba20676d87b,0.02785661763540269
ck_237508ca4fb37268,0.029180645911833412
ck_c189b551bd111332,0.007447943487734212
ck_084cd84501012218,0.7512826930154388
ck_64ac5e6fed86ab60,0.9761383825708198
ck_5f9e34c849704b95,0.016706022159777557
ck_c88fc1bac79fa6d3,0.02716028056449841
ck_a60e6edc48e3d0ac,0.3956334304217659
ck_1723900ab9afe374,0.05838299427711996
ck_fd242b18575e3063,0.008321333541275096
ck_1dbf1f15193197db,0.04677188735862543
ck_3689fa41748a6f6b,0.04499802515510005
ck_d99a8b4c820eb46b,0.042080594676415124
ck_466a7316eaf149b1,0.019279012421265708
ck_e43e53cc7b8b8e41,0.024427703915171677
ck_a872df31b28a5f7f,0.18127827540692518
ck_f9d481aa4f9b2808,0.5350477687643153
ck_384ccecd342a24ad,0.044965175387607435
ck_366616a725afc6bd,0.012166045665504869
ck_4e39e3b165edab58,0.4163898589741863
ck_6fd8c86ac719d7eb,0.08021976815602241
ck_38da3bf629458682,0.0012825742423408643
ck_bd80546b4807dd59,0.08232810195419556
ck_5c33bb46c1a5945b,0.016356991758503813
ck_d67d9dfb60b286b9,0.011859742222393629
ck_0c6e7bd357e4a348,0.006308677599353787
ck_fc7445ec76389a58,0.10389513638460314
ck_5662492a54e6688b,0.14149558925211603
ck_cb83b9f806e90dc6,0.0762351643310703
ck_dac7c50bd6d0148f,0.006332138422528476
ck_04212a9bb9b28696,0.9985730182456511
ck_039e6d5a330cea1a,0.11855651219673155
ck_87d70f5fe48a6128,0.045796848835704326
ck_99a4e5ef02d89493,0.013886718711386099
ck_18f67c00ba21fbde,0.0022561872223120557
ck_269f1746f2609ed4,0.002220198143238723
ck_d07485ba10514a2d,0.33235964159657944
ck_7de6997178207800,0.022214586038046408
ck_0f6d916c92189516,0.00944405970095303
ck_b8cc2df5192bc49b,0.023609358130326382
ck_20124c3a16c53ce4,0.00827942043665823
ck_d9ea77f4114a389c,0.026565061143120534
ck_4760216154c8cac2,0.05258699689943999
ck_9d7151dbdf100e0e,0.018364302379089644
ck_956b5af6d7d86c65,0.7635612585017628
ck_5124a2e415384945,0.04268783608983575
ck_d3eab7a06eb48348,0.021829014193323334
ck_8da980cb2e1e2bfb,0.033645091663781164
ck_f917c82af80e4a79,0.03230525245996011
ck_7f8e816ca51755e3,0.12648709390425739
ck_9e665618a4860306,0.01691004329721088
ck_133d8a1ac7c0e301,0.9929760041986064
ck_5c47b49c26cce286,0.020845168529892006
ck_2857a4ce9f72fbfa,0.024223175198454523
ck_899f88464305824a,0.020783313787191247
ck_7bc752ae7cf5d55f,0.005720378643123802
ck_e09c97520eb0533c,0.03754886936139742
ck_4221e07b17388fd3,0.04855033864465537
ck_1867b1199c864db5,0.0702168774320932
ck_2d634e3f24681c0f,0.052651965634661416
ck_8d2f62930777416b,0.050164035368269494
ck_65a23ac8e44eb901,0.014692196736582064
ck_ec3eb6dd0967cac5,0.023647889756502807
ck_ccfc9ab888ba933d,0.09066194926212416
ck_303b33910d67f306,0.024930666188684204
ck_004efa95555437e9,0.003807424658268553
ck_db32c95ce2b6f502,0.8503672773936175
ck_7ce44f4e06d58111,0.16542778872994612
ck_be2251640f27a3c9,0.1918247031977993
ck_298922703c5bbe05,0.04864833230631148
ck_f3dc0725621b3a35,0.024423251227672152
ck_89c8b06aa8c84b2d,0.05920714355666535
ck_522477be6376b450,0.03963050228289557
ck_982c2392238b7be3,0.31738204501733275
ck_41d91dc9f5063566,0.025248423003677585
ck_df6fe4ec5a233213,0.07149954230601362
ck_1b5b75762f033462,0.013745895997161701
ck_63d4f5076fe4406e,0.0030320373404100582
ck_e72db9d4b2fc9997,0.9953016213341106
ck_ebd178b3f3a9c50c,0.015368061246731885
ck_263f6c5ff26b5e98,0.018386221217932208
ck_694eb6c43193afd4,0.055108968297053404
ck_bb6cf7e7b707731d,0.618868427751365
ck_d21612d48bb4f7b8,0.004307341967498108
ck_2fc70b6baf6a0e26,0.032783693106544075
ck_0bfc394c5faa65cb,0.013612359692708062
ck_2329cc9702cdf7a0,0.0481942776683735
ck_53f55c6e8cf2d432,0.005778110618067938
ck_c08e64d424e56c05,0.014695026868151563
ck_af65eb885a51048d,0.008523680441654092
ck_3db59982cbae4410,0.011483712940412776
ck_fca2798914627dc8,0.07843770768845537
ck_c8413898f5f7cb7d,0.024029698736509068
ck_bfd9bfc5b6ab4a54,0.11036240668292839
ck_becb6e1c608e0078,0.013596422168243657
ck_254a7c97c36dab8d,0.01164075462230133
ck_044fa3b3a003f0b5,0.036128888117531774
ck_7b45ed23304a854b,0.013826932637725676
ck_71c68dfd011dbbbe,0.4557712215324008
ck_3d58628d1c853c8a,0.025138599099361447
ck_44211dc210139ed3,0.07493534208434467
ck_3ade9eac7d7b0dbf,0.05918562356304222
ck_7476e7fe1ff45545,0.020942026077150466
ck_9fd0be2c018ff5e4,0.07645723544598287
ck_4c352dd3e7c81269,0.0903753244723892
ck_6a27c44b691dbfac,0.024277213009953672
ck_086d29ccae565e5d,0.012305618133533588
ck_79b8523137bb2603,0.03668030437719794
ck_68ef3e7301c621b7,0.05142722572575485
ck_478d2667aa9896d9,0.011102885927931289
ck_4717f24f2c6f40e1,0.052768452290057555
ck_a678731156ad7bd2,0.0848996054427041
ck_11f362dca2dfaf5a,0.003277757993746024
ck_1d01b4a609918c4e,0.4325541039769736
ck_0d362ddb4a1cb6d4,0.09085485549059145
ck_516163fcf04d5e77,0.010620996468002911
ck_5cf67a3a747e684d,0.059855328723495665
ck_aa5f3ab48c17fed8,0.22274881768243432
ck_3b150afde386ecff,0.021540510763253175
ck_4b00e75c2d2d0522,0.012461120027864927
ck_d37d56e931105db0,0.033177716520575544
ck_4732da7e0d2dfc7c,0.017190637475482575
ck_f744e208183971f8,0.009427908107876217
ck_b921af37d500e139,0.015765138935617987
ck_7cb0c9ded4d63027,0.06327471621311433
ck_c1ee56d65a42f59f,0.30149596701113646
ck_5009a6c8bbaf15ba,0.02478234151111748
ck_25fc3010e8a0f6d7,0.0791354808947939
ck_34ed59bc2c9b0186,0.004508021660685312
ck_3abfc010091d679d,0.009568270143761631
ck_ec1c902b9b9b9c5f,0.042877626321486374
ck_0b259620eac51618,0.0055621499565829385
ck_6fb39b60c67d5475,0.01814918587525871
ck_5217b55593a332ca,0.04571879361741124
ck_5b73d7c5255e58a3,0.17399891687982422
ck_5abe57dfff4b735c,0.050788628913037
ck_645f15bbbcff3b4f,0.9387383322383047
ck_364f8203a3e98d36,0.12426720112833761
ck_162513e73782929f,0.009593363967945417
ck_186161ce152836f5,0.005459116891450366
ck_957fb25437c75e41,0.06968307587476237
ck_921ff5ceaf40a968,0.027643535371544112
ck_3ed4d13f12fd9d0e,0.02403936137507027
ck_3049d744b527f4d0,0.007528755477267872
ck_9385f5a1eeebefcd,0.020722929902073653
ck_b3225a98acd04f83,0.006456414548275258
ck_a152165caf295b51,0.017990510743551635
ck_da39653add0f1109,0.0044146594623352435
ck_5984be472d2bc267,0.10429520539905794
ck_bb643194d1cbc47c,0.9954149231269727
ck_2106e509d77fdb4a,0.21100312164543183
ck_4859a58629622915,0.17128291303379828
ck_df1f2dba802296be,0.8088411966816003
ck_246989b0c288664f,0.01010502345107927
ck_c478aae3031bb328,0.03127394722482739
ck_b3ce8f1bcedfa043,0.009920149459393474
ck_5866b413549765bf,0.01302568110224069
ck_77e0589ab339ca66,0.059174327799550404
ck_bc6f07b06aaa4ce3,0.10587416326913533
ck_4e4f99102f6938cf,0.007889323145570363
ck_1a71f8081ae00190,0.9225819781766412
ck_cee4e4e1b62bf82f,0.02696629166514835
ck_2f82ea66c4f53b33,0.0982778388929973
ck_bfb067986660afe3,0.021705751848565817
ck_dfd3dbd0d97a642b,0.0075622829757401025
ck_a0498755cd8d7188,0.00990468031104579
ck_4b4d99e443618904,0.0346038581742625
ck_028c41b195280980,0.014060633612710646
ck_05ea4440dac6cfad,0.026720384083205307
ck_d21b38231a8a9f4a,0.24543658889529016
ck_1964ee9db929a173,0.9575587491688324
ck_cf52e46fa54e4540,0.009664687992374108
ck_cbaf8a954281d4e3,0.9701469865490422
ck_4bfeb78b47b7c6a1,0.030704087218122577
ck_cdd7c77823c2257f,0.05324758469599961
ck_6abf8302ce052451,0.0340103587709983
ck_fc60f42c68c7024f,0.02319271880862043
ck_054ed4288ee58d6e,0.0525442056957925
ck_74d0e7c2c6b63d36,0.9654150560755714
ck_82eed68d05a42128,0.08070057079777951
ck_7f1c20319eb60aa6,0.9976891255585753
ck_a44462a3853ac67e,0.9902090205222733
ck_641c8e7694b21f3b,0.11405846976381474
ck_04a1a46f07885296,0.032380764321593
ck_f4a7ac178fd55f0e,0.022548669552249514
ck_a0255ab46e122d2f,0.011969411108792696
ck_537cc97d0398c922,0.1297835050889488
ck_c78c096ca8cb33ac,0.006984548557565719
ck_660f0006780e87e7,0.03854353238647569
ck_c24f61925dc158d5,0.10346077706229513
ck_589109a188adc2c1,0.020934002012001268
ck_c0b8067c144ed6c1,0.013939782913243472
ck_58f757e40a9b8877,0.2109802407885114
ck_cd691e3466fb3742,0.06472954756918704
ck_4fd9dc00e1913587,0.9654348756564514
ck_ab9f0e08af030060,0.013209031190772139
ck_9c4886c5c90ddbdc,0.04628517439973761
ck_9b5ec0f78e160e65,0.07120097663299697
ck_22b52654776a1ea8,0.5604295455687097
ck_714c5d7cb17bc9f2,0.005082820080394901
ck_49170c4b31a20f5c,0.004016790317533512
ck_5e36042cfad96c99,0.3381154563996704
ck_4d503c41cf4e5034,0.02751176211268659
ck_0dda35c0c64c7073,0.980461962368721
ck_201687857ec8b3cc,0.027404019453741487
ck_79d6793d1d0cf43c,0.007003281836402145
ck_60c3d8306527a08d,0.0033467602190355517
ck_deb3ac0606d6f6db,0.007864741510676808
ck_c6afa913168ce8fa,0.025763657961588287
ck_edf229c17d25dac1,0.060642205348618666
ck_0cb9f54928f4feee,0.013562616634326834
ck_18116d0ac08f1996,0.9700342882206768
ck_125c5a720ecb177a,0.09125901184573992
ck_bb99071e8f58c8a4,0.019317544657762503
ck_533c4f7400d5ab22,0.12192109543104733
ck_bf378ea558a4125f,0.41517685350412575
ck_dd78cb6ae2866cc6,0.020236085241712873
ck_6a0684436a1e66c3,0.04367206551413187
ck_ab3de3d3e41c2082,0.133994285941067
ck_519a26ecf3d29c90,0.02064500585101603
ck_6a92cf5f4cf5de38,0.013980492052760836
ck_53cddfba570b4a3b,0.01606030593062485
ck_e7b40b60786c1530,0.0019592090719862828
ck_b153386f1729de81,0.10029542507241394
ck_e886ba71d4a6fd73,0.015335413078714624
ck_14f9535e53f9c7a6,0.00463502691612739
ck_9ee044b73943a90b,0.01284108025693526
ck_4c1fdd1669c7cf51,0.011260501888892592
ck_124432fd5c92af7e,0.4646653146854557
ck_873ceb8004d3a9f7,0.03229372769768616
ck_7f15503048915d6f,0.004373870927837412
ck_8758fc6622bbb7df,0.044663867385736127
ck_17de46314b5c6a92,0.009117330077390799
ck_8bf46e472f3e20de,0.12340789671594303
ck_f2b0e7a47f442557,0.12143981330309955
ck_96810ad39d4cb7b0,0.03250619440858474
ck_0c533ff2d0f9962a,0.020011352755029282
ck_fce0610c527e2b56,0.02794357962639017
ck_67025c64588abd1e,0.01747574921219593
ck_8c949bdc6e8720fa,0.10298185868079082
ck_bb4aec09d4968dda,0.07118279301270612
ck_6a0ccd7357979f0f,0.08449606638155323
ck_1805fcfc4a9e4ffa,0.5139292604866768
ck_c1e5182bd99e0e35,0.385464691927575
ck_1225a97fc413a419,0.02393768101419133
ck_5e84bca0e362da20,0.01439092843645159
ck_20a17e8f206a14c8,0.006026581118982695
ck_b2b63ea65edf1dde,0.02025174763636142
ck_0eeb3d9b3e697edb,0.017377153724797634
ck_094974d75e29fb2f,0.05917142980919025
ck_c422ba389ff00781,0.021972478785956883
ck_7367917891a63771,0.019663230576888093
ck_19468fe07e26f992,0.961576701224216
ck_e16528edc694fb33,0.8711822482368864
ck_ed4427962c68918c,0.9298241975372764
ck_2981d16f8a51a8ed,0.024039267739790357
ck_3267fe3aac05c71e,0.03273823070020672
ck_c7a9c7b2eef46a99,0.02932461766692788
ck_00ff7389d6a83e29,0.01826457085523898
ck_0c9e420f97baaa06,0.4690673059954091
ck_fd0483639811f62e,0.11143144608980575
ck_6ec39903f765956d,0.029598348044053802
ck_ced6b6dcdc7c201a,0.006257032632597238
ck_a6d4f998dadc90c2,0.3075694239034448
ck_424c254249a109f0,0.017460116450821194
ck_7c5529bcc079600b,0.02402684010792826
ck_ed8f1200fc049c40,0.9602141805191807
ck_e7651fb87bb24132,0.017136035517865196
ck_0b3c3bea0e0ed339,0.003076545155775368
ck_2a01e610348b84f8,0.032182360113248855
ck_1f1273a67cbad5e5,0.10188084972236122
ck_646b15f753e5e9c6,0.029958466931556668
ck_3d41faeb96802f68,0.0011691152572758496
ck_7aa2deeda0e57412,0.9850591371973025
ck_9757163e25262b74,0.017273291824934117
ck_8b5b5a6b5539e39b,0.8389829392930891
ck_b7bd3a7f263f4f29,0.02567994001175702
ck_d6fb9cc5171e3e9b,0.15732171462842953
ck_7508aa554fae6afb,0.03749327204497712
ck_ae416325fef92c9d,0.5751642530879849
ck_2096d32f3d497ea1,0.07247003661342594
ck_127273af97d7827d,0.003167529093412842
ck_5ac335f02280271e,0.17942907515128562
ck_df0a8f20ab8f14f4,0.009224536381602935
ck_1d3e561a7d20be0a,0.9840787023652152
ck_d90b1d03ae151f62,0.008383314327521792
ck_2951d76c41de2569,0.03827404442275413
ck_15886fe84866de92,0.012280203344391163
ck_7158ad9e58769ffa,0.06855321595193538
ck_efb24be983342f75,0.0030944245762658607
ck_2bb1389e5e72c8f4,0.02877455236055989
ck_5d2b9e6e087b8dfc,0.9946813272348485
ck_a045a19369016818,0.9986731636900362
ck_bef3193f124fca5c,0.09222034123555799
ck_52dec82e9cf6135a,0.02233117413179205
ck_621c9ddde6bf2eca,0.019511450881213928
ck_d36733da917115a6,0.02052513113704125
ck_0e2bc3a5afa439d8,0.02376359250245829
ck_cc91bd7152d3e9ba,0.0041682045423540506
ck_b9f6040eebd1605f,0.09449499981921186
ck_91fa5032f7aff0f1,0.07837742733057387
ck_31d4c0518e5f52c6,0.03079370933623157
ck_4b15b0746318cf42,0.0963027772853743
ck_1a065ea906ae3d6a,0.020750842541176838
ck_7ebc5fa7f0d3b8f2,0.010885018473153468
ck_aa8b9b36a099e4c8,0.08730050052756834
ck_c0d2c56f9c722e99,0.9775615903153705
ck_a3564236069e3524,0.04219061358633269
ck_31b16b8848584e98,0.02032408815672117
ck_70804f60d9704128,0.03862497247069302
ck_740e760fdcd27835,0.02198368201608814
ck_5c85d93ecfed4b0e,0.018942109127026107
ck_658b4b54be09a4bc,0.9679328336746265
ck_fff9fdc2adf5100b,0.13641934798266556
ck_b7e7f7d0cd886412,0.041591128889572525
ck_110608c3b03d4038,0.7217535996259405
ck_9bf95f8c47e7c7b4,0.004727989530531114
ck_d23f9a50d1135ce1,0.07736579489068668
ck_ee4ff3aeadf912c1,0.022270402783830367
ck_9a21d183524734aa,0.05053141642132574
ck_00b9818e2064405e,0.07780253042323308
ck_abd10fbcbaf2b038,0.030581577886058153
ck_dfee9de05e3971cf,0.021623321380635514
ck_0deb56f3f6452818,0.015039525989048912
ck_2cf8a44e041217de,0.15709865572730808
ck_8d5fa65717d2e0c6,0.029191169317633176
ck_942dbf632591b65d,0.03847595060630782
ck_d321249fb065d2fa,0.05469503098292351
ck_6f9fd15ac6b163de,0.01521351275785085
ck_114722e12db90a73,0.014218354597512143
ck_f761b7650a0c1a85,0.2613367898668903
ck_fc418f53ce4aa579,0.9802263992110029
ck_bd2cdd53fca26171,0.017524319567064975
ck_5ad798286384484e,0.02943220508518307
ck_2e1b46c5fc56b863,0.062283791667093184
ck_63601a58a6120d8a,0.011123119008297436
ck_8007824431fa803b,0.06317118101055536
ck_7a4e3d553e8ab5b7,0.01817546626693914
ck_ee40498cd97183d3,0.006516870911712386
ck_97e3b04a1350f6e4,0.024837147917197423
ck_44e57a0bad5a0745,0.012642694081309221
ck_319b059bb2145586,0.01984273080494945
ck_fc9f16df35190eb4,0.39491154735321476
ck_f2d3e3d90608596d,0.2635829648760216
ck_c009c97d5fafbced,0.06548909717235969
ck_89184bf7b7fe41cd,0.20256662395345346
ck_5c8390017fabfaef,0.010757720791508338
ck_e00e82a9419ff086,0.025540245836874545
ck_aa0b083e2a6813eb,0.019432998630131867
ck_a0e3a2facd508e49,0.025054804887654127
ck_3753cc5b9d02e2fd,0.004134760605975463
ck_7137eeb394d200f1,0.030408967798591438
ck_fab4f2f8531b4827,0.014452650124445647
ck_e980d325b8dbb8dd,0.002788733413886206
ck_263334d722ecbc97,0.22186864666285608
ck_d38f941d09eec820,0.017345675536275224
ck_ffb4d892c5158201,0.0050739887924428255
ck_cacc2ca410cbe80b,0.013640396105313528
ck_99a92d710a29c1d0,0.020273158112970712
ck_d6e7e257751c299b,0.017022405706156894
ck_e05e91cc180063d4,0.08593919963395887
ck_9929723f65636c7f,0.950230657571611
ck_67e075c982add719,0.0023741575666989343
ck_76ee10d6e2dba70f,0.04140014309244647
ck_ab80466ef615e85c,0.022729962309845343
ck_fb0c138c003e933a,0.01771790832423259
ck_1a415416f620d49d,0.2013750527643905
ck_e30db36e376606f7,0.09791299588373127
ck_c8806749e263f70b,0.0031504925401509357
ck_3fb9813849e51837,0.004889877742556775
ck_65acc43a6dc3e65d,0.05137314579469136
ck_9645e7adc08631b5,0.04503154112836521
ck_003aa842b7ca1d77,0.30109135498377076
ck_6c72a36b05fa0f4c,0.012307756021522794
ck_1df66f537496ca59,0.025044130722071494
ck_6e676daa4855b58f,0.031219512759113364
ck_e23e50e02cb3904d,0.02710377828343032
ck_571133b2aa8ead51,0.029415709547296054
ck_604e1b8a8c693aa7,0.04976758991872859
ck_b621b6ffcc7f4848,0.008955732991085989
ck_863db2e394dc47d1,0.6284934011094029
ck_efbc79246e32c66a,0.03939105275195651
ck_820219bb9c761b52,0.025250183879675342
ck_c920901b9a4ba993,0.5751371028589808
ck_db8733fd92f20cd7,0.015227841076182785
ck_3bece63711407e25,0.014923157757332252
ck_e424148c6f2223df,0.019443216796084326
ck_f3996a3c8eea1ea0,0.023372517477355383
ck_d064428b7e7dc409,0.035767442196439826
ck_88ef9f85948e1a01,0.004836625692939289
ck_c457e9c9224b773d,0.012226567453064151
ck_3ecd8a5ce65e21ca,0.003744636775606645
ck_66aeb00e44486cda,0.02126820217618514
ck_acb84dc2351eeb76,0.012541408144353472
ck_56b992c6f136fa5e,0.04764725867380825
ck_f06d00a4f9c87d80,0.014246706972455888
ck_3acfec10eec32f9c,0.011145098807294298
ck_3c48e0cfc2a58041,0.2133983128431541
ck_ea819e337233475c,0.02571830242211494
ck_97d4bd922996fa10,0.07027385583281139
ck_398f3f4cf05c721b,0.0044484438906415595
ck_643abfbd7548d0c9,0.014189741184487336
ck_1a28b6a40a6bd3b4,0.019063270684744785
ck_788e78065526ee19,0.03400434603172565
ck_69691226c68fd50b,0.24279986248878677
ck_63ce4f44c92d7143,0.03286711489521172
ck_e62eb708d2688fae,0.004760799162460652
ck_2f6e64f638da0f97,0.04252909352524996
ck_66c9a19963957531,0.05287293013474182
ck_a2d709e7eb91e4af,0.035072472072327054
ck_d5f5b0dc97b9dc27,0.15024086764096875
ck_e3982142336782df,0.029181206751332924
ck_577c816b41cab002,0.7083723927643314
ck_7db098a17374bbf8,0.683668583091632
ck_2ac36e1dff211d38,0.007526386570871867
ck_166aa980cc87fa77,0.04329270827936884
ck_d288b77d1e227970,0.01522124682175305
ck_00d1ebc31ec4653c,0.022007811397198023
ck_4f639f4ee6ce8d9e,0.10061443377517133
ck_59a561f3df01441a,0.021412640747106866
ck_4f521611ae14ae66,0.00726891887770246
ck_321e740066fb05c3,0.3676496739688087
ck_001e42551cd06e40,0.02350304777499415
ck_85cb5033fca7c846,0.022880894207608842
ck_c09c914e416edd08,0.05355610922099152
ck_796d3eaabc667c23,0.9985068945902744
ck_ae1da8ee98e402a4,0.0071111830736579045
ck_72771757dfb7f7a8,0.011720802466542122
ck_6a1ff9d69466181c,0.9990104606957929
ck_9b552204498b6762,0.00880132706900208
ck_ead68310311690c8,0.14919825231811007
ck_7dadef33f5e2d94f,0.9844520141267703
ck_027614eeba8b1a4b,0.011576048040322416
ck_1a9d6190c57ea7e2,0.2139620535029298
ck_b170a7db522a0d6f,0.07046521196337306
ck_0c45e54897ab34e2,0.01757931748745907
ck_a4e6fc391b674335,0.07782332810287679
ck_77f293d44b4a3d2e,0.03443245426055153
ck_4563227b2038ae07,0.12225476228808428
ck_c6b6ebe145a8ffab,0.013999080700216814
ck_3c59df37895ead2d,0.005642887103275197
ck_6b954c75aad8c012,0.016200322561760825
ck_a39d0bca345b492d,0.06046452254892606
ck_8dacf3a2061ca17d,0.02115067035030904
ck_3222ea25aa29bfa6,0.007597214693898525
ck_4d3aa36ff83f1132,0.098080691440447
ck_dca0b6ca93311ca2,0.06092739686978053
ck_6d64193681d2a94f,0.017462897789983566
ck_b87e88ee5512ea17,0.007412490226748256
ck_002cf760d173f0f8,0.01388579695350082
ck_8de38f8c7f91961f,0.026661237365624566
ck_a432b1bf1d3b3d5e,0.09549002406277078
ck_023908db0a193076,0.023537291604279295
ck_c5e4a17d3efb19a4,0.3295309662672892
ck_8563fed6674afc77,0.005785550310405824
ck_3638bc3388dbc1bc,0.040963514876082824
ck_fdf89dc69f700f84,0.11542773985193037
ck_952da7ca9f33decb,0.07225873149374319
ck_adc576690df5b33b,0.022664301253598862
ck_80b04344c98ec072,0.02381726615608184
ck_6821459b626d492c,0.021185940496020423
ck_e15252ebd7553422,0.0067266263578183725
ck_3132857aec8485bc,0.005530087325707368
ck_e63256667aa19070,0.08008342501004354
ck_0e9b982afc88a3a9,0.9918926045951236
ck_de05f97c3d40dd1b,0.023949034917620945
ck_5478eb69ef912785,0.03331946693708593
ck_a60fe02fc04407a9,0.037034817721179336
ck_0943e0f305078e34,0.9931360595245057
ck_4df2fb8e4b649e27,0.027253972191562715
ck_3a632cdf2c19051b,0.039750021382860164
ck_022a8ae79eb28cf6,0.9102691386376279
ck_aa37993f1c17cd1e,0.0408401787859446
ck_d39864119cdd460f,0.033653757565023125
ck_f0cbd5383bb07778,0.023573416006012628
ck_4388abce33ecd01b,0.6255833378540946
ck_82a8bdd2692c2a5e,0.007043019129180477
ck_d116e0e7c19b878e,0.13452409850365873
ck_a5f7b6fed6df2aba,0.06074860528457635
ck_2a59f23fc5194699,0.051336589108062256
ck_4087065be2a45ad7,0.19502763870296774
ck_14f0484b3817eda5,0.009889546516054686
ck_ea1e5b5128ecba2c,0.012801386347925943
ck_a7331e8b808c39aa,0.07076541579014244
ck_fdcb1d9265d8fec1,0.034090498805518045
ck_9ab42875a0f95b43,0.03481483061571011
ck_36979996f33498f7,0.750866424033838
ck_b524f7a2e752b9d0,0.01024019850777006
ck_8b19bb5b23b6741c,0.012339543865522535
ck_ce66831f6611014c,0.013917277240707616
ck_0e0bab173622db9b,0.06483837238925458
ck_7d28da4f1dab09ee,0.025776407293376786
ck_834ca727df855f07,0.03268245444506793
ck_06010f0df5b7cef8,0.013524365693405352
ck_5e18870d8e30e379,0.00470882960880439
ck_e4ac22046699b99f,0.007625256177242077
ck_e18ac29ea62cb435,0.01883741372788545
ck_00dafc060c8de32a,0.010059653411728969
ck_eb264d1b180d4b4c,0.08650085039230611
ck_6775e387dace7525,0.043480883884129816
ck_5ac959cbcc5e98f3,0.013359237223284422
ck_60b4d59953505682,0.5948183769638541
ck_364cde38958b7af3,0.23904522044126622
ck_168e7ea341a36b80,0.03185993495433783
ck_678e74532ac19700,0.031037689375666526
ck_e2ab04136a442a98,0.015283116386921241
ck_1694c28f44480e98,0.034148834964987544
ck_0dc1e536231c4860,0.005654380920886563
ck_c3719a30414bbb4d,0.01662347999536351
ck_58bb02d98e2b9cd5,0.028070086041185965
ck_01ef1036b2e66a4b,0.021851739224080423
ck_2408db62e4395ccd,0.01816438852660963
ck_6a548da1728b5823,0.9713132516711783
ck_c7d444d90fa86d7c,0.5072609182339709
ck_124565a11b2f8bb8,0.00697826085513342
ck_b8fd61a8e82bce32,0.993639527245187
ck_2825e34dd3e7ea2a,0.005818965842764514
ck_9f3861940d8d873c,0.04156464553682054
ck_81a960fddf79ecf1,0.880657927608335
ck_c95c786d2f8b8edc,0.007813288099341825
ck_2d5a6b6636a2596b,0.020023155017182888
ck_dbb4bd4eda97255d,0.014745336904966275
ck_9acd98f4fe2d474e,0.09854657171432588
ck_94940d783e7988e6,0.011012279152590461
ck_1c65e8d5be3b9c60,0.2773244904042083
ck_c972b0e781efed3b,0.005059036894853928
ck_7384d4d2406aabf4,0.01919462661106963
ck_e80883208e8d0453,0.018292995690282185
ck_017208fcc01b5d40,0.007748764497921946
ck_b1e81b58b9a545ce,0.05081144106724441
ck_7aa8bc018c2b003b,0.076959496977024
ck_bc8f31f4a2ffa1ae,0.005723409908914531
ck_012519bb095ad36b,0.9974311405725556
ck_e949a0f4df0b3902,0.09128596947542997
ck_666b95e75d99ec4e,0.934992524673284
ck_f80af368cfc6cb7e,0.14456177374273926
ck_9f9555197480d1cd,0.083280429854827
ck_c1dd3feb9a0b6471,0.00920783372226027
ck_bb4c6b713eb0b978,0.04316502491383286
ck_b4331140b2e0d4aa,0.04308124704044821
ck_bed8a480e27e911e,0.009625522069430159
ck_4684fdd61c6a0fac,0.01602801102142963
ck_57b657aba4daffde,0.018643362796223376
ck_9947a323bab5cacd,0.08116260510193049
ck_e84abfc0c747c9dd,0.9480430982154573
ck_1a9e51d092d62c84,0.19366478489031622
ck_749e0e50c3907be8,0.01014847367118527
ck_826ee896c9f1144d,0.1831552345127645
ck_5c2d43ff841632f9,0.004593980496609198
ck_d7877684c7923ec3,0.042287224471126664
ck_861af5a9a9a6d619,0.02862222077319001
ck_618c4e5cfae99dcd,0.045448771109835105
ck_1d7cd5dcbcdafd7b,0.04584291220553896
ck_221b5d40358230f4,0.025489677850236737
ck_a7ea00a1760ad561,0.9890823649726892
ck_18df83242ff3cdbb,0.049084888851563334
ck_5ac86682385c86b8,0.011495490370183202
ck_bb84b2b30293f566,0.19733875339190182
ck_bafe82c870356706,0.9911297982987133
ck_9700a00ff9e66216,0.050495006511116096
ck_636111f7f030496c,0.01567596804499232
ck_abd3aa292f8edb4d,0.02771423502731253
ck_eb2323215ff70362,0.017573793666238482
ck_c8ad3f01319c065e,0.02622918739637201
ck_ceb017baa26e98c8,0.04546085180155678
ck_4bc42878fa180991,0.02564640473490823
ck_0ad6fa0e23c3bd0a,0.13512257844747777
ck_1242aa4496576a99,0.018244068540428357
ck_dbc487cb0a6c18da,0.7746175682350663
ck_89d7bfc81c3df597,0.003349680147399545
ck_b109ec4c63503030,0.005267496708957174
ck_913ecdeeb8e21a9c,0.010909824820817003
ck_6b1ab0742ff04c3e,0.013928070240589363
ck_4b2e87d86a5e415c,0.04979733305324328
ck_66600620149c8799,0.006325017515126792
ck_5d818522cbfe2a54,0.02919816369539155
ck_cf49b6544aff6c50,0.42967262670051565
ck_8dde670a735d1e90,0.1583736320824083
ck_68ba25dc3385fea1,0.05313125757486464
ck_235ce9603c7dccbf,0.05024862871454881
ck_e15e3390f5ed45f3,0.007615535729058662
ck_3e3c64b3b7876ce6,0.022810711565021263
ck_1355db6f4010232a,0.12319028406281071
ck_8fea7d915259f1be,0.06987147852290469
ck_783fe5bc20cd02db,0.024338313132961756
ck_278b36c5932d9bff,0.014554330435367198
ck_98831b57c7ca2e4f,0.006691543810877993
ck_da645ea91d66aa6f,0.22911038917112106
ck_885cf685a9541190,0.7258707983703967
ck_ca4465f2b5c1a52e,0.9936979950240619
ck_26cfd7c3c6c7bf69,0.03492570836405841
ck_f3ab5dd853d38252,0.017214449731981565
ck_b16a7c51b6f7a6b1,0.41324844585074244
ck_5a17c89219d1d9fe,0.002703166169621433
ck_403da2a2d800df9f,0.1965499481378674
ck_cfadd21458230ef7,0.006486355387396704
ck_c6200734c7f9b2f9,0.6762519014062038
ck_c7b17f7b24bef5d7,0.01042491982920019
ck_51c50c4c443df31a,0.18109696044702786
ck_6a28ea6ce69cb869,0.0515823070552567
ck_e0ca2c819658f6b6,0.9828880510261948
ck_4e1757d1347ab387,0.9864617835856301
ck_ac449ee0c315edde,0.010283151267896739
ck_eb1ddfc353b4da83,0.027241302576006123
ck_be51f4e5e6b85768,0.027982168134047098
ck_c4a72c09f2fdacc4,0.018770782944170318
ck_a7c1dabf3869772f,0.04198238327521357
ck_b616b6f45225f319,0.059940647255829926
ck_4dec3df58077a257,0.05006213816665716
ck_7510b1023cd08531,0.13454592959214143
ck_d839798f9520363e,0.0423819765948379
ck_e1d5ad20c737c745,0.038538750843829905
ck_69bd0b1abea7e1f0,0.5425814141189044
ck_4937cfa6526ea138,0.008781191807360426
ck_fca7cc9c42695453,0.02325190134515503
ck_01a750db6fc1168a,0.04040519476614881
ck_c33a762d98f9b290,0.008254326498355388
ck_52174855b243a8b0,0.051573581738329
ck_b1dba768dbe7affe,0.013074427308070628
ck_2b87683c90acb852,0.02213823274073361
ck_1fc98436281ee39e,0.006391779112027951
ck_e0983999ca26c19e,0.029528927224551013
ck_1375ad9f10688e4a,0.010057432452151493
ck_e4df7faacdfe8c40,0.04634851496478612
ck_8026e017909aaa6c,0.050269668849692674
ck_d1bbfd246c0ac9d5,0.12251476826236819
ck_777669e2243204f2,0.8705162505214787
ck_cd7dcc884e283746,0.06952197948333008
ck_f11b1565f986f5e3,0.017582869068745906
ck_53d17ab97de1ac3e,0.019224689356473656
ck_00aa5fc3b3bc66aa,0.013827693514297525
ck_ac84b33304362c06,0.01042904886689878
ck_e9047964952bee70,0.016379747995589895
ck_877c85bad118bc62,0.053213296559979854
ck_c51131e53baa59c7,0.006733512844846553
ck_cd7d24e3b095e96e,0.08389284439645381
ck_427b91925952cb40,0.008329745534813414
ck_56eed7041add49a1,0.13108306886011387
ck_1da2f69023ca4c13,0.011505451126234157
ck_cd78f0832a09bd8f,0.03563813789452678
ck_66d0c6d6b67a8d58,0.012153412047794075
ck_79c7f0d29b1db1cd,0.016909084211253162
ck_c8affb27ba7fb5db,0.05132185872954824
ck_88ec57a11b11f702,0.13431478584580678
ck_eaf6f7082c3db2bf,0.019272817653248387
ck_2c5bc11bb7ae5d2c,0.8602019496740704
ck_48d0fc4f6a2109fa,0.9592913322758443
ck_f271e855925e8d6b,0.1822266528114126
ck_0c3dd22587b08018,0.005848194709879413
ck_e2c66c72cc0b0f78,0.027252673984421015
ck_c1c9d3842d758420,0.023032400500366954
ck_54bb53b8f8ea32ae,0.9659911236620006
ck_baf43bf1bd963f9f,0.028155882822257318
ck_c89b9ca398402f1e,0.013576563288425597
ck_54748ae0f2daaf10,0.01593469952547956
ck_1a4bb7d3d2ee3227,0.006728503643067022
ck_0f35e930d0614613,0.9897987213965804
ck_90b4ac695b9c6bf7,0.018211143176604886
ck_2455d43bbdd2bb69,0.01299039995941288
ck_2ae6949246ea2648,0.011386074308028555
ck_d07c5b0321c685ea,0.31519930558687914
ck_5fd8924732fe403e,0.22327351619185648
ck_09fd43f1b7e2eca2,0.018086151003306662
ck_a397cd64ec5d644b,0.032659253750381236
ck_a15fe7d0f4b65c33,0.4160777243913553
ck_8982888dd6611143,0.009874651137072556
ck_e3cb5f31d8e94448,0.9772919574942237
ck_18c179b4afc4fccc,0.003098953446317957
ck_ac2f7397801036ef,0.020616127027926017
ck_4f463ef25325ddfa,0.2990161294393712
ck_7c88d3d377bb61bb,0.0326556365297813
ck_8c95aeec6a4c75b0,0.01371467521075824
ck_a96aaef34173aee6,0.07196663842957797
ck_3ad3fd3cceb56b66,0.8966930522350306
ck_2685f38930866af0,0.023768718688397333
ck_4cedf26628c84f26,0.05186002692993336
ck_32e486859130458f,0.6630474129460162
ck_d08e00c842b75176,0.008702988385497358
ck_205c107cec528414,0.35903709764722125
ck_0a8029e79a5ae7ce,0.034179621174423004
ck_c924f36bc1bbbaa3,0.0067809547102532656
ck_713159c5c6a7a4d0,0.9996982760961892
ck_5c0fe988b8aa7fcb,0.08968292524172757
ck_7c7266f6ef2a8466,0.014560708536278291
ck_18444be153bac1ca,0.6753534090495381
ck_51bd5f69b4fe0b92,0.814753629521326
ck_31742076e9a998f8,0.017323602728109896
ck_97d04a67a104af39,0.043121027315928845
ck_1dedcb48ac381a1c,0.22705976547794587
ck_ee4d9a7449515908,0.010101811872955788
ck_6426427efe3228af,0.03648794604164135
ck_5b52ee0a13c71590,0.03342449785655065
ck_d5ef1f6e34bb35b8,0.016347333982424998
ck_7b61717f172f9317,0.5400939437042896
ck_8aa8b9968233a1ab,0.011108262241844274
ck_53036d3c6c74446c,0.1350934058136607
ck_6e67225ba59fa5ae,0.02377433678466381
ck_580f136ced341298,0.009433952960895732
ck_80ad4396e1084c68,0.07084770714585686
ck_31e1ede23247d56b,0.07871862832923805
ck_2401e8ff89e574fd,0.3750302846958806
ck_97402a153348e68f,0.0040794851982661464
ck_62f46226f244139f,0.028896065260837926
ck_ad7269eaa65c67f9,0.01632783177674493
ck_7e29c10d781c3b41,0.008519276439666693
ck_963762210edc5694,0.020905932868402723
ck_0e70516fa07cfb17,0.92588431404897
ck_2ad0ecbacd5acf8e,0.9561971232989316
ck_f143641bf3dd0414,0.03852127516841897
ck_b7af9b2ee0eebbc6,0.03797504735705027
ck_2bdd8616870e5e1c,0.005313692810711286
ck_d2d4a8f4a9f2c33f,0.05487239407325645
ck_12cbb211ebd2b437,0.02978516810509025
ck_f99738dff854e25f,0.021900475588837908
ck_88d9244a9cf7a77e,0.3235224171487378
ck_6ff0fc7487e737e7,0.10514887848439942
ck_e64f0df63e1be595,0.03627229222337865
ck_a524071c51ddde20,0.011634091789226387
ck_f9b439c9161c3e52,0.06587107691944419
ck_509c22828d467ba3,0.058136372642704146
ck_ba576d6d4cb6130b,0.05298222777521696
ck_e971faae8a10a260,0.021157619918611155
ck_2c91f62c05685ed7,0.024258738338317
ck_3d9afd862b3f4053,0.5640056923313204
ck_805ee564bd35ef15,0.034408981875124346
ck_d9143e236eef177f,0.051359107660628595
ck_dfba788f35d4c372,0.012532870554221146
ck_f067470743d3c7a2,0.021109764188133744
ck_28f530aec8e77130,0.030354081255419375
ck_e35eb857c61548b2,0.6529554343800144
ck_9527adac182abe57,0.20331797213433095
ck_de39c1947fb675ee,0.0319565088834807
ck_80e3041811033443,0.02379641281659308
ck_3eba1fd2c7acc4c0,0.0518800449940416
ck_8247f008a14bd1a2,0.008557406187672869
ck_ce0166addb93bbad,0.00722259490310172
ck_328696b8f5e54ec6,0.05220770333468839
ck_4682fad271d47eb0,0.9385525779306275
ck_73d60b4630e3937a,0.029929502330111886
ck_1b96d9af0d7da2d5,0.0019342916079110506
ck_1587763dd54688c9,0.03117275071534958
ck_c965fd6bec0f0ecd,0.01970132435826929
ck_c3c69aefe7ea1d2f,0.02921156964418451
ck_daaa995f3c2f0e47,0.03365375140970316
ck_c78b2638fadd91ab,0.029658888224588367
ck_4d9eb75e8eee90fd,0.028863087240274005
ck_22c862a496008c96,0.9988612584835231
ck_15b4840922195ffd,0.09891528745531196
ck_908b663b2dda94ad,0.15305773669131645
ck_ab9ea095a5c58b4b,0.007218201851232165
ck_a4db6e94a8f77f9d,0.05215249851680413
ck_630c835243c66b19,0.9209419068728701
ck_4c99a6eadea143e2,0.12020001329890853
ck_a115a7919ac5875a,0.031583720639935066
ck_a964e6b5d8415334,0.33167325636724304
ck_fcb2a559474c3493,0.031185243349619918
ck_93470896f0804b6b,0.9387145608965884
ck_1cb6dc67f9a321b5,0.005632396112924011
ck_423ff4ede6a9f066,0.05694429231240279
ck_6f5bb0c930644cae,0.9992126282497489
ck_61e1f7168cd9ff25,0.043727030770837436
ck_97e980463aca4644,0.026091893840202118
ck_58412a2674fea506,0.010326294149624764
ck_99e52c3c2530b69e,0.9939079086848094
ck_5923f53b77193a58,0.023281847231514836
ck_382ebf136f7fa337,0.5683356436263044
ck_a0b4209feb31f5c0,0.9996330165275918
ck_f7fc1bd0b9ab1fa4,0.008867321923010908
ck_cf8ecabbc61d3e11,0.08851855208669951
ck_38ba4a6b6a292054,0.04048690799340495
ck_8b39d8aacfdd72b4,0.13324620521673722
ck_857a1f5547b9ad68,0.026212110792870585
ck_3380d60067b4634b,0.017713533957765697
ck_ee949c71f4f702eb,0.9769900607563835
ck_4f0c5857da45fb28,0.016125348740149766
ck_41af3729590c2484,0.005305218807814059
ck_187317383400491d,0.027584796195624005
ck_e5ca550b39ed45bf,0.36627732364195875
ck_e76257caa98dc25d,0.9886818250410331
ck_72b86e4485da2d0f,0.9612960850236647
ck_e7f61b4a39ba98ac,0.0059852305975232264
ck_77b56c49cfdb1d81,0.14265329087278455
ck_f6923088c17a04e2,0.06910014085716447
ck_a032e8ac1507c6df,0.28471840231217393
ck_66a8325f28be7562,0.04660618842458943
ck_310f73940fc4cf4f,0.01910655457494606
ck_5615c6bbdef05291,0.1424691309854292
ck_96dff7a09d45f116,0.011157151804398802
ck_719602def4d35fe0,0.03329230960641998
ck_a60c618b7f0e4252,0.007896638965352268
ck_231ae0329ebc3220,0.06925509697241612
ck_cb1c00c300af3f9e,0.038835825254659014
ck_d1d079913aa158bf,0.009125601376921127
ck_d6d2c1f6dfc455b6,0.017729096464152227
ck_31109c899336348d,0.015142325196907589
ck_0d33977c3de8cfaf,0.9960691410120875
ck_538fdbbb3c2bcbbb,0.02023192196442432
ck_590716322ff147ae,0.038147607057343144
ck_ddc7c1f3d45fe6e6,0.02807258784039549
ck_ff822700f3605e06,0.9981851423182531
ck_a9c2cdc758df8510,0.07275216988858092
ck_90bc176c43d85fd5,0.12349817850982742
ck_d1c787c27d50af49,0.018986292998548215
ck_2c4d25acbe3fabd9,0.04581619170887828
ck_8ef97b55a5fd6ec9,0.006782728976385148
ck_722ac47c8ac9b6c3,0.1053396369294749
ck_f637fabf0f60528f,0.10383172942984174
ck_fe8e5a6c880ceb4e,0.0041779248746458865
ck_82f360df1e9f4eb8,0.031211309416888367
ck_de5eaa2cdbcb67ff,0.05188661774516346
ck_ef261fc09be8eb0b,0.010801655140133435
ck_8530158e3d7f59e7,0.005618219703161628
ck_e527fbb9450a4581,0.33899702459117675
ck_ef33c04f4c9e3758,0.014735978653394492
ck_9a881d5433126ada,0.02343244076381184
ck_185f15b1523bbcf4,0.017276759716186224
ck_6fc37dea4b4f35c6,0.10192777844860967
ck_bccbf9fef367f00f,0.014602837717059005
ck_3ad6e7bf452c9b21,0.007864226337775983
ck_d1157eade2ac3975,0.014936889575079926
ck_744eade757ba69b5,0.030452068908426277
ck_3fa1a523d77cd619,0.00620882629300301
ck_5c67f27816ae0b6f,0.0115585251679653
ck_28cb9b03e89263f1,0.0034834324749215074
ck_541a734fc457246f,0.05888802483583634
ck_de2924955926d046,0.01190924807073861
ck_6149ffaf18872dc8,0.010311552500850725
ck_754cd7b4a5ae3f94,0.010068732497678845
ck_a1c78972e4ee4082,0.009365596874659448
ck_8049f5fce32be185,0.2562290007762699
ck_d9735647a6b0b0a7,0.4991097000371993
ck_064013b0957d87a5,0.9953321437701701
ck_148c28df51bba5e9,0.1290771402492133
ck_527550dd15f38782,0.03338633649951983
ck_9b71274ff83de482,0.9890798875912082
ck_ec3715add8bbb6e9,0.0057121499754683456
ck_b26e4ae47c9107ed,0.04618360803413544
ck_3135c019696ee6af,0.9051647666373783
