cookie_id,score
ck_8f346b72fb40bf14,0.011086307023444167
ck_837cc7fd48453a01,0.016262666434802505
ck_826a27ff7555192e,0.020752226937296638
ck_d86ccf148c06c8c8,0.05231546298501706
ck_2df5a9fc87553eb1,0.006415884158765178
ck_e3d4b6f681c783ab,0.02779237445570086
ck_f76d929541ed41dd,0.026533458907552387
ck_469a0578d05990c2,0.00835640532822856
ck_3e91dcc209431984,0.011008785278184425
ck_8171ef803f5ff604,0.021698151364913373
ck_18a55b06ccccd88b,0.019195367259155785
ck_fac046ce336fe39d,0.018589322324881613
ck_fa80da579ea9afc0,0.01135971763645427
ck_152820d8817f478c,0.008555982420684147
ck_71c3a8e4c12c989f,0.0073495610931354205
ck_053746067839696b,0.020995098383616413
ck_7c67b73196e3d0d9,0.1939923065021219
ck_36287d063350ce9d,0.017816437767017124
ck_fb3b68b4424b5f92,0.051047260948944725
ck_8312c49b1431a406,0.01684683838958841
ck_da6d1e5cf6aba6fd,0.023788494949632973
ck_9ad08fcc183ea1e7,0.01161982967672934
ck_142dba210ed2f3b5,0.016068702341828608
ck_b0f191e44f9b6f35,0.058107803071535194
ck_4c518637db2322d5,0.03215635459510818
ck_a96887f841e80fc1,0.022713567758088825
ck_e7dce27edb700f27,0.013179397181991823
ck_6ee939b7f396975f,0.017307194802022103
ck_70a60e095e9b706f,0.010494872043050989
ck_95654593cdebd141,0.02621155821296851
ck_7264486eb512d84a,0.14008519184713794
ck_8220da627e9992a5,0.018350519391523233
ck_a9bf75bea912027b,0.039377026149539474
ck_1b74b798eebeabdc,0.017830792066352286
ck_d2ca47180a926ba2,0.027230966797852443
ck_b447badc9138987d,0.009018526748616194
ck_6cb7c97b72d6b5d3,0.015268165412177152
ck_27eb86a9898cdfe3,0.03788947773771182
ck_348c874eaf0354f4,0.01898945819097116
ck_d9c2622cb6df380b,0.010743158543166145
ck_644b1c1149eea9e0,0.03686556234604906
ck_e136e20c1c74fe38,0.0040253879891277485
ck_970c7dc195161272,0.009148797248432603
ck_5bea0e0ee0b094cd,0.005704298353457778
ck_0aa9db36eb16422a,0.012693744136710771
ck_510bfbbee37ff436,0.028075957995229568
ck_4fc6256e0e60a926,0.20585757713204325
ck_c8f2a1dd8a6141a4,0.039244800493430904
ck_e1140be6157bacbe,0.0164773645713037
ck_f39cfeb277ef6528,0.02005383370090865
ck_32f590e87bc3d715,0.003372700614647999
ck_54d463f7fd89ec3d,0.01217788846866734
ck_4feb21e2fb0b3977,0.008402170004157638
ck_dbb498b1a346a402,0.01927700810520642
ck_117d78ccd5820f36,0.0072121157826864485
ck_2987eab34ca7805d,0.02676467633689538
ck_1b2ce474fa6582b4,0.036486863300369946
ck_9d00823bf60388d7,0.011759631015160931
ck_8fd91a3c99e19097,0.014842424474404306
ck_9cde4036d0914427,0.008201143546042578
ck_ce36b0c287bd198e,0.029831138131825988
ck_85e5494ec20383ae,0.016548173041216137
ck_7a43ef9c7b1c67b5,0.02010903085783344
ck_0734fd90b2cabd43,0.03271648561666387
ck_3dd542c2d31be2c0,0.01812024234197003
ck_325c7643cce02da3,0.08712168771975014
ck_ab1bb02f6b189304,0.14755789304395323
ck_dcf851e7bb5855d0,0.0046928574760279835
ck_0c2932cc0d553694,0.017024321907979548
ck_10f90d879209734f,0.016022773476836463
ck_5b137d74bba6b1b4,0.00398322532560928
ck_79557434c129ba52,0.05198299668604716
ck_24cd0d779e866287,0.014660269614233142
ck_41346ccd9242cc8f,0.0022108122256565485
ck_9958b58da9e3c21c,0.06137616341761466
ck_0daec63bd5b0729d,0.0186100835390885
ck_c340644176ca03e7,0.02978195670828273
ck_a037aff5f8128c73,0.0026029748694702546
ck_0e7899a57cd617d6,0.0306296920637682
ck_f19030e6e85a6776,0.10828454832732687
ck_05652e8ace6ce6cb,0.004077649530403988
ck_2ab28149b0986642,0.010493246094819704
ck_f4a6a7cadd6e0603,0.05827229973816259
ck_3ac528caac74f563,0.006389865314341629
ck_50d0bb7edd8c69c0,0.09607086705175748
ck_3a70b4ee59084715,0.07655641062192158
ck_829cbf5ccda481ae,0.003931285463935584
ck_aa2b4c662ff213b6,0.025151684950714088
ck_f5791fd8fd8fd191,0.02397011171813043
ck_50df50af592b0c06,0.01033347056193556
ck_3eb73e56751c704d,0.007344217330421195
ck_cc90e219f1ebf390,0.008737694604479866
ck_b6527a85fd682554,0.04984613518171299
ck_4a522ca2dc4831a0,0.002156436023722929
ck_b1496c474c4a3239,0.012272355404729172
ck_f45bad1606fa00a7,0.009315717891068716
ck_f1b80b821a20186d,0.014178672323904181
ck_52cc2fd5095b169d,0.00994137219175463
ck_9111e3a04b14dfba,0.018142107485423983
ck_f9fc468915afe49c,0.04601172836993251
ck_d74a62ab3804a81b,0.013265668614877931
ck_79e45040dbdd6447,0.07186907242541984
ck_f568772b6cb3febe,0.033493381025853024
ck_756d2c13d02b3e09,0.018656937310271397
ck_d79bdf04d6f31cd5,0.02785106105564547
ck_c6fff412f531db0f,0.009484249624450849
ck_ff7e31ff8ba731e5,0.005905578660373691
ck_3837ad850996ba60,0.020956024486715193
ck_89c74feeaffa7d09,0.034174423217758036
ck_50422466f145bfd7,0.013760100572507076
ck_7a3f2961e9a8b6dc,0.0320851042851941
ck_dd3feb77d7d4f6d3,0.0033938464527147843
ck_01c631b38e8a9535,0.034694687824037986
ck_04e40f556a5062ef,0.012348552153613558
ck_a49a2c1f881a3560,0.026900389353625754
ck_a6f61864fac3c8fb,0.0052726588913986835
ck_ab3426435b0017d6,0.03737470649268972
ck_9036b2e5e9298a34,0.1392036612393899
ck_668c7fc7d7e47c0e,0.03411235803135109
ck_9affb0f26776b642,0.01757296980447757
ck_af5842fa7202ff25,0.019151451888252596
ck_35e411b05d22f663,0.030065041118529416
ck_943f66f28dd24750,0.012550247993967074
ck_6b114f2a48152b96,0.013025009434263534
ck_7f9a748110d70005,0.03440646910044309
ck_faeb0da678bb86c0,0.006140435816883805
ck_a315c9619a317609,0.05503365172182318
ck_0e808afe2570ecac,0.025824773415943175
ck_f8124911450fdf31,0.5802932163973666
ck_d20d4ba60eec9945,0.011203492503080201
ck_9720a472a3e0140c,0.0035425155140310543
ck_2a65f1cc23f1180e,0.018026457751706297
ck_0a921a73a90c2e39,0.07273787695767896
ck_72fdfc7e6d8e1436,0.04454063314653559
ck_c2017120b3b88a46,0.09207943922873678
ck_ff182f033134dbb8,0.025086710409866465
ck_96fb9bf556842bbc,0.008197652716407239
ck_2c7667f64edec2b5,0.00987448102644712
ck_61b79dec96d15713,0.037487673926702554
ck_9c9e8a38bd5a6c88,0.034778021845390306
ck_c416357d20238a4e,0.07685269742495207
ck_e0b7e2c0bbe228d9,0.008328269051866908
ck_8777beb11aabd66d,0.011526280651991995
ck_754f30ea19df857c,0.021582526687208205
ck_25394c1b83e0b803,0.0528198106515509
ck_c12805fa5d970a83,0.04667744338339296
ck_8f8e5e2b9dfec3d1,0.03966102763438681
ck_b4d2f02d2cd45720,0.1756791475117816
ck_482dea6eed92cbbc,0.014366603433174372
ck_cd655202db489010,0.009271296805014827
ck_324b9939d9c1c31e,0.0032262908364311094
ck_5986119e7d81e831,0.03256423663062775
ck_8cd1b68dd74b1375,0.3116312185589537
ck_0a7adc2f27f98510,0.0700176137041205
ck_634276b05f4381f8,0.005218997523699649
ck_ee7a515e87d17d4e,0.017246668886120097
ck_d3e2c26b8adff099,0.014241915565172937
ck_2e679af24adedac8,0.04690554542810042
ck_ff6a6d3547dd2d37,0.02488323281164353
ck_9c3aa9f23d01fa1c,0.027360489432565097
ck_b8cdd6d6dccc4554,0.027792922586317707
ck_9332bbc7125219a7,0.007213436581385221
ck_0fc1086e1c9e04b6,0.03846769194281995
ck_afaf374009d3b248,0.025270660608943653
ck_f781539b1042dc83,0.01533206622142559
ck_05ab5b03d0bf9ce4,0.30616211592465686
ck_e4d6dedd97233c07,0.05471445569237562
ck_b76510998b9a2260,0.03297645004454127
ck_16fc77b2bcf5ec03,0.7349173020895731
ck_5403c76fe68a08ba,0.22395925634944508
ck_7df526b2b4410bb4,0.02846131055447041
ck_ddc3fc99eaba2064,0.03358010086381184
ck_ee3e7c9d3a9c74b4,0.13574757730566042
ck_f89719a854fe11d7,0.013286070433613033
ck_f5178a658225d8e4,0.05730198734545334
ck_d5194f2e92fd6427,0.012871912956721836
ck_9cdfaa1c30cc9d32,0.005759862753138502
ck_b95fbf2b5640aa82,0.002354928811778195
ck_fcf5d4a4748cdd53,0.04110061382700162
ck_c0b50c11e4f5adf7,0.03118776202040841
ck_ebd0a45712dcf07a,0.008361091425182115
ck_b0d33b5a3716661d,0.03427522199080449
ck_b53281da70defcfa,0.034990275818592584
ck_9c0deab8a8367c5e,0.007138186274445518
ck_515379973a8044b8,0.09971553378628219
ck_8f21f2690c32c691,0.05650600622326319
ck_9d4b5e6b43bad4d8,0.02750734908256753
ck_fc3d95030b81f416,0.0019475884048443923
ck_77549c1a41f837c3,0.0077216115059717
ck_f2734417c0db4ee3,0.00823092312058108
ck_2ca83dbd728af019,0.005098314764906176
ck_cd4c63155570d6ea,0.003045946491112605
ck_cfb06f07394dfe64,0.00935400516964704
ck_3d7db96995745472,0.04212018533533827
ck_b3fb83f0d772a831,0.029808741413364172
ck_ae91b4cff57fb3bf,0.007875235666554304
ck_b804e784cde9af8b,0.004550619029008894
ck_c39a9e75760e3201,0.08547269674856416
ck_63356762d24aab81,0.02735327946787578
ck_1294f7af22fade11,0.038750554947316405
ck_076cbc25c8f15fc3,0.8456743512294564
ck_bdee7c86f5ebe81f,0.022326272486102694
ck_7176d12b18f2cc0e,0.015977304741642682
ck_13f03ec785cbdae1,0.006005939019268787
ck_1631bab0ba1256db,0.01088599144492212
ck_63d2978706e193d2,0.014281377704473826
ck_89790ff26c844bc6,0.07443360148596902
ck_e7be077aa0b2632c,0.0283168154884079
ck_646bb3c7be5f0817,0.11842803605505056
ck_bb113e3e6716ed65,0.008511482078374662
ck_1058129ed7b48c59,0.011102307656520783
ck_349cc5edda1b8853,0.07006750859714027
ck_ccb72a33cc1877b7,0.00851783169065157
ck_f65ab819373edb37,0.01694143459054549
ck_53428573abcd606f,0.024807249050145738
ck_9bedf54df9418e4a,0.002425954398054279
ck_c3d7d3d12a1981a3,0.011520466546702964
ck_55d7217b0aff9fa2,0.02373267899554395
ck_958acf84c6137a22,0.024800126795170255
ck_f07b09879d697b82,0.010740905115251038
ck_d69de468b44143ca,0.010249225477634488
ck_f1e1c8491f16f912,0.013592414496965225
ck_779cc0f2de4d5488,0.0679781493266404
ck_786448fe3004cbd0,0.005072608490613477
ck_966a167758fddfd4,0.046051178217852665
ck_aded05ada490da20,0.011531994258406432
ck_730226c2d216cacc,0.030931628939443474
ck_21fe7bc59dcd78fb,0.01663822761320204
ck_4819327a78615485,0.012349616320207616
ck_0a45d033d4e280ea,0.05470398581452876
ck_a5276af466b681de,0.005622173312550796
ck_17cc7b411f448e66,0.03453174040280658
ck_75257ca7d7da2861,0.007658811816616553
ck_493b6256091014cd,0.041506538963673546
ck_48a6754977a44db0,0.016350064205907046
ck_12e2b5ebfe8986b2,0.004482592808911874
ck_b129261da9c3c3c9,0.024161039838906266
ck_27cdf9c5e6f0915b,0.04108892716797231
ck_aa01d5aafde73d0a,0.018890937874351775
ck_1071d14c46c92379,0.07181562284918519
ck_17a95bba77217d85,0.02333355541959979
ck_041614694b77e599,0.011226739903063441
ck_7738eb085e5753d6,0.006630314504114299
ck_27466468d06db4eb,0.054758310693232524
ck_af25c72d16299258,0.008776321430050776
ck_fe43da07608b1749,0.032012590262712706
ck_480347ad92037105,0.03902362215206411
ck_114141d85256c9ff,0.0030468973415517507
ck_60bf8a2870956fb1,0.013236487209799419
ck_d4e0b2a12fcfc35e,0.03967680887836563
ck_2ddfc948b8eac752,0.46086294336189904
ck_22bfb9246646eb41,0.15676227540614612
ck_d00e09e66ed6458b,0.19439386713170254
ck_59a14d2564193101,0.04496417357691357
ck_f0093064aa28f4d0,0.02559596235924355
ck_1774faf414a5d49d,0.8134123976496395
ck_dfbb2056f1ef7d3b,0.12695768877929614
ck_6ad56ef40086dbe4,0.005664633892842142
ck_d5bd8f68da073cd8,0.08606082029993786
ck_937402a60df0821c,0.010252116404716028
ck_192bbfd0d5720134,0.011997962772640399
ck_1436f6e11d4008f9,0.009536492768662414
ck_bd20be9a3392d79b,0.007836072840953062
ck_42dcf92e9e016922,0.03515925179744879
ck_6d0d081bfa8a0022,0.04260891993210332
ck_9782c86ba6485f88,0.012461870116799173
ck_00013fdfa0bd37dd,0.007753279029471742
ck_5576b725de38d106,0.010899481721251733
ck_bf4e7d48770a4a8b,0.06519330882883674
ck_a74f6a3030f5d495,0.04151524312006681
ck_2605fd571219e28d,0.019946022794898134
ck_90489c405e6886d8,0.054047727180306156
ck_29076a13f539187a,0.4780709273752059
ck_0dd417fcbf19e424,0.018014051279084217
ck_e2a2ce9b8cf44c63,0.02599287773421999
ck_24dae044dc05f849,0.03768909713840534
ck_74665e1209140ae8,0.0655188547000546
ck_9ce743dd3e92549c,0.026243170979948036
ck_e2f88e202b6f700a,0.016713333826593103
ck_65f76421be648549,0.025826367253955134
ck_5138f6c575dec64c,0.006140770811316642
ck_5275be4e1577c1c7,0.055497597281678
ck_e975002c979e12c7,0.024475816446818295
ck_b911a09f328dfd4b,0.01645299394853822
ck_4a691892d9d6cf89,0.008650838793470332
ck_cc276f71ab6c08fd,0.03355523054872666
ck_1ba28fb7ef726ce2,0.004411167986043097
ck_2f9fa0d61829f815,0.00978586404486379
ck_9dde2c63acda3ba3,0.008734097215877012
ck_203c2a22c0c165ac,0.022523136831421788
ck_5a22cb36d612236e,0.019691893332026016
ck_8fd4937eadd64fb6,0.05500935680009941
ck_e7501307c0698e5b,0.02138842576144351
ck_66746d1090d6d9e9,0.033357062675305485
ck_5fdafeaec036f016,0.009368523165965722
ck_b45e47c39d4dc7bf,0.028542981755584205
ck_d66952b03591bdec,0.03707946733565393
ck_f92e04024bf13558,0.008234285826283405
ck_4bb90a61c21a303b,0.018118505538992954
ck_cf920313f6dd28fa,0.012168770992205697
ck_a209a5f7d172125e,0.014245825399631387
ck_7f188aaa63d1d442,0.010705067997170591
ck_ab70961e7c6695b2,0.011353858203016468
ck_647ac26c5900f082,0.013011318286197684
ck_64c1633297f43788,0.013259319642257237
ck_6494f0ef13ce44d9,0.005074397735742945
ck_703499f5410280f7,0.015756374305723686
ck_9b12fb56529ebc4e,0.015785946142762082
ck_c2466fc40fc9d5ed,0.9474650040789278
ck_86a61d9a39768e87,0.04344183267200289
ck_344a95cb7115ec67,0.021438214283968166
ck_a51abde881ebeff3,0.05857331877231953
ck_874eca6776b34dec,0.038676762010812465
ck_66f0945add423e9e,0.039230114304217856
ck_f2b8995fe5402759,0.009000332361816762
ck_4af5ec61ddbde1a4,0.008692164074456207
ck_67674348e68d1f25,0.1029310272739162
ck_e267999226b6321b,0.016236777847361883
ck_0d5c0736ec76385a,0.01117199388002896
ck_82f07504ab59ed33,0.10503886775992242
ck_5068ee554ceff971,0.007888635857990253
ck_d87ab3261322216a,0.0024398225607022623
ck_523dce06515b072d,0.021321063499177364
ck_b150fe4efb449b05,0.014906189114405917
ck_ef307a6aee38d1fe,0.7595121041529065
ck_4c5ff58afe3d7a67,0.01740235929183516
ck_0274d881d6db82c8,0.0040586946629000906
ck_e0571312f395cd94,0.023381148089174793
ck_773efe58c6278c3c,0.014859655569701815
ck_a443d49c2b4863b0,0.008576178318204754
ck_91d417507a8c58cb,0.16146081204315435
ck_d58e058b5c553dd5,0.008673012187210767
ck_2f6a639468f41043,0.004961550469580104
ck_735f244b99e3aa8d,0.013056893073800107
ck_0c5ba86f4e05b38d,0.00846462180869818
ck_7bbe1dc8add17ef0,0.018376755827225824
ck_3baae40454c00938,0.009930894749027953
ck_5d5ef9e75f65d076,0.01489340712342626
ck_aeed557007d52e9c,0.0019175398091296448
ck_1ebd574406235957,0.010157142764675775
ck_c1c5ea839c58958a,0.023203852092305105
ck_da2729307af06ed5,0.037741285260581924
ck_f538ab6aecf2adfd,0.0037954352097856357
ck_57c07c45269ca8c0,0.005973175428844611
ck_21860dd2159dff28,0.021712596247046665
ck_dae09c4e074af5dd,0.18332464390745853
ck_42633573639a3f02,0.986802460432333
ck_76997a33c3ea5107,0.002487893831974305
ck_5060aefcc8b6f958,0.013234820721495127
ck_a7e669cf1c3985aa,0.010038287398153354
ck_2b359a979520276e,0.04509993674769585
ck_1078b1e155b5b640,0.020119171881393477
ck_a0e46b67e986ab56,0.013319443320794393
ck_ea835557d7043667,0.02496614684884433
ck_4ba8bec14c2217e1,0.015697107886408858
ck_0e9ec486bff403c5,0.013258271290996911
ck_77b2fb17c29f5e72,0.00944446047692874
ck_cf606fd6ebfdf9bc,0.017819073736988985
ck_9b436162039a77d0,0.019063737473575433
ck_0a2f8b2f8a5b6f02,0.03382525370981889
ck_9a2fcccb82da663e,0.010458891028227476
ck_18b36d342b530af4,0.01432734301067795
ck_895bb39d24bc1c4c,0.005315602365317462
ck_ad8cbe6e27e47ede,0.015161051193894335
ck_17ab24fe914ae44b,0.007639483122413198
ck_617b65141f546a1c,0.03792596101284546
ck_5ef935ac3d4d3332,0.037722447564508356
ck_9d7b9e3ff1f3e71e,0.016292240054691855
ck_45424ea6f0bc4650,0.11044590142010183
ck_c35e03b0dd0c3454,0.010715684646980132
ck_d557b9feb241b3ec,0.010367425467412214
ck_a3c25d6cc7478068,0.022399584695351853
ck_0ac9848bd4ba0c14,0.01574303934836378
ck_30753ffe481a1b8c,0.6840386947379163
ck_8d27ff8383d48132,0.02288265100975843
ck_242521e261148fba,0.010340308895329414
ck_4dfd8947f540eb24,0.009194142252324134
ck_38ee42f15a573e81,0.009161767182558367
ck_a019151ca8e7527a,0.03598808522850802
ck_1f56fe99f250cdf4,0.039311971259731605
ck_da06d97db0b18851,0.007483205162686817
ck_d0b32e039abb8200,0.010499409232330986
ck_a60d6b324bae0330,0.004594042506933124
ck_27acc9f320cda104,0.31097305032915057
ck_d7d50fb57fcb2d0e,0.006867863449180494
ck_819988d8a7f26415,0.004342787427357364
ck_184983177b73dea5,0.00637958067398805
ck_dba767885bd6ad69,0.007837862644359926
ck_2a09d142de1c77ff,0.019429644016940893
ck_74a06f347b32347f,0.026945465794601504
ck_2a5a4c18c2c7274b,0.02745088555141706
ck_55fc62a5f89a7251,0.019755603187461643
ck_25122cc0e8b1a662,0.06359820094056995
ck_c6bf67470f526771,0.03657421487646407
ck_2b699066665abe8a,0.005788029024342445
ck_7a7bb9be5a7e48ad,0.01221670493088722
ck_7346e4f820d9c00a,0.7902197391377408
ck_35b1939c48182a9a,0.008981745279496637
ck_ae7780327e210522,0.01660315705824655
ck_f09f9d0e0886e0c6,0.01413629686838653
ck_3c9a06eb07c300e4,0.007729113299447727
ck_a75ece9a9044eed0,0.016632519293927457
ck_5ea89567dfe78e4b,0.011202166362635624
ck_085d8c42739e2b10,0.9896737360476195
ck_2209de229b4c71c5,0.016482545013799182
ck_33ad8d53394ba77a,0.1735032157679471
ck_646e270e0195bf05,0.010108213126240093
ck_7443d6dca8cd1352,0.025241952306603727
ck_bac5233623b25ca4,0.008549397752444385
ck_49c3bf13dc9471ce,0.01966702848274246
ck_a2245822cfea997d,0.030124377423994524
ck_4c4a939154446053,0.02859851731101709
ck_0348cc6908f7f3af,0.003766312634471541
ck_c0422e638a9c6046,0.02840992914838242
ck_95fdc264eac72fa0,0.010444678342364736
ck_59fae092fb0c4aa3,0.007413708633462246
ck_f1acf73363925958,0.013737152121776156
ck_2f6b33bf46976229,0.033607561645257966
ck_a544e766540861fc,0.12553260738219407
ck_558ebde8c29132a4,0.04097592102259905
ck_c8307fecafa90140,0.021044187643258095
ck_79f5198f0decef20,0.035444935589614646
ck_01e5986ebb9a78f1,0.019464301477341628
ck_c2b4a1d8c0b6c1cd,0.004468556918680094
ck_6eceeafd56b42576,0.11274629214475003
ck_a1a93c5f375f6021,0.030364150084380065
ck_8089fe7403c5f537,0.016868199730683004
ck_6c33cb15b0d8af54,0.009679771756827348
ck_3a47e3f54475e854,0.004224615788981961
ck_34a33ffe8339f66d,0.8740602782086184
ck_01ac687ce0d696a7,0.007047261305604453
ck_bd30853e9a57b544,0.011598597751307749
ck_95391029a21caa24,0.0441697794352577
ck_b56c62c950eda009,0.021149436557551103
ck_7825494e654d5695,0.008352631921849752
ck_3f730318a9792292,0.024402723416587616
ck_507e40760a24d2d5,0.028236608479591134
ck_99b4f266b61ae7ee,0.028051747660955986
ck_0bf35dcf7b38f650,0.01748322006400077
ck_646d8d0834782d6a,0.1733102269555216
ck_878522cb775b904c,0.08179435589400616
ck_e934f984bad2ff91,0.06864670366047132
ck_4eadbe7298b15e96,0.00697094984050933
ck_197f8058cea1fbea,0.004370966650712912
ck_b4a6bb4689cd7cfa,0.058547154607993125
ck_73de0b49709e5f8c,0.011199464130030257
ck_27e4de495abb4d15,0.02931926493870623
ck_82f3f744209888ac,0.032507749432628914
ck_7a7e40ee3f97c035,0.005407979446999026
ck_055fb9f2e1c8c934,0.049836660731732575
ck_1fc03ba33edd9e67,0.016584753784919932
ck_2bb6a17e8eee35cc,0.045747325065903274
ck_6573c4947cc8607e,0.0256746169816506
ck_51d842e6dae74c71,0.007006840122223522
ck_96247fee0eb44420,0.019453951724474738
ck_e8b5bfa6838e28d1,0.00837042141259966
ck_04d2ea38ee27770f,0.03397154998127091
ck_c881f26c9bf9ae42,0.504011350858684
ck_9bf0d28119fc42c8,0.02986488300879877
ck_8ddaf745bbb9cd62,0.006141991669042299
ck_52c0ef68aa2fb8cf,0.05276814371088083
ck_648c03f9aa4e45f1,0.012254706030447876
ck_ecf006bbc78ee3eb,0.042237241838734875
ck_7d1661a34164406e,0.9591065653107989
ck_ba88a244d5f7380f,0.007986551811414633
ck_173e1198c341087b,0.015439462319098138
ck_ab33fb754c818ae3,0.04383089897003945
ck_3272c2c4a37d5220,0.11483773918849934
ck_448456f96788713b,0.03639145811177855
ck_822d6e8e43befc72,0.028319548410704967
ck_f5100511609b92c0,0.004347664124247518
ck_ca10102961f99eb4,0.002782661789692223
ck_85bf21aa1a00452f,0.003325404017943093
ck_9dfaca4c7c80b10d,0.27826394383872943
ck_5d75ea4f5c9080bc,0.060266887531882925
ck_fd44e34af620e606,0.017521573797205908
ck_6e4f31bd108571f0,0.020807005820059996
ck_020eb0e454524ecd,0.005018089180399373
ck_683af7b1540a0b22,0.0536532157141336
ck_dcbab304b55a42c7,0.017866904143971855
ck_1325000bc7f35b5e,0.013276293723761682
ck_acc764b49ef02826,0.32682448521257895
ck_4eb1c12f7d092bac,0.003201547480312379
ck_88ab6d245228c38e,0.004351973150426245
ck_0f37c554a5057801,0.06931945456746932
ck_1bcff399166d7c43,0.009623002658985632
ck_3854c08d17704347,0.025996011761916005
ck_ae20e28f9854f3ee,0.019176726800491206
ck_7509eb97c1948b16,0.040304977013607475
ck_e7b4016909405981,0.00561850263010069
ck_f0d349d68249d5db,0.020901061081888807
ck_ad305286702b1958,0.007265122944328569
ck_830b2c5d1818ac07,0.04596114551824853
ck_064b2aa3f0bfdb6e,0.019657645057773763
ck_b72c7ac4208052ab,0.024926102128929085
ck_786f079389126e44,0.07031819661504021
ck_9a88a5a989cb5bc6,0.036658919255614424
ck_8594f165e95316d2,0.013360111022550553
ck_bc89644ae3688995,0.009201492244308844
ck_5791f8f76a629a4f,0.04141209370197472
ck_b378b8d8100ee4b1,0.023212914539574823
ck_170f4688e0acd875,0.10203114874031473
ck_2a07c7021b71cf65,0.04875805697719012
ck_ff7c26a62bda8089,0.013598126979581454
ck_aa0a3179f1111674,0.010667456351755065
ck_b379c198d6db2d62,0.0191334549949605
ck_2acb54ca20c3af6c,0.030497938135288217
ck_40e84e6ffe788a4c,0.0198760461742104
ck_82b5b79ce3517102,0.9604001114831094
ck_eaec5f1a83b66eb0,0.009469544488613858
ck_3d56b477fe2370b6,0.017961789716572557
ck_e963d8525018d072,0.01236953369102616
ck_ee53ce862bc9c111,0.041179882336798916
ck_e96a5e1f08f8a867,0.007128916292424923
ck_d35e3aa9ef5d405e,0.10012099792962316
ck_723323f6870fab59,0.02650913457726116
ck_4f5d7985bcc2eda4,0.01416282606479422
ck_5e20953547ba4135,0.10205462256406715
ck_e6fecb82fc2a82de,0.011744591822889205
ck_7c4f12d70f184533,0.006133602425169059
ck_942b95988a6245a6,0.029725520714320903
ck_49e253ea12f4e922,0.07264641406375577
ck_bc2e771a1d8d2dee,0.08117047725867751
ck_6a892dd5d05c1649,0.03504251044320312
ck_9986c7d781ac6b4e,0.011040090723896659
ck_8c84fcde93a04334,0.08193011420787483
ck_87110d84872c0fed,0.03454746984056877
ck_7661d7ceaeb19f97,0.013059766238571057
ck_f234ab47061ba7c0,0.002983379707238025
ck_9cf5e88e97c8c7ea,0.03658138477159134
ck_37dab6a0a536ed49,0.10174111453264864
ck_e560f720a988d8a2,0.033533838997632834
ck_c82897ebffb6ae66,0.007635483880413268
ck_79ffcfee599d77c7,0.02598585338883326
ck_bc82fb1895fddde5,0.024297573828188028
ck_3152c7115257f084,0.038824125597433354
ck_edc9668282e3c8cb,0.04051106128415611
ck_bbe1a2ea5a403ad8,0.022716244439716957
ck_ee52c7bf88f952ab,0.009566771830549839
ck_8c0955dad13c3ca1,0.013977863598408535
ck_7501ebbf4e21f160,0.0053163404289020035
ck_7048bedd554c703b,0.02125447886351991
ck_c54643d94d3ce355,0.03668018779060853
ck_ff3998d6858daa21,0.006694913717978835
ck_f7e958a286ae3b57,0.02279314325925195
ck_c9eb4df91ff07f2c,0.014693373713621512
ck_c7f6f45710bc050f,0.07211103468159011
ck_6d03a542922b2ae8,0.012732678353632986
ck_718865237134ebe8,0.07586604095742355
ck_4f01f7eac0efaba5,0.017760573171269972
ck_47cad6c3def4c9e4,0.023387228419366884
ck_df39e3b8a9fd0bfd,0.027569970059651002
ck_d9ba2a6c0d926b4d,0.014608159926871709
ck_04470bc93b8a0d71,0.010207000655394571
ck_7955a359b6448799,0.006730124838604423
ck_f7112818a6d81422,0.0435281332711575
ck_fc7935f784a4f249,0.013922744068072368
ck_0b34197335ba3341,0.0275340625868376
ck_b7da6640fa2f49cf,0.8092241822105841
ck_5ccc0c94e5e1f849,0.02733831168919961
ck_635646a661f05b4a,0.015717693149660622
ck_ec01ae5351500355,0.012357275801925732
ck_7ae86b5a885affc3,0.025358504670679613
ck_9cbd9ecf8374f65f,0.005120318210821092
ck_fbff7b5da8111567,0.007909226222045335
ck_715966f86d5c913d,0.02696495457375738
ck_9b9d9e579e7b55b2,0.03165180694423519
ck_191673540d8486af,0.027558348851777634
ck_d8ddf5e99f7859e4,0.02260933300939361
ck_64f5eb4be9e7b8fa,0.07084778709122441
ck_cd92852d7376a4a8,0.0077842204458584705
ck_45f57fb8194cefc8,0.11780914737487409
ck_218b7e6e6dbd2da0,0.0032159110323086906
ck_46f4e1f5026f4d1b,0.0026446480815915958
ck_74c3c3452e4e7cce,0.013121087750747584
ck_1b823610371a29c0,0.01639989356960036
ck_78cd402a2a4f2e35,0.0289289343250352
ck_220fda3c11c59b6c,0.05129623652720558
ck_9478dfe4114c30f6,0.006570088286319297
ck_8440ef1386c07194,0.005389138775597937
ck_731943c682c9394e,0.0701629378628937
ck_c10c8bcf5bcd516e,0.06591551137567378
ck_11662cc7940ffc82,0.03871433035407572
ck_66267bbad1f1415f,0.990730740597352
ck_97e94708bcf43563,0.005071528887498067
ck_961ddb8ff55d868e,0.007098528037344826
ck_a4d6e152b0076964,0.007962216987725113
ck_5379452a9d74efae,0.013678506899624639
ck_4fecb87eaffd5cb5,0.005632754051100494
ck_b5a3e20fd210017d,0.01096651661359891
ck_dd89a282375bbab6,0.091924516710587
ck_c7ae1d4b3ab38185,0.02561682403305954
ck_f6c909c205767956,0.02095056391302778
ck_f2ecab85d4693b4e,0.008924551438675262
ck_11af112667c98394,0.010751989452987257
ck_abc54ed7111e9ed1,0.013951010361471802
ck_923d6a0f83accef1,0.012899222479412104
ck_6d07d6d1bd227d37,0.12415626934649668
ck_07840bba5570785b,0.135769442922393
ck_b8465b1a5666155b,0.01273160180544072
ck_9060f4e7ab7a1b0c,0.024976108685735698
ck_5af9934a56801ac0,0.004403381668166631
ck_b11e22e75d9b99de,0.008428229861993663
ck_a9161cf1ca22a6bf,0.008480748691233417
ck_3b66196ccf436c35,0.005638237133686511
ck_fdeaa1cd085691f0,0.009354626705686469
ck_f4de03f44e3a5bd5,0.03887195428077831
ck_b08afc91d9ca55db,0.021371266516518203
ck_69eb0b2ccfbe5f95,0.007068162280542943
ck_d6880578428b965e,0.16089638810725068
ck_7b1660e942436e12,0.014842214804689207
ck_9e298cae167f4693,0.004934498547060139
ck_6c679602a6476ab2,0.031103916413842313
ck_0a0cd7f4be606a93,0.009499560999834778
ck_03be334935e999a2,0.038531273597963205
ck_c8b7f241810b45e5,0.014031306765535352
ck_29f3a1737a2d9634,0.01618074437359305
ck_c30201ebd003fdc7,0.011879530579442493
ck_3f8571d4f7420b2a,0.06881743105093127
ck_c1e7d1021ae58f00,0.0035147321992506165
ck_21e3b3bd998745e5,0.015943675698430068
ck_c3ba7534cefc1de8,0.006924260400810194
ck_0e6e05c3cc8c8242,0.012001277726032926
ck_a95f212a02433d23,0.010206565642395103
ck_25bfca1d8eaa152d,0.006566923240195601
ck_7a52674e2806d8f5,0.10427528423250025
ck_05f375fc8ae0afb0,0.009468225064240767
ck_255d87b7fb40caa5,0.036180558609754214
ck_7cd9f39c50748ed0,0.013845980519757321
ck_54b0b070689c50d6,0.01670107933108806
ck_09b0d8af304646bd,0.00717151215895734
ck_69b5620e00ef5dec,0.013203601121289682
ck_f268416945316815,0.011621802066829775
ck_9f50920c894f64e1,0.02714297491611889
ck_2cfb9a7775e8a5bc,0.9793914997223061
ck_4e862c2f48c38aeb,0.028364806696031756
ck_337e98c69f6e7886,0.0060459864132643495
ck_40140bef4db73741,0.004138681156587233
ck_87f82b2b5fee757a,0.014693837497670214
ck_1dade5592f90a15c,0.02863438579750983
ck_b568ba3837afb39a,0.01188609715549299
ck_2c27b77c59d8f23b,0.050382651395060075
ck_db23a0e3e54be60c,0.08469156568947382
ck_b26cdb2b7b165d2e,0.02392064258705443
ck_60796eb60fc3043e,0.033073139330137835
ck_15220e78d1545e40,0.023571457723499896
ck_8c136dc691e65695,0.002370896998434972
ck_2e824b0b27494a17,0.027339601889674638
ck_06280e6d6d2485b0,0.005316791018473458
ck_b53084ffede19a8e,0.013698448871657899
ck_aa295a11b0a6ab36,0.006914342860858159
ck_9ccc030ba2de9fb2,0.044079379138196706
ck_1a524b5cc8da71b3,0.07876491437492368
ck_910205d25388a0ae,0.004702642539312926
ck_15e0b679931f7a8d,0.0104669335079798
ck_8e9faf94e3e6c757,0.006496629723246429
ck_0525349f3945375b,0.09100647778179273
ck_b9c6b32f6bd92a3c,0.02475891934658423
ck_e6b95ff91116a592,0.005243259333784976
ck_e69d27e8965df0be,0.0051369297952491245
ck_529fc3170fd11abd,0.04529418167818675
ck_7f15b50b29dead01,0.0610600570616558
ck_bdbb4230c91e1604,0.013858961604601722
ck_c69ef0f3e7d6acf9,0.021068151092447005
ck_3ba3fa5387bacee8,0.004927609716829627
ck_a54dc042ebb7c766,0.05206302445765092
ck_7e5401c362b2216a,0.014714620080046323
ck_eafe9b89857149b5,0.01224819468981976
ck_df20cc23b8fb8e22,0.01061792594085743
ck_b657ae3c146cb7bd,0.023997198215849593
ck_6ff6883633b8c7ba,0.004583301840909099
ck_8d9518f64b222416,0.041354189061823574
ck_be9c46acd216b45d,0.02783147657836421
ck_73b729cb161487f2,0.0021894062575813157
ck_61c3e3e277629646,0.015229621492191436
ck_ab1b9d019921bca7,0.020487704453215766
ck_17c4296276448afe,0.029143490501493875
ck_e30e17db5473c7b2,0.020839578464475324
ck_819b482bca14c068,0.20302367165856958
ck_863708a99b92ef0d,0.023146281601294342
ck_75fb7e56432ee4b2,0.008419606770635855
ck_83e5979334345622,0.005857651448574718
ck_6d64190623dea714,0.0013282807411601713
ck_16077ac345472e6a,0.05030696251954937
ck_85de63d278f0fbae,0.009825984541684197
ck_3a3daa8b376f2a18,0.005276264061035796
ck_9dbe184e81c1ca8d,0.10119182508551638
ck_2b7cadbc8b180d32,0.6679197543651415
ck_04bd8a1ffaf3ffd8,0.005328500980424989
ck_a6fe344bbf67f14b,0.011005500362665024
ck_ba1f6dd43fc8a0b1,0.0064349294566486
ck_2ce8931af02a2ce3,0.006303397704091799
ck_f2bdcfb4203ffdee,0.04464867024368505
ck_b9eaf03453ac7d5f,0.01815429113073734
ck_d7607a213b800bfb,0.040453237193454436
ck_dfc933493561d84f,0.010136634941450529
ck_6f8ae0319c07cafe,0.01524706542030797
ck_d637a011332ba67a,0.016486048627317708
ck_8e2b2251ee224aa4,0.011784846528468597
ck_ebcb93a2990fc914,0.029273776918879467
ck_8550f229b5eb03ab,0.006071845433268352
ck_4ad5937bef176d89,0.015450614906945612
ck_c01c85bd631d4054,0.006462685059908391
ck_724085c3452d4693,0.1301539293555929
ck_aba32acb61c1aaca,0.038457350745183826
ck_7519260415c2998e,0.020376887825534144
ck_5dd80b3c01457bd8,0.033141389497630444
ck_7cf562578c7f158a,0.025144091311151306
ck_f7c6c26ef3c4ae06,0.01470668168110378
ck_c96ae2c28086a059,0.010248079606620716
ck_975c2aa3d4a8c51a,0.01347553897402115
ck_b1c51fdafcd80122,0.01865694619420109
ck_794d8935a895e33f,0.02085553485307546
ck_f655399ac75c4450,0.02129506752370604
ck_2085433978e72ea9,0.06101319810245628
ck_dd1c490050cd9051,0.023052956490226647
ck_8cb20053914692d0,0.10111229860624936
ck_65491367584c730c,0.04314146212913793
ck_e9287b6d909d731f,0.008384973068298017
ck_e40a156511345d6a,0.01651889362013234
ck_e3e95546a84d0ed8,0.053530879100633665
ck_83b2b192f41ee2bc,0.13900542585046158
ck_265accb3c5c32620,0.058066471546647104
ck_a9aa389688ee5aea,0.011770378701781423
ck_6a475fe324d7d790,0.00941216240065399
ck_c1295d97cdf35ec2,0.002623939711978681
ck_e10ff5c38bd18470,0.019922438451206094
ck_a60388296a47062c,0.03845892151983589
ck_63379e3c9fe6f711,0.08849854427126477
ck_888651bfc2c8cf70,0.003466334631846282
ck_335e63101b1e6c4c,0.10273841436668948
ck_57849e15b61c43b4,0.019329087828266152
ck_b003e5b54df65db4,0.026314651543470447
ck_010264ae04f2e902,0.060921414764987206
ck_25dd0b02af5b2f37,0.055079433886901875
ck_238e53b6dee8c301,0.014746366595126676
ck_f439f16f8693883f,0.0226699768232946
ck_0229a07185f15469,0.010355966507957861
ck_4c76efcc1ee6762d,0.03391558237463592
ck_ad3c4be96599554a,0.013369499669062564
ck_b7e25ddd41514d4c,0.07894894011816843
ck_35fe969c58b9e70b,0.026205501173498503
ck_465cb8ce232c7670,0.0618740428147533
ck_1df4b46c0a4c317d,0.026165301493263245
ck_e08e9c8ec5f23d8b,0.018252085807961383
ck_fec0ff92fd622253,0.027890332543635772
ck_64f5fba6af67e024,0.015232821964723186
ck_7df3f8f4f1068d62,0.07432450348582932
ck_8582490d6e365a63,0.02653706204820684
ck_db23a5100f338d72,0.20879393093109505
ck_38d4ed52cbe6d123,0.040860080619355074
ck_e2d1f212f259539b,0.012065028559607057
ck_80eb91b0b4001084,0.05168703850077443
ck_15dd3ecaa8ce0245,0.44113098386204175
ck_896096cb167254ef,0.03586822579707847
ck_b35d803568f82d9a,0.016973093041377688
ck_d72035cb29db3aa4,0.007759080612854419
ck_00f9ca84d1d8ae7a,0.01086131145314456
ck_6430a8792f400e0a,0.01901900915294274
ck_8bbb625384edebd7,0.011347211499450002
ck_9a56739d81f84a53,0.023374099850576282
ck_6846100e43659bf3,0.0076341745364964155
ck_ed0c4a83701ca230,0.019684074410321366
ck_55efc92394fee232,0.010783725159227547
ck_6f81c199e986d9fc,0.009018169227113097
ck_fa4211c4d826d830,0.013496047958055393
ck_a61a879dd46fc9f2,0.006028075699338283
ck_caa348f0e65db062,0.8851738898870126
ck_642344e5c652d8df,0.016091822801769424
ck_e6c584b4b1ad6d9d,0.008794549560806398
ck_27d69ff4e0cb428c,0.23791715602758423
ck_84092e23d5ef4d51,0.09980757397737558
ck_02adda6e91e49650,0.012573833404484489
ck_aa075c418ed9fe5a,0.03694915991907302
ck_38e4a74ab256e2eb,0.014556264141742582
ck_45ed5ee496ef8a67,0.018525781575616292
ck_1e832a5b2342554f,0.04605288632151308
ck_e87897767c612942,0.009752209560218177
ck_798ba4b8aa544fea,0.010867038613071093
ck_81793387b38047cc,0.016684784099068064
ck_f97c477986043755,0.04856865233691601
ck_dbe58392635133ca,0.01395431135235824
ck_d19bf4dc0627113d,0.01420187277530922
ck_7b55d9bb1a250d4f,0.05632413576029718
ck_28dde633692904b0,0.10462128329127818
ck_72e550559487b919,0.008230363277268615
ck_d7ad9921a4d25926,0.037909263270133026
ck_b71279e807d0b3a7,0.0071794467640127774
ck_cc5a35175d381d5a,0.06671924220956323
ck_0b2eeb4e00ff7955,0.0348262238599352
ck_c86520a00e50a926,0.0053602112119510974
ck_47d29c01b20cf69f,0.007644316642661669
ck_bfecad7586f65e4d,0.027530096141189828
ck_37176850ed68831e,0.006762204052661198
ck_5e68ea2c5e893cf0,0.018391827637876883
ck_555848d51f4b5f35,0.03805233187953194
ck_6c7b41374f9b2e55,0.007027845214910777
ck_4b31a8862a857e6e,0.532990581619742
ck_01e7960c63dca3a4,0.9798852022303641
ck_5d4ed73b9efd7d11,0.010225989350123794
ck_5e74fdadb93ff293,0.04913610745906047
ck_7f780f465c29398e,0.017446915430424745
ck_f04062216f95fa00,0.013251966702755661
ck_46d8c029d46867b2,0.00886479398354341
ck_323a71f9452d21cb,0.6193156548847788
ck_3acccc69f8b1fd14,0.12666084067455544
ck_260ef2f3e6434819,0.06290520070505555
ck_d3877e1f907cc148,0.017606735854988367
ck_2c80a592fb4cd6a3,0.012510900908841275
ck_1b1df006b81d38ba,0.009885952345338967
ck_120e995d50956bee,0.04266793670946377
ck_ba845332b730b596,0.01450522067161462
ck_52f641c9ee6fda70,0.01635700075417665
ck_5f0be7b468a72333,0.0071176440581782515
ck_ff45764ea7d6619f,0.025649396081693667
ck_df65967b8b40319c,0.005009667906972552
ck_a574a08edaf81781,0.008085611115427833
ck_7a02ee1bfba7353b,0.008638685050010815
ck_c767fc454fa215d0,0.046985006816799665
ck_73a7794b659d7a34,0.0286489262616012
ck_95188150ff059c70,0.005749941564982849
ck_8716cbf892c50e29,0.012646352706482105
ck_e0fb11fc9dcb34e6,0.0018936551059406358
ck_b046a42684468e63,0.010842521288443483
ck_8409716d174635b6,0.015058955205130817
ck_9f83fa5a2d3b9049,0.007125108225657404
ck_8adb40b168b59d7c,0.006710570118966042
ck_7af748a23775bd54,0.03433917941808672
ck_abaf371ec8249c4a,0.05328957389710971
ck_c2925c50ebacbdba,0.010948857122093062
ck_767e0be086b5f601,0.0561380032723577
ck_e2374c7136c964fd,0.2496215935089769
ck_65519d0fb137e0c5,0.04570594096978202
ck_631ea1ae91ab333e,0.012716839981812694
ck_a2858979dd5645ef,0.00445041873071877
ck_8b3b874249adece9,0.02027034829835048
ck_70e6bca473bf6902,0.008506581399030468
ck_228a583f23abff48,0.021133582530633053
ck_f517f06551e69507,0.0034560317000343946
ck_88a8b1d442ca3686,0.01489493339751947
ck_ecaa6f13304e3dc5,0.03813656461709616
ck_a6fc92aa91e99b77,0.3717659697196303
ck_39a3f1da060e88bf,0.00892181669944064
ck_38ea56d43afa5660,0.014553370125227618
ck_a2d7a563f520b7ea,0.007671976980891911
ck_a1b4c96faed3e0db,0.03246554068480421
ck_f5e02a3432571b20,0.028229373561694693
ck_4f325dd15c9bd45c,0.035810826840172755
ck_5cacad76e02c8e3d,0.34248417555201516
ck_463ae759e2b6ad1d,0.023068994225103133
ck_c56a44fe315c0389,0.011553476250616425
ck_6c83aa1d100a7cd8,0.15767024031145058
ck_17c0a6a92b5765cf,0.019857182786650045
ck_9341c7959543c542,0.006594037875652378
ck_7f8f864fcc90ca82,0.03441387996940082
ck_9ea3d5a5a91fef9f,0.0669074024348894
ck_42317c3eabd0a285,0.055598032692446356
ck_a04403073c90ce38,0.008118044336774509
ck_fe33eb743d714c03,0.017878821579685355
ck_b68199ecccf2350c,0.010078768048744979
ck_ad9e2088a33c8c72,0.007439236125088824
ck_c8c1bf16d9113493,0.050656689364620235
ck_4ff6fc70bccfba96,0.027964706820502498
ck_18270fee7c8fcee8,0.0032037366195511656
ck_d6ba7ffd2ae08863,0.02891945625457363
ck_e7a3cfb9bf908e80,0.02268086385653361
ck_8beae3d7328fa41a,0.07157405126546584
ck_755010362a9b1bc4,0.005527000206129001
ck_ccc917533d4b73d4,0.018834732054109914
ck_73d3689728270a2b,0.022302990535067135
ck_3bd12d468fdc2450,0.015974629097535532
ck_dd0e17605f970319,0.01919943839248289
ck_329f7de7279e74c5,0.024247282589468566
ck_a1201284122c141f,0.016724279426483548
ck_31e7742f160980ef,0.017853916282264286
ck_2795921a055643f6,0.009026113285678471
ck_3be854e42e76569a,0.023349801401867206
ck_aba573aa942b1d41,0.007217288680830434
ck_7905fe8e257b0449,0.03495122841523517
ck_019d5891103e7da3,0.07178113504401368
ck_c4524993ec31dbe5,0.02188922981063755
ck_e032068be7b77d15,0.03253114141957512
ck_16c7bf94ed3e7a6f,0.009094229528752561
ck_d4fd0e438c97e0c7,0.10692191471603656
ck_ff42557857ae3aeb,0.007447919000465078
ck_f790d91e5ff0eccd,0.03447295838864059
ck_7456df89f3792235,0.005647995625923865
ck_417a3500b2c717b3,0.032700206931374536
ck_e556c4d36aadbe03,0.020478845987357455
ck_f3c16d8f747db046,0.035706006472890094
ck_0b615ed566da1f58,0.021479135147521942
ck_d51df5e9fbbbcc94,0.5984203528518015
ck_60896cdac2212bea,0.04322817216367247
ck_1a9235812de4b2c1,0.020942811150200785
ck_6b55ec4e87a5e22c,0.04952475527446033
ck_804c5a1fa5753617,0.3086276012338482
ck_7176bbc97b1e42a1,0.01302431812335647
ck_49839e761d0e74e9,0.006694584590446545
ck_6babe5b8674ff51f,0.006684683254533597
ck_6cfa71d27fc27f92,0.008774160812564795
ck_91d48d69e4f5d9c2,0.010749982299558205
ck_13cd943777651aac,0.011210311305864433
ck_074be35c951ae10a,0.01941392606314869
ck_b3905153b9eee924,0.009882762702983341
ck_66e81a4190c33510,0.00371514630322685
ck_4666232ddbf77756,0.02960548490283664
ck_920a48ba8c583e96,0.0065090224835968255
ck_a3acf4b986afa98b,0.25731484028208795
ck_a4e2607b4c8021e8,0.011639279925853677
ck_9652283c9f61fcec,0.002577815581446759
ck_67ab6f9e05c85085,0.005526905973033176
ck_fc2cb29918631f10,0.15163927967728966
ck_12631b78f8a03df2,0.009460996792963045
ck_98d2f9a6ba3a3077,0.8741701752467547
ck_00bd7803f2530c68,0.03145234100006586
ck_6d26a152f900fee8,0.00353956803700739
ck_59371c9140239fd7,0.01113976713281001
ck_9dc23031b6b494af,0.019964051169620006
ck_5e1b81848718bdc3,0.04227653269427994
ck_af0a6540ea7a36b2,0.007380523064242977
ck_852c50bbba1ead13,0.03561768156237297
ck_6c084bfcb38e96c3,0.011094776044035632
ck_00480407160e0743,0.006028984249047362
ck_09e9c51eb538b255,0.06604692718899394
ck_9fe9bdce982b312c,0.022530522983352223
ck_a0543e9b3abe1001,0.11856537916468833
ck_02dbabda93c8c13d,0.017201206608736377
ck_b5c3075c811a2216,0.05672807126728605
ck_0789ff4562202b20,0.01813145429375409
ck_28ac4c5134cb8e77,0.04681972559182961
ck_c417d06f3e94685d,0.013676625425006857
ck_7c3a6a82f3c3241d,0.014531475438779216
ck_c423aa6de3ed1e01,0.004836840168677221
ck_4fa85cebf707de2c,0.005673041776118842
ck_1b34c420a4c85a95,0.014648565852566988
ck_ac7fe1c344190c50,0.005188649621499392
ck_8584fea2df4c6317,0.018893318692959012
ck_961e7dbc217cfbbc,0.03439611210193792
ck_8fc641b1750a2542,0.061223168710181096
ck_47de038381a9cd65,0.01843453013461145
ck_ba8affe4b9505a95,0.8169981587320475
ck_dd30558576b45e7b,0.013117767367439564
ck_df935d8bdd44883e,0.013357163822209334
ck_b4d55bc809000276,0.013260721088307049
ck_d0f470f8078c91df,0.009875674239240665
ck_604c17cb97dc89be,0.03683455089760032
ck_bc04f51c23290bcc,0.01011647056101741
ck_66eb09be007f0755,0.027031580243467846
ck_75bb521de55644c7,0.02134964325175571
ck_cf7a022178165e56,0.027025130821975604
ck_396cea6f95186ad2,0.013466104411923968
ck_cc81dbc83a8879fd,0.00819254558327032
ck_791d5392bbd80447,0.0040006897017649005
ck_0acc3d8c67218b9d,0.05467748873593017
ck_5d8481e2b38bd99d,0.03853687812005312
ck_174be2231c5fd2b6,0.017417007536107122
ck_ac68d707006c12a8,0.026038152321990176
ck_931510e384b1d0cb,0.004086668697870724
ck_b7f5d10b427346ad,0.03468045766718314
ck_4ac918e884cff336,0.023354842511290264
ck_a5bdd026fa9c50fd,0.013256334491477405
ck_7cc2e091806cfa5b,0.1281966632986164
ck_e73caa3771ec5e0f,0.04703302341892712
ck_723b4afc388113c8,0.013056186436561252
ck_73f4eb09af29b1c0,0.02047197363379901
ck_664b5e02759f985a,0.0027475853021070753
ck_ea269b35406473e8,0.01024704215221306
ck_d1ed88ea4211ba4d,0.009824918153833842
ck_dc4db8b932df49de,0.0845075858320299
ck_7356f47dbbbe7904,0.032884259139967495
ck_e0f845159b6e6a4a,0.029351560218827972
ck_032880f1114dd51c,0.03931252880674243
ck_1fca72e03143a645,0.7568165208259044
ck_58afa1550b3b5294,0.010365961044971206
ck_a1c39df50a5873b3,0.03278312023393357
ck_25822068c86c856f,0.005655903850035373
ck_17bf38d51115a8f3,0.011955808605421987
ck_d9f8efa6a7800f76,0.07858492925240117
ck_2faf7ecccc9fec58,0.00597828494632509
ck_275386782b1606f8,0.004144312042093366
ck_9a66cb13a9884cc2,0.016503440511912826
ck_fae7e518a585fa61,0.013296266148399339
ck_d0935b571a4a3868,0.00785218887452969
ck_39a68c55a1bd3ace,0.09523253551936983
ck_0cf220816e320ac5,0.005560306686420048
ck_6dac66c8198c07d8,0.01267753489468064
ck_12c46bc52bf45b36,0.036804808399515776
ck_205c3405045bd835,0.0026679467313952296
ck_0bf48607a874b4d1,0.04811832626399304
ck_cee8d42475a0f020,0.006994601100824949
ck_5014a3b07e1f049f,0.2349411569805038
ck_114c32aad4b6183f,0.042015434159759515
ck_84ad096a46e1a960,0.14580827245465613
ck_500948a8d4bd8e13,0.011631945292972127
ck_e5cdbfcca2456652,0.01728178913361
ck_7a58e0cc9943c39a,0.010719407563465696
ck_95e444a01e2ab4a5,0.0200513294846982
ck_675c0ca1ebb1051c,0.004223211468778462
ck_cbe525da0b69f18a,0.02649673198083538
ck_55d0c7012d7ef236,0.023142215577398737
ck_b0f8f5408662337b,0.003089968768395919
ck_629537d8b4d0f395,0.006262372199068223
ck_82181b935360dcbc,0.8294317472358426
ck_8d38747058d0aeea,0.19189860184064336
ck_fb00dd5021642507,0.010654534596938794
ck_fc4a43f8876bf10f,0.0206316683827311
ck_61129937ee466b49,0.027272455307436536
ck_703b375dd86a6124,0.026577403369052795
ck_ad4a4daa826ac68b,0.005519707588277965
ck_b694c803b62862b3,0.007781111419572563
ck_348a525791ae6475,0.06938511740724097
ck_454a7e4d859a3409,0.005809117050804678
ck_8e54386f4fe22cad,0.025884699619040774
ck_36224a2d394ebfe4,0.07399089592653174
ck_1a6ddfeef82b1b1a,0.007063090370479457
ck_edcfa9e1cf29d813,0.021208772040254162
ck_f7a7f8f5903617c5,0.013960274614730182
ck_66cd34bc568d95e0,0.00872472546145054
ck_5e5280539257c986,0.013215193064628348
ck_832341c98254bd84,0.022762859724689593
ck_c84ef83489badbfd,0.036529338521037555
ck_e21a900556b382ad,0.014013745503498268
ck_66dd4f4b4127256d,0.006878578234899087
ck_f5882e6f98b8b4cd,0.01015901354140387
ck_129ffae92dc01408,0.028237550497189307
ck_6faf3e6820398866,0.005903608374990001
ck_76d010aa02eb477a,0.005716065398811878
ck_5fed957287ebca03,0.012355885559461216
ck_99ee90946395d74d,0.633279606002991
ck_09054e97bdf9624e,0.008001786382207469
ck_30bf5b0056eea9e9,0.3370823550887417
ck_9fb11688dcfe1513,0.02622378311071375
ck_bff090cb4ab76b9f,0.2341130219721329
ck_93c0cb3dac4891fe,0.008798440505397496
ck_4df036e2aa7e1056,0.010788029502624603
ck_c830f3830875b47a,0.030017249789369607
ck_e45012f22b7f91d5,0.025337608892194857
ck_9dd7daacb7833233,0.053792502185132055
ck_8424bf65223a5a9e,0.01335532231511328
ck_c9690baddfc4177e,0.00661003444559005
ck_70a932ab39d86a24,0.00567772746951932
ck_abbd1465fc730d78,0.02593651754335954
ck_9b665ef46d785324,0.01692386430225069
ck_016e8c8eaf9d511b,0.05374204708221646
ck_eed7f1f7548df15b,0.039746306792431296
ck_a7cf6c3b322f6b7a,0.04804627237702376
ck_9a15fdefc47e8d11,0.13007175676437796
ck_6f3a28eecd2c4031,0.018638130189818285
ck_f6aea576cde8d592,0.0005933873904320782
ck_dcbe6814fc4ca0b4,0.05895797955510464
ck_4b84357ae8ec7777,0.007789084363934746
ck_0e7bf10ef49aa818,0.0883024322990021
ck_cf301f2194975866,0.01569214126016875
ck_75217ee144b715f8,0.05535816666403414
ck_f72a5a3b0d6c1177,0.015477386867871435
ck_80b50fad7f255e1d,0.03645709551879386
ck_20d7571ba830009d,0.0367944802232261
ck_7ea52b6f27edcb73,0.030753253243980674
ck_454b9e21b7f25a4c,0.010021064764341447
ck_d11d27de7bf0b973,0.03320342374364652
ck_6fb2d142c09ed3ed,0.0773864797556373
ck_285719c77eadf915,0.01155390591333857
ck_43292f70a03ddf2b,0.040386974990101125
ck_af7ffd1a822460d3,0.05321465227668782
ck_9fcde1ff46cbbea5,0.011905717375552056
ck_5efbea1befdefe1b,0.09086886201174851
ck_f2350bf355dc919e,0.026362628976919003
ck_e155cf506b2fb699,0.00940483841794045
ck_b89cb90a420c9075,0.008027931957572376
ck_52453401f88935da,0.050013754623824486
ck_1383b2b1875000f2,0.02354944649514977
ck_926b81c0ba528eee,0.006932298090208077
ck_190bc849e5ff5401,0.054191803153947976
ck_5468fa99c945d785,0.02448827639772565
ck_9f85fea4490c00cf,0.022768794489526525
ck_b2cb9e6610eca967,0.010159489263377175
ck_98e1992ac8e7d2de,0.020143927094619294
ck_75fcda73f0b43557,0.0043073490197025645
ck_46225858a38b2e57,0.011450601389096341
ck_acf7d65eaaa4c31c,0.003984468007681487
ck_fe2fc7d6e5d83f09,0.014255865834694254
ck_73f124f075ede0fc,0.022552494575841017
ck_a7afdac4ecbf2de4,0.6593800413721336
ck_5dcd443fe0bbdeac,0.013392572783673574
ck_7310cda3bc65a73f,0.002177580381900888
ck_650020c500b1b50d,0.012677963467575428
ck_592a3520d841d11b,0.011653477917943827
ck_d5c14e877ca7b755,0.01090103965487311
ck_84569a8fc50e73ac,0.01956403714437377
ck_833688de8629c5c0,0.004924051658989208
ck_565e3418d2f4061c,0.01969537214616408
ck_7696e38b3e4197b0,0.013582804166016229
ck_94b90ab8b2dfb50f,0.014126754630666536
ck_1da9d40837ebaa57,0.10755312969858044
ck_e89d25ed7bdeeaea,0.031094867209233414
ck_79b6a86830156b5a,0.021156878267286124
ck_9da82e567074da9d,0.03704388251002331
ck_5f445182829ef342,0.05229100841254561
ck_483fb981a1fb4317,0.0074106718581482866
ck_28dc0fdbaec00580,0.2787778184557132
ck_7c4e588f927c27c8,0.05652285464398441
ck_18c3a095606209e8,0.013517703176487015
ck_0174d76398d9dc0f,0.4649509012711716
ck_4a24ad61d017e1ba,0.026945273730517843
ck_dd9c5f0c42878e67,0.00751046019778807
ck_821446adc95e6da5,0.007811804343826335
ck_8a4952de8a123ef8,0.10099038963092129
ck_069d158665a53909,0.02427627183606087
ck_a1c7cf63467df4c2,0.005371615334218301
ck_c6d2e11a368184e6,0.003593683583828637
ck_cdabe60ab59f9d5a,0.010181820387353244
ck_4610a073bb54d1b1,0.029930062830016792
ck_9be551300209fa83,0.01295995570417301
ck_1ccdc69d0bb712b4,0.012062982032756428
ck_3edaa94d28cd48ea,0.035133559758392975
ck_af3f74b1d75a5d95,0.007314078599653582
ck_3d139692c51b604a,0.042015335174368645
ck_7d51c86e0eec72ac,0.017727694414526873
ck_420d1a9c604293ce,0.01472308801329139
ck_59a9e000fa275e1f,0.06425958826942689
ck_700cb620f300dd47,0.008197217226506626
ck_569b83668d74042d,0.14061191053161315
ck_94f4266ee7871345,0.04204365220779641
ck_856ea65fa27d06dd,0.022028821227236026
ck_982b0bf2e2b6c4f7,0.03676700065022486
ck_2366b29ed9887a5e,0.018766107585484252
ck_a7b57882ab66b111,0.005713645499881598
ck_e9a2495dea8675e2,0.02976004636185874
ck_37d47cf0f34574a2,0.017844550181890073
ck_8f43459991ea511f,0.004206851678257188
ck_ad6d48c20a3688a7,0.0191281453280787
ck_c4f4f28457be8a74,0.006374174227308044
ck_d1a1cf4cf61d6801,0.031112744765549358
ck_7cf301d075e4e709,0.04186842844940537
ck_0b8b7c5c581fd161,0.008636425725061982
ck_0ed2739384f1d644,0.00568645515354488
ck_ec4e597f17f473c6,0.01788824750483119
ck_aa9953c0ca2bed7b,0.022424997826608093
ck_96c7d52ba0a766ef,0.06995071906913601
ck_0593ae243a9ebee9,0.013468905802373782
ck_4424a5223ba2fe00,0.03225899173999826
ck_15eed0f5652f0352,0.0030264997943528003
ck_aefa0d8d933e0eca,0.024272544500712
ck_ce1e695884511479,0.009969573077287436
ck_92d782bd9ce0d1e3,0.054926581602222024
ck_16d2d27fadeeacf7,0.008651317665408364
ck_9075432001a64e75,0.01247243067158001
ck_ddcac1ab765ff61a,0.015431938512395157
ck_eeca179341d56f8a,0.49974044508554355
ck_c8131ddc7ed33448,0.010661473290502328
ck_231e6dd1fe708000,0.02623453781700047
ck_bfa7ba218b988cde,0.059874070153493206
ck_ffe91d6f0bd93fc6,0.04306702308232169
ck_9915ceedf63a5289,0.25816872097594246
ck_5c87eea1cc07cc92,0.07403237905021505
ck_f1e0a006068aff29,0.012959302518059889
ck_5517b9a865960542,0.005829965580771088
ck_26df74feac7ec51d,0.018675913564920196
ck_c1466b52c0a10b93,0.03163943900811033
ck_25fea39897f2a559,0.00976061245999453
ck_a6e8e8f535b1f1d1,0.08562436978169706
ck_fe3b67041dad2dd1,0.010777751262960109
ck_96a9221a87be93c3,0.018725735552582917
ck_da1c853b0a061e83,0.031175557328297354
ck_2786cbc3e75ec034,0.031360316673380455
ck_ecf9794349eb4b3b,0.018555605578860303
ck_69eda24e931fb36a,0.005631302965725524
ck_841f598bbd54c83f,0.03686261109318263
ck_ca491debd3b32a59,0.020689405917212578
ck_7dbe24ba01316775,0.062287322927418294
ck_c00e70606904539a,0.002158276997047301
ck_354379de065a8ff8,0.0019342200960318205
ck_3a0e0200cbb185cb,0.09985085503562037
ck_6bcfa37c717f19f1,0.05469594057687436
ck_5c82444b3b9160ae,0.025439296191994688
ck_dc3d8b5c17b67ae9,0.006912578383043461
ck_1c6820fc38135ad9,0.03258150883297331
ck_b667952253503174,0.015387776804460015
ck_80e5ea27848069fe,0.007734088332265378
ck_cb88ef3dc1f42225,0.00965900615366173
ck_e5e5dc431bed6f9d,0.011580760132648525
ck_19becd44f2c3d2b5,0.02623677195067104
ck_f9d8b4813a88c1e6,0.01455392602958127
ck_b75b936aafac56b9,0.007796129333217846
ck_e37cee7b123692af,0.019322993580106116
ck_3e24b026bc66789b,0.0021987708865808435
ck_91955aab3424ad16,0.019762576392147044
ck_be05447853d423a9,0.0010783852406412078
ck_6a17384072f904c0,0.013654920149759569
ck_a08f8dfadbdca112,0.012357231775374202
ck_a69084a068bcc8aa,0.22484003799992686
ck_da84a0dfe947fd3c,0.03412912909185925
ck_fc40a16adfced018,0.006335688886414138
ck_b6f2a2fd232c141b,0.38381800549784756
ck_fc2a6e27b10b10e9,0.010834850977105336
ck_182dc4a2f5a366da,0.013311365230000368
ck_e662b14b2bab23a2,0.05449110311775964
ck_c2608f78f6851d10,0.039661789087635055
ck_7262b4e0c29c942d,0.01194173259297878
ck_5f9a7ff990341bdd,0.023383553044992903
ck_0284dc2b4f856b3a,0.20920906918866353
ck_83dde7da2bf647ac,0.015882502921989037
ck_e5d1462846154a75,0.032908561080345206
ck_598e036a28262aeb,0.035876697530927745
ck_823539d936c55fc6,0.0073857488895197115
ck_3865b7525b910893,0.01712864244975824
ck_eb3fb1106f2f1b21,0.03715523138723816
ck_8c748aaa4a4554f9,0.022750193403346143
ck_1a3fd2cc4b4de196,0.013241440326504707
ck_d932f98bf6b83956,0.04261790546184427
ck_586001d3ed9e7fbc,0.014808436049562512
ck_40780fc0f8d6f309,0.01898430563417183
ck_37d3e5c681a2214d,0.2274814851093765
ck_9e75c6641939f4fc,0.11544321014145775
ck_209f574c8d92274e,0.010567931741291316
ck_cf59f4fc0ea690b2,0.022912176771644574
ck_9f7807ed64cdb728,0.14509512603100938
ck_0a7ba51d626e932a,0.008882321643568258
ck_c8001bdb9aafc8a6,0.014629410392800121
ck_7d0fe77dd5ddb656,0.019249761866480936
ck_5b59e859bed5b40e,0.010708941941558726
ck_a4691b57f837d88e,0.017501114173425276
ck_9e3896c2668ce06b,0.015383142211312702
ck_3aabf5e0f4defb41,0.020303365227137094
ck_44e9a18a8645c9d3,0.030062761156457483
ck_80c0a7f54ff4895d,0.00372002361925791
ck_f2ddae2eb1cb29b4,0.023480736897272574
ck_3fa559c679751b3a,0.020077321450930035
ck_b4068439c413b150,0.03687357298055221
ck_0a4e191cd0a57ce1,0.036623037109185
ck_58955542edee1adc,0.0499843589663484
ck_d1b0699d26282871,0.019961177461622823
ck_87abe9cd066a20fb,0.040807029229338314
ck_66f94903177f20eb,0.01190419469551707
ck_a89b66665714058f,0.014858444876434965
ck_9a65fcfc7916f93f,0.0021454232267229235
ck_dd34f0a844fb115d,0.04265471554077583
ck_7a86ef4e2beaec38,0.0072823760085502735
ck_34a69b3b4a681796,0.17890236301233953
ck_517620ca16505af0,0.007661762085002377
ck_f792586ad0381eac,0.057054859192689635
ck_d3cfb3603f2c6ca3,0.04947899036303915
ck_d902183f80cc81fa,0.057388375348369894
ck_1658429acd5306ba,0.016091593914808622
ck_e988c108754cee9c,0.004551827065051714
ck_547090bf35a3b243,0.008267171167578968
ck_00a07fc2a9183c3a,0.007236528117497077
ck_463937167965a1f8,0.02807425624228937
ck_61a59a7944d6c53e,0.19482810943863163
ck_f87d66946252476c,0.23605791306479315
ck_247589ff532f7aa8,0.0017230866260826575
ck_2ca91214c357c072,0.2659283002975514
ck_1eabc15a94bd9009,0.10531585192495384
ck_80b8fca67a14e0be,0.051111358285385954
ck_54459b45d2be8459,0.0020307221435986534
ck_a2299b4f530be0d6,0.3517150629921623
ck_d973444855403e2a,0.010627358821814283
ck_ec986285fff05b7d,0.025129928256102014
ck_e76db7d2562f9836,0.004832180150516955
ck_cd1dc68e441222b1,0.7786813005845001
ck_68f56f6560a7a933,0.0014318188718851208
ck_8a6ea4a79b1c7a8e,0.01757274268831033
ck_32430e678c4f9f53,0.009997168882745416
ck_23aab322810b9fec,0.009526594980064942
ck_29c11bd68858e923,0.012894194639538914
ck_ae8e5dc4b725bc25,0.07809548852916845
ck_18e2076397bcc211,0.01758777910393274
ck_687eab3ffe1f8cfa,0.02179901943150083
ck_3d4913a86f207fee,0.023145099203601804
ck_f9c4f8b4ce2691f0,0.026925755422396638
ck_d3885e286b3b11d2,0.04181727890173769
ck_2fa8f2577116e9ca,0.0908386924101783
ck_6da9c5912e15d9a8,0.028315517278305783
ck_aca35dbcb835ad02,0.10475498802927377
ck_fbf7351958ad9615,0.019035731359424553
ck_89a1a780144d808b,0.02488953539559292
ck_8f6cce9f69912983,0.0057377149202595895
ck_88f27ab479063852,0.011536640793448003
ck_839bf139296b5cea,0.01554418932864629
ck_2595669e421299f6,0.03190580122493983
ck_7e2d6b22a0ae20c2,0.07476581089194617
ck_af528d66c86f0cb8,0.02249104038631877
ck_c19371047a2d011d,0.013378289196499757
ck_368b968b5f33431e,0.008983527883618128
ck_a7acd5b015823793,0.02661490828277067
ck_03f6664a96de7d0f,0.01152391627307744
ck_76c23726cd7ca947,0.005269133389827161
ck_d1e3de178601d3c2,0.013585199535916108
ck_850e2b59bc535490,0.02066109039337386
ck_b8266dcd90cbfa62,0.007503391953308863
ck_295565fbf77ef885,0.01854608250203895
ck_fbf630c960194033,0.209041880123889
ck_f8540cf3a8b2f8c9,0.01774500699894379
ck_e0e90b196bef3c11,0.022687559694370703
ck_d96eb3cc55f2772f,0.014371836303881558
ck_5d038ecb3c8748a3,0.007798514098510065
ck_64796b6b2c3c7f06,0.022880263815003767
ck_283c5bea94b21e80,0.004208742355084575
ck_8395f004cf4d4c08,0.0024125441118841113
ck_5d644224135d7c65,0.02348462552751586
ck_52e1418cf1aa9871,0.02392689420166804
ck_4a59f4e10bf45d7f,0.013884707076634455
ck_2c041b1efb1c5063,0.011243159264625517
ck_c93def7392f0aff5,0.10929889877681691
ck_70d19d5650ddc8f5,0.01114417889602079
ck_e14681aad43e1a72,0.018189290608217175
ck_3534be0f4efd313c,0.01807881176689736
ck_1d6990d94a4d2ad6,0.011212093433994782
ck_99021fe7225b5a68,0.1411093203927754
ck_5b16d67c5ea89930,0.02299062948915936
ck_933789b55361d7c1,0.8567964102363218
ck_3c02d4dbbf6716b6,0.010110328693026121
ck_bebea2cf3063fb24,0.023919159426146825
ck_60b023af6d1e30bf,0.29171129320673
ck_d812eb6930192793,0.010731662541231106
ck_c9490cb61aff5112,0.021124101327316923
ck_cfb11a0a2325bff5,0.004093711735841225
ck_f0bc3bdee6bfbb94,0.020105919453299474
ck_7429b3f87528e335,0.010674629373230065
ck_c6fdb2972417c9bd,0.018798686617149132
ck_edfe8e90e8f4366e,0.008695929300360087
ck_e9b75ed7567a3f23,0.02184228361078357
ck_68be4fefc85a6b64,0.3941030411474172
ck_b21d8630387cabce,0.008419831782265404
ck_5c3a671883d58b3f,0.010865285830018346
ck_a892252e4e0c2828,0.012303139006748736
ck_546ad962d04b7de4,0.9400960169263166
ck_c285a51ed6214f52,0.008069149422618627
ck_f0cf85b67a9b840f,0.015945824071307405
ck_87809324c2675b0a,0.0148646164834403
ck_8e5999c436cf037e,0.013945978360595983
ck_a9f700eee5d638df,0.02537341902004225
ck_8c582eb0f6c0148c,0.01918336687404659
ck_295bca29c34cfe2e,0.011475209982672796
ck_1645e6cc53fa99ff,0.02258960971786079
ck_0e477084434da450,0.023039745832018208
ck_66cfc1ebc9a513c8,0.005615631625548064
ck_35694db37f0cde7a,0.00398681912853244
ck_21ed2ea6386c5a07,0.036204120945211325
ck_bcfb7ffb7cd428bd,0.007435663271014253
ck_0508908697f60ce3,0.05627088670304818
ck_aed2681e1646a0df,0.0375819097683764
ck_0cff8153881875ba,0.06033249768430008
ck_11f9390a11ce9ff5,0.04712968965216515
ck_de8af660806b97b5,0.007801453989178804
ck_7f0c4f609673ef62,0.012056651392531632
ck_5a4d19f1b83feeb8,0.00490384766031829
ck_96a89e720176b389,0.01322877285094128
ck_6c26c12071c91ff6,0.005965098666447145
ck_337b24a474010abb,0.9825097227142237
ck_a3a0bd59729fe619,0.016257436140322375
ck_3c08546dd0c92863,0.01268103664681921
ck_2a46b7ca55239413,0.009692821104157541
ck_97e56e6037024dff,0.014584556135615153
ck_a4ddac49657a4450,0.006801297444432566
ck_ec5ea81cf813597c,0.04344743232592721
ck_a059d00cee5cee99,0.013811933604799657
ck_babb95a76c69509d,0.031812094426887934
ck_a79a27767a02e31f,0.03452706463041322
ck_54bfd70022c66983,0.008238758300629288
ck_eda55c8fb47593d7,0.007506281911842991
ck_332ad134fb909869,0.011233587303342974
ck_3dee83fa2d109484,0.015827381134451438
ck_f77dfe6512eae322,0.04482066714829848
ck_66f9f78d4c6a3edb,0.026715395785043186
ck_0b0c93039f987abc,0.01639883516395528
ck_9ae904fbef56065c,0.05799504576837079
ck_982ebb24174a4ade,0.0054381394978185674
ck_93892e91387f5103,0.04190989891393924
ck_7109923fd7dab20a,0.04283313014395616
ck_ede2e887697ffac0,0.03176424437947406
ck_670dc4910cf476c2,0.006460642594290368
ck_2e315f1b1e533dab,0.045627899859031595
ck_9b6ee35e8cd0b11c,0.02054516791676994
ck_eb9f0c06ee017ee5,0.028195148265185033
ck_a3ce05e9e5e32142,0.02266897057642667
ck_79b235d51718435d,0.008375545620831572
ck_e5f7b99ba6ec5767,0.047277329493483886
ck_e00332597cf1eb24,0.017476649707195344
ck_168c96a1a636ea15,0.010535597878116811
ck_1745847cd4e5dc83,0.03117228765818335
ck_a0714f98001efa0c,0.014147952856270057
ck_5f864d72d1eead99,0.08337401914819519
ck_472e0be7a3b533bb,0.03764511627500142
ck_42c6973d3a6fe983,0.012976701439188039
ck_d021fd497ea35fb2,0.0332203918145423
ck_ced9163ea85589ea,0.05261888700696968
ck_212380e0371d8a6d,0.006729992385950112
ck_fa0ecbcf9a33d6ce,0.03432916563503548
ck_50176dae5b1b716d,0.0029494440978353573
ck_fb6e06ca88519dcd,0.012955095218184592
ck_0bf2e13b9f2601ac,0.03464854024875358
ck_01d840cffb870615,0.05811912333305386
ck_5b8315726f6204e0,0.014687194537969609
ck_0302f67d75973dce,0.019589626246802234
ck_126531a9126c17c4,0.013998298208381704
ck_9eb5b3f5f672c2b1,0.014788736451733576
ck_eaf3b6d11bc3cb11,0.015472126470968624
ck_4c7c50684827a2cf,0.3176270016878468
ck_3b92a46daf8d00d2,0.0073754391001000265
ck_94d5ce61a0c50465,0.013500486554544304
ck_f21efd504faa654c,0.0694114608532764
ck_4d2159603045109e,0.006703314449231999
ck_e2f792fae128b18e,0.11143559634476119
ck_ca60d61cd4dc3bea,0.027917254621348045
ck_e4459115cd8e5e4f,0.011040382256864474
ck_aac70764dde15168,0.015090020917476616
ck_6f661b428d6fb8e4,0.03933689790198186
ck_b4ad165ace910222,0.014918219577624382
ck_938ce30c864bc7df,0.02935795928669523
ck_88774ae52e30e877,0.015306919722281511
ck_7e9a8924eab779e6,0.9777370535486855
ck_1eeeee651e05d535,0.03399905445106246
ck_f34fb7ccf82f41e5,0.007652043328786398
ck_3fb95862b70f505c,0.024726167461303954
ck_31199510b40602a1,0.009099572938727414
ck_e0f9506a6d5f4a1a,0.023215065976485982
ck_c30c5844512e429f,0.02028873024075689
ck_a97b481ade6f7972,0.07978423684518275
ck_916784595f028226,0.12274193974781493
ck_59684167f9c6bf4c,0.16791439849741324
ck_95e4bef65c36af1a,0.006261536570231636
ck_ba7b78d31d74c794,0.04852137655860386
ck_66949171b387bb93,0.017753271933707442
ck_084322dc5a3a86f0,0.004606610450589096
ck_fe3c1d0ac090d960,0.04263499777522862
ck_7336611650dcc088,0.020603038485603357
ck_ef0d702d7b0ed745,0.012238667874126915
ck_a27bc31eecd9cb9a,0.010728442863048705
ck_bf2228a052815840,0.02928554628371068
ck_9e3fbd04e3532f32,0.2779085466281556
ck_1757fcb0e6e3f88e,0.09360096705817038
ck_6ffa90143838a4a2,0.014411809126852908
ck_056d5f0301c30902,0.12726818029866696
ck_b0ef193195a2138b,0.012472578158816172
ck_65ed7e72f24731e7,0.02459342502240923
ck_90eeca1cda79fd41,0.011120890358565687
ck_fb2a35571ec719d4,0.1366559181539087
ck_4807726e797fb893,0.03759840241927749
ck_17733f75ebdea93e,0.05159276959941526
ck_c401a26725b17177,0.005211297399362284
ck_54e581f71be5430d,0.011153682583284896
ck_e0239e6ae30795a7,0.006538467296886844
ck_ef059997563e3330,0.004914534818384719
ck_ae3b47d6e1063704,0.010034910857059038
ck_3759939a0205306d,0.02082790785445102
ck_7333cedb61506ead,0.0031197079356250776
ck_b8e5244e650aa81b,0.008256657284085275
ck_7484c214c889fe7f,0.008512293106137615
ck_293581d879f6663b,0.11012994530071656
ck_49969a9abc47cb69,0.028539921886236223
ck_73e24f5a8da289b3,0.037736605604880374
ck_ba3a6be026c87079,0.02369356827097589
ck_b138fc249e659e60,0.00442160789930407
ck_5839f5cbd8165b1e,0.019893296968888263
ck_f9197b070416f443,0.007342309184585113
ck_67f3794d93e2dd67,0.224962426887985
ck_765aaf42c5088545,0.02204973643262864
ck_e61c8721e3ef1921,0.008803604026714932
ck_70bef9ddd4bab005,0.004889604577878334
ck_ebc5a2c6cf88e252,0.030912171696832216
ck_c190c7b924edba75,0.07331768312412733
ck_c8a03c516ed5b05c,0.04847129720153408
ck_b53ea8713d32ca7c,0.005967760589902392
ck_07cb2b6f2a4303e1,0.03397757122740816
ck_2caf553b31831a50,0.008734309296714609
ck_21cac21fc10b7768,0.004093221350056235
ck_cc447fcc24a0772b,0.04035971281782049
ck_62337eccb1672737,0.03158654323588333
ck_d840db8cfe2ef6f1,0.0010446193766855889
ck_3b1d7648d4580bef,0.053221129489420045
ck_a378c58294001a36,0.7195613895355579
ck_23756522b58df5d8,0.006014293363203767
ck_1dcaa3078dbb7571,0.011784624971969932
ck_06e73afdec26aecc,0.10079805508196743
ck_461e3f7b97db8d16,0.05108857557239612
ck_a7f522382509cef1,0.0098086753833733
ck_a3cce46d15cc20a2,0.07126451784141533
ck_f4fe78e249092ab1,0.017935084196571093
ck_2c629c657f73941f,0.011537109879682055
ck_e107537a4cb738f4,0.008739210868712021
ck_7334a9ec656263b2,0.014397746529640916
ck_9e109edd124492a5,0.01439992331543547
ck_3dc378f37d0b74b8,0.025703269704943726
ck_c543d82e22b3c8a5,0.006606893109481264
ck_03d3026107175dae,0.020706498748821193
ck_946afc2943298d26,0.0013434575677074465
ck_46bc797b4d07d607,0.03671745549228294
ck_5cb9d7b2329d5ab6,0.015081697652430425
ck_bba0ccc6cd968680,0.036509796114195074
ck_d12d2924d0f7a64a,0.011760372143876383
ck_daefe1e2d2bc362d,0.008724182430396731
ck_0c0dde42ab64ef87,0.022535271518589778
ck_1422a7bf7756294d,0.9305401252280814
ck_2f138fce1171e277,0.026868870043761817
ck_66779098e78c1760,0.0730128962071086
ck_fe429ba3e1aa0e4f,0.013946627563678605
ck_b62276c3426d680c,0.0073789793445622745
ck_2b8f33e22f939372,0.19123526280422504
ck_71f382d5e338daa3,0.011647749214153276
ck_df5aedb4118020bf,0.8507705370819629
ck_8e89ca8b39f3f8ad,0.04241719710541723
ck_b4384b6c11766ce7,0.0847902579347512
ck_de13de941bebc7cf,0.004210591374435076
ck_54e2eb018d947790,0.010532034282746289
ck_466103ec5bd9444b,0.015070677573242474
ck_f5dde68f6f0468e1,0.009924761707149989
ck_c4bcc7cefd40f8e2,0.012855843792021978
ck_682262b455a9edd4,0.01041212682567039
ck_fe6e168cdbb46b9a,0.020163553233655058
ck_ffe2aa26f597e552,0.016830352079020713
ck_7f79878197340435,0.00891842059433066
ck_3fe86b6331ff95e3,0.029391223610372972
ck_3428910b44b9d08f,0.035669172665172104
ck_c1c2cb49c3c1b0f5,0.09826195328970529
ck_c20638a325ead2e4,0.016876867796703564
ck_352657008983fd4b,0.014361257224695143
ck_98e337806104dd88,0.014418717046322988
ck_0d641d32658d6e0f,0.013257392792128814
ck_79205e31223df2ad,0.024217085033924703
ck_09f8f51bfd2492c6,0.014743377059613016
ck_3303fd3f64632c7c,0.17928675472013772
ck_4c37586080edb7fd,0.003083300817332444
ck_93e0d6befb67f7a1,0.03879248272660997
ck_a76ee3b3e3e522fd,0.1727070753659729
ck_df1a6edaa3e6b271,0.007163265753256498
ck_4291fd9c1161d8e1,0.04336791119018693
ck_8eaf9509ad9462a0,0.005899229676522816
ck_780738e0d71e7e43,0.03151672300409655
ck_2103399bdb2898a6,0.020132383390169626
ck_a7fcf7b592f68ca1,0.018399773213571276
ck_c39c6a1453e2b92c,0.0027017373777983916
ck_4737e0d56c6fa0a1,0.013396724942212515
ck_eb6baff0f85ba936,0.03475087120578944
ck_0a993bc947bab61f,0.03924418871256172
ck_115d86fabde77b65,0.00459983446381062
ck_67858bc00e81490d,0.00566549821565377
ck_ba68841ca2ba073d,0.016403950462566028
ck_5486768475af7bb5,0.6445004877204498
ck_c817259019588d30,0.022509633227969884
ck_dcef7887a4f1e435,0.04631828925726465
ck_2737a72de6b700f3,0.008134579072510039
ck_074f20921189e7d6,0.007272064057447003
ck_126a82e8d42e5ce6,0.011787782303853925
ck_a980b296c95153f9,0.005411448447575163
ck_9863bff41d24ce9b,0.006327526546206537
ck_11667f5b9fac7bc7,0.005012756755533423
ck_411219470d0a195c,0.008628172671689197
ck_396e9ea9a6c6d7d9,0.18335447649224618
ck_b60de9e97aad9e45,0.8038985440399029
ck_ddf787359d2b5deb,0.008174943891979371
ck_71044c29ef071570,0.0021580015098017057
ck_744ffc11d32b96bc,0.03215298116358554
ck_51efdd240e34c642,0.03364581865324924
ck_c47e32c47f0e6578,0.06863440319497825
ck_4874bdec79f9106c,0.02755078369048518
ck_5d1e25d7acc5af9a,0.006255885350275484
ck_29ea329fa40ace62,0.03194233032436963
ck_a662b4bf900781e4,0.005804625690478846
ck_192579ecdca7ff83,0.02292141320132848
ck_259eb102342057ea,0.010115969519832211
ck_3f94a34f5038f7c1,0.07664819943792328
ck_e88e86b19cada4aa,0.010199753960174992
ck_33ecaa7b892e73df,0.013659947547896659
ck_4dfa1c1e9b69fcc8,0.008364970855646059
ck_58fd684aa5a6f289,0.0034567791228675526
ck_3c6417a233c68c73,0.0320324219405863
ck_d3a8333cb389f4c6,0.019525329670708448
ck_8572c5f5c1447c62,0.03991334347424279
ck_53a6a33060d5c8b8,0.011541257844947254
ck_7584e7bd755cb28a,0.011250782439066605
ck_edde1d7d1db24725,0.06455478339241005
ck_78bc3f1d0f35ea6c,0.012904723923222871
ck_e06f6fed020ae014,0.011765968016915377
ck_e57c79eaab35ded7,0.06769898465355302
ck_2bf10be403849c9a,0.010048105862804682
ck_ce1b06623e4a815e,0.021397141749665487
ck_d523f0e50a2747ad,0.01023242559467289
ck_3d7b1078e2d57c69,0.003068756483865063
ck_e322da8b213eab52,0.0030349203793060392
ck_06aee5a62a67a84c,0.050711533235754315
ck_3e0149cdee4cb294,0.027462285023538265
ck_03e904682dc73bba,0.01911989480803634
ck_78730527f8ba1438,0.291453421235271
ck_bab5759b07fe2bea,0.0012196647673974504
ck_b864f64101149c35,0.06745537935709645
ck_2884bab237af16b7,0.00647542362508508
ck_c58d9151834f5bad,0.03780237005817774
ck_54b087bd873af8b8,0.005799515862357677
ck_0ac9114076f5bf3d,0.007521927247506904
ck_e21f9f96f597695b,0.010890146166842387
ck_8d501a0386c66be8,0.08115045161654347
ck_52e37e2170532e2a,0.11065074194836638
ck_073509af21dd7f5f,0.755486378850522
ck_7dca4d7ee10b4eeb,0.007783854860381225
ck_ba7e347251ea399b,0.032484455132637265
ck_08dba09fd7dab896,0.018036387075204788
ck_c9d72140b0389216,0.044519626773142175
ck_a0db4ccca08030c3,0.14517855171064117
ck_6b255bf68709109a,0.21791732060019436
ck_ec9976cabc63ff92,0.024490555954129384
ck_0cbd3b27063d4415,0.08580603756215174
ck_8e139f8925ef7968,0.00859377239804607
ck_2369689bd795ee10,0.015948396954281945
ck_b74b9ba6d7c9aab7,0.050481153076038905
ck_130d3848b9dcdb05,0.01989170445490145
ck_0f743bd13373748e,0.01845525067640333
ck_eaebaf4d28400fb8,0.020545283603521397
ck_6a519bdac0d94527,0.012563623254342425
ck_fc7a9d0643570053,0.0074865708194618834
ck_40b4e264d1a12b83,0.8481044607774672
ck_6de6b1663f9457f4,0.01548461945488457
ck_9c9287cb28950eb6,0.003542391218990287
ck_95b48972061abe82,0.005206557290058677
ck_60f4fb44f5efe3a0,0.03853656042332053
ck_5debd55f361b2ddf,0.003911973232668683
ck_55f50a9ae2db8ff7,0.0145790123931041
ck_d69455220b21dc9b,0.02472258748451527
ck_77fdac602d0c6f95,0.05608215837870788
ck_e013d88ea7939616,0.017672495931944154
ck_266ce7ccf41ccc50,0.009693334799190028
ck_6bc0e5b8c0b7d2bd,0.06187702761631089
ck_a3be871ca22ac416,0.03042488235191773
ck_92de019e05971ce3,0.02956827681372789
ck_2db10f987d137582,0.05000017707983681
ck_34a6bd3be642f15c,0.02719108548331581
ck_4185506d12cf9fa0,0.01205460451316714
ck_6bc351a3d57aac54,0.013634184570682968
ck_3a469039a5b9d963,0.007790775870574871
ck_13f2560c6a1ec62f,0.01946356252493694
ck_2d695f8358383092,0.01651572811384683
ck_05c97fc9de11aba6,0.047546948553118154
ck_23caafc2cd34242c,0.007979769299199854
ck_bf15a1f8d67a30d3,0.02663317798603253
ck_f8b6069d7577fde6,0.04076794112797465
ck_9e0383e1fb6e214d,0.02793217605436565
ck_703703bda38fdcf8,0.03436551382864626
ck_0084d8ab6b1044f3,0.009115809827324463
ck_b0ee3a98175b462d,0.009357314978397698
ck_5eec9ed855c26000,0.00823672949571405
ck_c2015a1200971fe9,0.0260345655423903
ck_a1e77090b1c6ccf4,0.07884696765444459
ck_c3f360c2d0ea0a37,0.012827363872023744
ck_b5a84c5547378c10,0.01396575430408461
ck_7b3cc6cc3f250f39,0.01283085253097624
ck_3a57a13ce032a6fe,0.01703445330657518
ck_6e8751b571ea54d1,0.034225862375609886
ck_c7e129058beb3ac1,0.0164276898232656
ck_a760d38d1bc4de97,0.0332570847586126
ck_3646515079e6be55,0.015274022860635452
ck_752dd3d2487f78ea,0.0047201271558689585
ck_05f79ddd8eefaa56,0.021101439125571258
ck_66439e697695224c,0.005512441490711372
ck_16af4be191c47d3d,0.007725244456939152
ck_0f3de7f074bb33af,0.029609035454720805
ck_c2fc0ac460786d02,0.059944588546707436
ck_e35b2ed08b9e55a7,0.01569565389298219
ck_13648cbd306eee6d,0.0068536827448752065
ck_7c418947124dee8f,0.029696848561665216
ck_5ab39bdc9610f6f3,0.3788493929528672
ck_8d5eda29a2cffa3c,0.013616866029376189
ck_f56200205280bddf,0.03526016492899856
ck_f878b68d66fbfd4b,0.003291216132477883
ck_3eb6146c262e0fc3,0.02723504266257482
ck_e1b1e7a7e4a15b3e,0.06387881332352884
ck_010d0c2e6c1657fd,0.02794819147518664
ck_149662b09d632e41,0.018043911580166525
ck_ddd6625c5eddad70,0.0028010798467149015
ck_7c4f42c5397113b0,0.01540653567956872
ck_a627734880aca848,0.0041319549692401146
ck_c4de808ae69c771f,0.007996516970799847
ck_a9812ff3c111ea94,0.02356347752428061
ck_02e5f9cbbbf2f078,0.03725166249546051
ck_c35d444e05799db6,0.016185086262263122
ck_5f3609511443e5a8,0.09019627906971298
ck_c0133f60d39b2fb5,0.0153662220579625
ck_9625a64406ea16e3,0.03073036153732143
ck_9aa899a5230b0963,0.025168616319060817
ck_6e4b99fb9725d9fa,0.010863649661193466
ck_8ec86e853ad52828,0.026448142512768537
ck_0e719b3a6906b8f1,0.009203206133932527
ck_c5b0f0d4f1655a20,0.024699821776348926
ck_94b59bbc824b307a,0.032287214141929164
ck_2c4be237a7ed79c7,0.0197417333899982
ck_ad9a18f58589faa7,0.09003015813267413
ck_d813e15ac91f487c,0.09784010968449287
ck_761989aa4c47d746,0.05795010716267196
ck_72022008a92c9386,0.06444949311395515
ck_f2c824d3473db24c,0.008018493569556378
ck_139b54e6ccbdd7da,0.07224727070451231
ck_121db7ba3be29ee8,0.016484210674678514
ck_fd84507228467b40,0.03715410079630114
ck_8dd44eead7d765a5,0.02450710193980879
ck_de58ef6f9fe2b546,0.014271097031029766
ck_5567779d6ba184eb,0.01543465788662417
ck_c0dde2a6ef1e08c5,0.00955829689221823
ck_2d923d957ffd4d53,0.022699699887937238
ck_bf285dd49f372de4,0.020394147892865425
ck_cd6fbd4e8724f994,0.025098988532770195
ck_36d78ff3bc033ee5,0.009066804230387512
ck_8d87658a6f5d204c,0.6073247706881968
ck_b5c93e6d34f8d366,0.01577369236145523
ck_fefc49a2b8ad993e,0.022571810156326515
ck_6a0f8f8fa4a3c2bc,0.03488524690672961
ck_6031211ff118cf0f,0.007750360900828243
ck_a8382d8345f21e1e,0.005037184065772554
ck_5a540b75c866166a,0.009910777517442543
ck_729cc0b46cc2e546,0.22245740674459918
ck_b456f62b80e21557,0.003490645760435155
ck_77a40c7d2f862a32,0.03182518454360618
ck_2ca0020038bfec58,0.6989996166296002
ck_5c58e7f8fd55e26c,0.004457697666272045
ck_d099fca88691f66f,0.03679616249996209
ck_97c38e7f61c27e47,0.011704238150545858
ck_e794741742fb2619,0.04296689665316078
ck_24b53090faf722cf,0.004478287563205863
ck_05ed92a7c3e10e5d,0.03694490598389619
ck_610c7bcc1cd7ecb0,0.019042724069037908
ck_30dac0a58c5590cb,0.2412256223236756
ck_8398adeaf41f9cae,0.02332287657718908
ck_2973b8274f0bf69b,0.017955684862950006
ck_9eb1da8cd35a50ce,0.00915097967197464
ck_7cd0634a6e60af83,0.007706269155734012
ck_d4972a775aadbbc8,0.0066081301394284005
ck_4a9a791a1d409a3d,0.04746252745862743
ck_498a0acd450944d8,0.01856864880892945
ck_84df6770549e43fa,0.0030533013791268905
ck_5f52728d777ff2c5,0.03912581307649413
ck_73188a826b5f499f,0.009718180869426335
ck_202f0c14b07ace01,0.04154078721679178
ck_fec888a7108ca52d,0.9512378618794222
ck_d838491d3d4f5ecf,0.03102629905960744
ck_2f4f94827984c426,0.007159993018910301
ck_a5ecbefa849ae569,0.007285376084498763
ck_2dd147ce6d61749f,0.02392606554786987
ck_ca24bb0de508efb0,0.04409518445952962
ck_985c9ca112000e9a,0.04319539509947538
ck_ce81ff9b8b35562f,0.030059984350116413
ck_b7c37d410b1646c2,0.037100740576671364
ck_a721f0d635fad68a,0.00826043863913967
ck_ed0cc1b1c28f9511,0.02746384161229457
ck_af39767cf583905b,0.021697634218226746
ck_c2d3ecd7278eba2c,0.0089024049657575
ck_5d01200ba3341462,0.008536392530824156
ck_f253130dc3ca5b3c,0.006448522857742235
ck_5881b174e49b04ee,0.04128657348238627
ck_aa188e5c25f7f42a,0.01572593832097359
ck_98b34f2d704c1c2a,0.01934670744663778
ck_fac32d76ed40f683,0.01891045893963646
ck_4b9dd69946438d0b,0.018927874049325586
ck_32a495128395fde5,0.017332563820202727
ck_d5b8e74e7ca6355a,0.0409789398358588
ck_00d6730134a1eb51,0.019089859265614167
ck_f29471fe7c818d6a,0.12594348276888467
ck_245f5d62ead5ef28,0.024192415801722184
ck_3d83e0a3c1cfbf8b,0.03164312127564678
ck_73762038c7ff2f6f,0.03425117061059512
ck_f473a03fbcdbc4b0,0.05240583889534625
ck_60187ac2c473a662,0.9673569362083598
ck_41b954c7a948c060,0.025351671049302103
ck_291bffc7809f896a,0.018741013084265148
ck_d0982b4e0e118e4d,0.4002223835227453
ck_5fc90b4668ea81bf,0.029683936888114874
ck_fce0b6855886a0b8,0.014704971603806252
ck_7190177963eafdd9,0.010510243040031241
ck_934fb5064b6eefe2,0.003527987436661497
ck_aebb42afe430e2e9,0.010058406141093944
ck_ed26d906883bea0a,0.0137015859299346
ck_7f08078908599bd2,0.04008088798625071
ck_2df4854186ec515b,0.018399405975877636
ck_dab34cf6f0626c9b,0.0600358071540881
ck_e03a9d8ac94161d5,0.051041390359337295
ck_5a9d5f9901e37e31,0.020328306983026418
ck_47d3e8d1dd3fbcef,0.0058513297153111035
ck_17d3022ca12eacd7,0.027141090994058956
ck_799aaf9f2b9ef621,0.011864913137973611
ck_b3dd1198ac5aea73,0.01688639118527538
ck_1747fcc466f0ae38,0.01452991951185509
ck_7f960541e5174565,0.010509923216553129
ck_79da63fc100830b5,0.0233958170511352
ck_298278a9da874437,0.011212899812863122
ck_25a1ea40b2d59254,0.015648813804190018
ck_1f2760764afa45e8,0.014257576395635418
ck_c98b16f9a72a6568,0.010670396886715252
ck_e74716a525ee5b24,0.017290125815407856
ck_588f6e6a6a6d93e8,0.014058315563898319
ck_f51fe59cd445d2cb,0.016374403791740683
ck_34b0988a97d96902,0.006213684827129469
ck_61fa051192f3e810,0.012188604273995412
ck_391639c0f13932f3,0.01522042176445505
ck_c6abd5d57b1009d2,0.008675883734998103
ck_c67f7944896a0310,0.040800773944914874
ck_5df6529ce8290906,0.0077965401466271135
ck_0e3f80c1553c591b,0.015368362603708175
ck_04219a7ea798db51,0.0178093069216758
ck_b05c4d33c4f43639,0.02664253327392247
ck_3420f2fd520890f3,0.005385982169623782
ck_f7bc569b37e8bdda,0.0168571814953614
ck_bc32655ee5ed643e,0.025095427670889413
ck_0b1d84252c0b46c2,0.002923238496419756
ck_fc4bfd6e739bddea,0.013836740247227884
ck_5249b223000915ec,0.01759198392465554
ck_e6a6caf6e7de17c2,0.015925421956181376
ck_6a4981bc721df37a,0.01826941983558129
ck_8f35d229b62c8f23,0.11171277338380951
ck_3db73bbe03c3d240,0.006947038330143615
ck_437f9ecd2016a1a8,0.019091740131466736
ck_5e512ef5362a3dd6,0.024193456883422382
ck_6eda4c36aecad602,0.08437304514183201
ck_2bb49dc2388cdc1e,0.06294746826352007
ck_35c93b2924900376,0.005632001000725411
ck_f1a9d832b700bda1,0.9875958779663845
ck_243b1b9fdd3f9a74,0.014849265083834539
ck_b3263e7f31aab45f,0.022002566181753957
ck_3b49768b448b071e,0.024116648791931566
ck_04fb61e5739642f8,0.101773153704673
ck_900d62b3184378c7,0.017833845791372278
ck_371bd9388b287677,0.004042750935560491
ck_129e39ddfde92eeb,0.0062336644361309325
ck_e4c0fc52c82065d3,0.0133397332141414
ck_94fff69584dd3b2a,0.01952743348928922
ck_c2a5c54ad8d0d297,0.007194578953030546
ck_206f8e3cd72768f3,0.05907246264738911
ck_d208494cf5c90047,0.04413775150130174
ck_bcc9cbc9ed8b7c31,0.011073072807315119
ck_86bfe328e0a533b9,0.6101100168918594
ck_9e9a830785112a73,0.019366805138408095
ck_1b52590757c0fbeb,0.009533879798638008
ck_f736cffbdb82db34,0.00701447417370619
ck_98068c397d70dd3a,0.032453806973590744
ck_6b67fe8e310ab865,0.01056443867452351
ck_7743c9fe037d1f9e,0.04065171879708292
ck_2d28f14d3973d8fb,0.014605765514604682
ck_e3f1d85fa5d49396,0.020024426448974047
ck_bccff46fb0868454,0.2500208668486761
ck_7bda5b5b927b2905,0.09781989555754034
ck_8c6f059c95872126,0.058333957531270506
ck_2225b555aa2a42ed,0.01307775404596968
ck_2a09c7aa870edb6b,0.009615875528741328
ck_1c2dcae19539e148,0.05642205122716585
ck_cb1bd7635968ed8c,0.13050116357205302
ck_c3e37a4d3382c32e,0.0166604982915293
ck_77d9f86dcf251739,0.01637226971173418
ck_34f9951b0eca1965,0.051276975793712085
ck_4108b4038f762817,0.023705211032399143
ck_6def9d0429e4ed4b,0.028496797548127978
ck_4c840e5585a7b167,0.33069898835114436
ck_ed01be7504dc4187,0.022613204388894043
ck_4c6ea04ce8ca9e2c,0.031879770541473514
ck_c08f622bcd6de6e7,0.021393437812185365
ck_d7792b429620fc24,0.001216625187043546
ck_38abb60995114f8f,0.01616221920632166
ck_884b2e463ff1d54f,0.0478344242515736
ck_dd882323474431d4,0.08129274844669533
ck_5f217bfe28954e75,0.8945711973926487
ck_4af7b97c24d89a45,0.010010582496243712
ck_c729d19053387be9,0.050165685551795125
ck_cb856e75c949b0cc,0.0031688877035850878
ck_c6a7bbd0adc4d5f3,0.03771486906862131
ck_9cf44eb0237c2429,0.05706886980502455
ck_d654449f9231ad76,0.007380437758125659
ck_c91a628236baf91b,0.03542726663724278
ck_b5e4c6dbbed1b773,0.01628366029246908
ck_ce1500a7f0d03fba,0.0036526035060234427
ck_d5d225ce41a1a762,0.019013775479029483
ck_1ecd5516c92caa4f,0.0037945583100378183
ck_bdb966f43ac350ee,0.045387531521039436
ck_66accecabf3901c0,0.047453671590557064
ck_bed50fc64fbbf8ec,0.02242952328759331
ck_6276ece8f80ea799,0.026577803639661116
ck_66bed631354de5b7,0.0013379639909405245
ck_3f7c870510083a51,0.031079431543156486
ck_2cdf5fd97ba75e06,0.10056235915568719
ck_0af57ebaa45877a1,0.001277730704988434
ck_1aa87cb62acc0ac6,0.009209359825473728
ck_b1cbd6679c0f8d95,0.008534189096610734
ck_8247b79ac67aae7d,0.010911844968463664
ck_d6f27eacbad310f4,0.0042597424579079056
ck_fd4cf578e87703ff,0.020003283742509287
ck_68914e67343a7d32,0.016353786527789915
ck_a477654d34783e06,0.012688948640753922
ck_1e51199a075ca0fa,0.013191006081920227
ck_098167eaf124c279,0.03992810120263784
ck_f0424b3b36bdbef0,0.04339292424743661
ck_c18245be844680f3,0.040831872873436204
ck_9e5b7acf51b1b743,0.0076721297272340375
ck_473d6314ea614b29,0.009481384457545594
ck_64a02b7b96149810,0.028125379218520968
ck_e839d104854945f0,0.010994315998878946
ck_bce253d2396681a1,0.003931279311326197
ck_b6675a04df1a4276,0.013377788028827272
ck_a31a64a39a2c4941,0.008933455457922032
ck_432cc19c7eeaa46e,0.025173757430165367
ck_e2aa7be60794593d,0.0888127601599862
ck_01e0689157fe9617,0.019890745614137954
ck_f81a97d350397306,0.03383290806356223
ck_98149ed45d38c4d3,0.031190390511755865
ck_7e561caa5fa1f3f1,0.026596878440932538
ck_bb303568b6915205,0.016582801406023643
ck_b0ed11080076e381,0.013307144314643199
ck_9e21ea33018ce538,0.008043873363972234
ck_27b07021500ee841,0.043845695945875625
ck_43c1248db37a2eb0,0.010164618976076822
ck_9c9884b9bcaa552e,0.209873229590987
ck_0c1f088e17e46daf,0.017921970164359372
ck_8d0532d24f1070d1,0.005672702913724274
ck_02028b72f26fe855,0.014909029777071259
ck_083e4ac78685c3bb,0.006773502800897272
ck_9441d48a12e8a4bf,0.006642547224933375
ck_9d64187c0800f84e,0.02116001315247091
ck_a6c7b8d6e8596d4f,0.036157000712503745
ck_272ae2179bbd8e58,0.002782193490089761
ck_1573878386886290,0.010672152960600043
ck_a725d7aed2a0bdc2,0.00675686431528575
ck_64f3bb17101b7c42,0.007252396251314849
ck_494954023f0eb309,0.043762372218585324
ck_14436a409ebcc90f,0.02588415790488512
ck_f7276091bf513d22,0.009767786456170446
ck_e83409471d2b0b44,0.021405951146528806
ck_3ed9e081959b2f5c,0.013041272627029175
ck_23981a3261674131,0.012646312104715096
ck_6d64e1c07b19856e,0.014798307114238868
ck_68b5542459638b56,0.04867470603372727
ck_8dbf61df902a6bbc,0.01578423592234268
ck_47e1032f490bb018,0.016609849547239267
ck_59be61b53d971611,0.007569445660275824
ck_d4febf0083800424,0.15562781379196677
ck_9a84b396aada3fa8,0.42544593372740913
ck_e52cbcd9aafd26b2,0.00921430740599189
ck_0e5385c70c6de025,0.03412811778042979
ck_0253b3e7be021306,0.014726285215692097
ck_c0c4be3f44311b04,0.004126700506343843
ck_b53e88c0e927d896,0.008870509914458586
ck_c9eeab826781dc91,0.01304820997661362
ck_fd038a7d33a9d6e5,0.05378084827333559
ck_e6465c56b337e6c2,0.04001259176693166
ck_87cce4126e215153,0.005753265465459703
ck_8c8c98cc694ac900,0.02957067042455146
ck_faab769cce19879a,0.010342067687888484
ck_1906f0dfaf6e9bad,0.8107268856041823
ck_966901ea9c77cc02,0.007943150896033044
ck_615277c8a4e2b18b,0.004781175775522445
ck_3b74512f774a6e5a,0.036280176137362674
ck_8b3401b44aaae728,0.017005742835622423
ck_1f7ee7b23fc6f2f4,0.009892050393383473
ck_bd1bf9e3e29de281,0.04723997231937308
ck_05d81b1a150f31c5,0.0079236576358766
ck_9949f53c155b8dde,0.012634075277183137
ck_9a1e3ec9a1839939,0.012322864273903897
ck_0ee6965e68efc177,0.012742325936567742
ck_16541fc15683e21c,0.02243387637387654
ck_142c00f9f8557504,0.0217222118266394
ck_63743141ffa11f45,0.012627854944138784
ck_16dbafc035574654,0.02539071206878258
ck_1ae460f331e49ae2,0.012593527600720114
ck_0b20bfc515ba42a2,0.022705245432167998
ck_0af5b7d128035b35,0.007328103105129101
ck_2cb763a881aee27f,0.0035644464031335055
ck_3ce7cad1f69b71d6,0.008188627301940062
ck_c9e1e3229baae708,0.00726902495112789
ck_8452b6cf97c65a5e,0.017311336740277034
ck_d27b872648b71202,0.015135192395314743
ck_f2aa1b677619ab19,0.023733104054508902
ck_793048d11fb8b328,0.13132056993466115
ck_3e6833574edf1736,0.010798260378078305
ck_91a16336ce3217dc,0.019960616562058605
ck_baa47383ffd50f04,0.024703675468587195
ck_b1ff9edc51d42f97,0.0035999233947943817
ck_c5d62b2b7a6f3bac,0.4368898501593858
ck_2139062d4569aa07,0.03919792045136526
ck_7ecdee2d7127be8b,0.09100537372272689
ck_c5eefc0697451de9,0.06839480256535836
ck_ba175b1bd8efaabf,0.004885850665023426
ck_d44dc3839a195c8a,0.14290442475110685
ck_f01be92dc78a2dc7,0.009876446233358737
ck_609c249edd88c565,0.008384906800270365
ck_1d40e4fc541abe93,0.18750591955974283
ck_2dd39723c4088b64,0.007663714320513342
ck_748af92828c9d288,0.012589288122646395
ck_325caeab5c7a9c3a,0.012888787061731828
ck_18bc51bbf3ef198e,0.03413614625552876
ck_73c5371635aca173,0.6927574022206967
ck_f04938570a154de3,0.004258892293237499
ck_2c6b174b063ec637,0.01882808578602244
ck_af32a0660090dd68,0.02255715790643016
ck_be86a1db08dea456,0.026941118335937767
ck_b5e54e22e3d6960a,0.012766404973605993
ck_edccb5a93b741744,0.00797728250483681
ck_93776b0c113f41f0,0.03434629469797502
ck_41ef7967faf5ce82,0.0025173605483114073
ck_83a69c4a5d55ef19,0.03322430606594037
ck_31fc51d5a3dfe16a,0.030180606439100005
ck_3a8ce1cc724229b8,0.009093798934239094
ck_50ede3eb561a202c,0.03643427284316232
ck_469c17407d17b706,0.0170572523867933
ck_ee387f9da79e67ea,0.007519242897367159
ck_243c18dbf150831c,0.03445230916699439
ck_828eef2334e17b3a,0.012855020907063256
ck_c40ffefe4e30b001,0.014480354685358462
ck_2c44ca550e5cfa82,0.028097573964695227
ck_eb1006e7285184a6,0.03793477172774581
ck_b6673bbe61d2680d,0.029535411047447356
ck_ac79c72a8fe3fdef,0.07336799539088734
ck_f158d9e5f101bb35,0.01757049707197705
ck_ddc865af1dd5670e,0.02002824006175831
ck_a99e0c258ad7576b,0.0060327017723628236
ck_03c4fa4f3ed3512e,0.00940202422598003
ck_6e8f8ef7a03cc6bf,0.017991285652177457
ck_d0c9633fed57c344,0.31577572638606166
ck_093e3a7134e11d6b,0.017092458118701397
ck_f0c44ee5e3a42e3d,0.0641573743840998
ck_d74b2ead8aaa3f73,0.009134290898557076
ck_aa59702537557ff1,0.2921605266870923
ck_bdee1221b9addff8,0.011971293366474864
ck_7f0cd6ea3096f985,0.016608591379431097
ck_e0ccfa0d689339be,0.0033234195281611834
ck_9528e1d6b1707870,0.010685966441163132
ck_22b587c18363899a,0.013494579432069737
ck_7eb4f33260f1dcd4,0.022050193679453316
ck_c8ad86806b9a2369,0.08282363312174615
ck_d5eb179dc45394c6,0.0185105680212345
ck_e57b94fe57341058,0.010630808997426612
ck_76ea90ebc74bcdc7,0.029639669847424215
ck_cef2a485a77e0723,0.007060745132445328
ck_4863077723cd6ce1,0.010484235448096265
ck_a50621b5eeca84b4,0.007980096430346197
ck_ba6e1115fceaa067,0.045007442849883283
ck_879cc3166fe1bada,0.011932220045232306
ck_8ef1d05cc1e53e7e,0.018693120072828636
ck_79ba8e85678d0224,0.008610841209150483
ck_259271c70f3fbcbe,0.026593931913760024
ck_4b123d6931b6d0d7,0.4614307233066585
ck_2d1548f1ee405cc9,0.13354474929441038
ck_0a93ed76bf36c8b6,0.026199924884689824
ck_66d38518f68e6194,0.01059757698872956
ck_b6cb8d6ae828eed1,0.07746058734007143
ck_73c18e03e3c7612e,0.007939903006348059
ck_57f17254e2688637,0.019717756653525854
ck_5eaeb87bf6207406,0.8971436501586425
ck_bda299466bb2136e,0.01296625871684131
ck_7ce768407fd48321,0.011289035427559506
ck_f17ed7e0fd687742,0.07652978502708595
ck_b27a9e39726b26d9,0.030068713773038713
ck_9eb80edfa43203de,0.01580297754619346
ck_a46c1773f01f0be7,0.13318273123522043
ck_2d9524787cfe1ab3,0.3585335637857854
ck_4be03a2aa62b93c7,0.007000292507328253
ck_ec094eb1cbb3efc5,0.009548199100204312
ck_d61c837b0106085a,0.05380100826347281
ck_bfc453eabb472f91,0.02455493121090704
ck_7a1782cefe26a456,0.08978905215897508
ck_b0b9047dddb1ec84,0.009911676066812338
ck_8129e81cde280131,0.017966620938104236
ck_0d2901bfe585c391,0.026335648125421798
ck_bfa17a0b1760e616,0.009215884111866
ck_c58bafff7b1955cc,0.0201374992971939
ck_beb97e498e6cf8e8,0.03285279230680663
ck_3398551e81dbf3db,0.029594475312648326
ck_d84b5403da4cea7b,0.03586287855655508
ck_905e460591d9a278,0.17236816486051348
ck_45e70c8a9686580c,0.033595355783443706
ck_bd771efb4a7e15d0,0.007612686348335933
ck_15ce50f2704227be,0.02050747534685462
ck_c0b744eb9e7d4eb7,0.009086982107121725
ck_323b9cc5c49f8ea0,0.039911329451553054
ck_1c17c65804f8889e,0.01467113513263865
ck_84d62b8196da2452,0.03559053681421722
ck_b9485218cef413f0,0.03147063490067382
ck_d3137f0f7629040b,0.005805522780001525
ck_90f6f5ced708aa75,0.013806485135881886
ck_45cd5ef6b359e9b4,0.005311075649842049
ck_e5e2624b7fc89774,0.03922728662668547
ck_232325ef6bce92f1,0.0077270549289007945
ck_1dfa91405d7e66bc,0.029204316876461304
ck_e967ff05514b697b,0.0377428057420479
ck_030cf09525dba4ba,0.012591322198482495
ck_ab581082e8f72e3d,0.003858004438118338
ck_0414507baeea936a,0.006164238301923075
ck_7929284327667791,0.06580520625516731
ck_d841eba8906e9a15,0.008510941838296227
ck_8c0210322733c718,0.011400390063873405
ck_8929d2eb09872052,0.02564221184664928
ck_ca54b32fca7e94cd,0.015415411331197443
ck_520ec32c4f253604,0.026141329216106245
ck_33ecff7914349ebc,0.02811559284445034
ck_cdd2ebeec75bfa69,0.07602980899905366
ck_a26704b5b26258b7,0.011172507272010445
ck_a4258806a533efa9,0.022976215440946426
ck_2122f201e65f76ee,0.006638417751488104
ck_43dc13b6b6d31297,0.049723343045236804
ck_f7e53af3c91fec64,0.07286119444749255
ck_0308e0602b856445,0.022754692249967862
ck_b0a947b498e47018,0.014098240462489349
ck_bae8dae7cfd8baba,0.0049212362219574046
ck_09a988ebcf062297,0.0340754118286437
ck_e37196b20968b73c,0.015445071526741497
ck_a95afc7a00303a26,0.05945776803240474
ck_1411a80a157ff39c,0.017820718660173596
ck_87c1d0a79e79c84b,0.010916470229604052
ck_49886ff1e2c759d6,0.06157771225055373
ck_d1ea4bcc407c7d5e,0.022751502326917236
ck_9776cd8263a9f415,0.06567827057479185
ck_61d244b2cde483af,0.014226465762073433
ck_5e021f2a3b66e256,0.02462393402462519
ck_e0346d5081e640e8,0.042809327791881104
ck_170c65860e2a7e23,0.013430751218383406
ck_cf2ca4f286e289ba,0.023718815858427996
ck_d115ac6b9fd62a7e,0.009197787989549356
ck_c49f25dfb39909cf,0.032556627039998794
ck_9e65a8a2f587691a,0.016237105870325178
ck_9c5feef7647b0588,0.014522982375877415
ck_18ddf7e836256e3b,0.009819258959379287
ck_ca9d86f65cfdf018,0.09840988787942791
ck_8d0cd981ed3a183a,0.03793475294763428
ck_397d5fcc9972f909,0.01825248865365618
ck_aab23b5470469649,0.01228273429039795
ck_7df9910af2bba21b,0.005121122647422257
ck_4d1baef193cfb900,0.03125169473299386
ck_d75f25184ece2b51,0.02445338759997329
ck_12107dacc6d05bd1,0.028094379929031164
ck_6f8102f62c876cc9,0.039962237794794166
ck_f01af1b0c977cc06,0.03373865097219968
ck_398a1ed77b0130e5,0.017419791027516385
ck_f29dbbfdd2786bd1,0.0236355052921014
ck_638df9e8a22dfe0b,0.017542746639198692
ck_d451d24c780b5884,0.013805199211919852
ck_6f730b77dc6cdb84,0.13896969915390076
ck_5e98ed6391d9f429,0.06573824952653518
ck_04e32ee9834c088d,0.05183969930717728
ck_08a6d4903a7fbaca,0.01083122414818834
ck_d229dfa0e4442628,0.012448295151023261
ck_079bd18dacb704a8,0.08957468781699089
ck_a5ce2ae36fb410d9,0.00791340678330182
ck_d263b55f0a681cce,0.01811726175201695
ck_d979ef95ee44023d,0.024655640183226895
ck_3c25029e40aa8a84,0.013504877217603066
ck_1d96d7fd65f208b2,0.008999676124433411
ck_f6c42001b84a10cb,0.08202002920037442
ck_a73045e96af0e4fe,0.015914453619724177
ck_252b0a0f1119b220,0.011701406332412538
ck_6b97d1ab90f6bdeb,0.004444058716759025
ck_35f8656bf93e3b3d,0.004633936966095373
ck_fe0a9372c9372de9,0.04565169711621373
ck_9ede89e8a43c3f53,0.09404359261431468
ck_7b1319a5ca2f63c6,0.9361652461367798
ck_74a4244eb1f162e4,0.0020936205715489597
ck_90456160115f9ef4,0.023645719115429946
ck_416f7ac57da081a3,0.049674246955058815
ck_8342e08cc2f9bcb7,0.012410773395898939
ck_c10e54c9db29e6ef,0.9876636109517017
ck_97b8e05d62abdc14,0.04403696853823558
ck_4b387765f0e916cd,0.00719737916973844
ck_e48d14d5b70ef5aa,0.02301101282429088
ck_329a73dbd585ee09,0.04790245293389101
ck_5043e474f848346d,0.020932923002435072
ck_70b9b79ea1aacba8,0.011324298101591388
ck_8b24eadf6c72b30c,0.1871631337802891
ck_f4f6f0caaab70040,0.03368174052681303
ck_0ada6fed1864e7c4,0.03422122085339859
ck_20541686a94fb71c,0.03350802056258172
ck_e1ff9e31becc27ae,0.02239716183411073
ck_4a103f8254b366f7,0.030229566290759048
ck_e35a4b4a3cb4cedf,0.010433685420166866
ck_cdb8061d8d1a6c5f,0.017099502191738843
ck_011551a596544f5d,0.04638334533597187
ck_785fa45e86bc5e95,0.014270072149275144
ck_b92b11d205af91eb,0.004617731044736023
ck_7c12de74de30b788,0.060462257154479775
ck_5de33a7a87e9aa62,0.03302521040081817
ck_3e2516a3e35067e0,0.012808767937937345
ck_ff30dda2c881a4bd,0.05348524365880134
ck_1a319e509f1efa1a,0.0036982219753960485
ck_3efb0e9bf25612c7,0.006138335288742783
ck_3365a0ad1a8aa83c,0.005037968904427296
ck_186dbff4b24a3bbf,0.2518843207218753
ck_ddaf228487858bb8,0.11327257770528079
ck_337c5684510cf432,0.042206820006013744
ck_54b374ade34e1dc1,0.06535572992717968
ck_687ab5d5554bfa79,0.0417488657572235
ck_b4954d16b9749829,0.020604324238766413
ck_53c8315b5c30acb4,0.02292494624884368
ck_8a5a57858e8c77f3,0.02032493823540861
ck_893b8afbe11301e1,0.006187273812947111
ck_3019afee83342701,0.018924604059175176
ck_eef67f8dea702338,0.0719071036958035
ck_fcdb4fe2f095fba1,0.029072751831659586
ck_4a0eae220a762ac5,0.02792405384182708
ck_9ec7f334604a228f,0.023498714694270874
ck_7b59d22cadef3b05,0.08189758929318516
ck_31c54d540b128843,0.04835652082482496
ck_bfc82b3c1c9f2897,0.3585103259605144
ck_01eb24c18ad11fca,0.057582475064162676
ck_767947540b234add,0.012844872438096006
ck_4672167d7c989bbf,0.04585753746404325
ck_aaa9861c91bd14dd,0.009027204227016212
ck_399e45e5fe9beaee,0.2186891991169228
ck_7c7ca54969eed187,0.04156789877095073
ck_fffa0622344a36ab,0.010093568044397424
ck_386680372fb54857,0.0304719269786975
ck_3199b471575aeb3a,0.004704312604711115
ck_9a4967cdf49265cd,0.11934815510219517
ck_0567302c57a2417e,0.25821857241961876
ck_16077934338472bf,0.01140629599450741
ck_4ec040b9e3785e4a,0.00906554707295498
ck_a2cc3910a641a808,0.2554933547039377
ck_6343e0d3b1c2962b,0.03070249077234891
ck_28588fb03b320520,0.03036084908393492
ck_431118050b834dcb,0.00791208525968056
ck_475ebccca25e30d1,0.007915067592034251
ck_549ed417f2834cee,0.036675511708142726
ck_1b708e2a4a0584dd,0.02054352949105272
ck_ea618f720ff0b4b0,0.013518708864246729
ck_0e13c4f73818149b,0.02735652165797313
ck_64eefec062592c43,0.0049340827626592814
ck_337b930fd149a696,0.00945472171201808
ck_f48acb73a5d6af07,0.0455006661936341
ck_651e076ee43aea85,0.01873074955822744
ck_bc61c59970f8de49,0.031479756641244576
ck_32eba3510c8eac5e,0.010816294871924466
ck_ec8738ec663cd2eb,0.011580387782659149
ck_48011996d54855ac,0.13394674556887462
ck_74e60495f8861156,0.01315749417550811
ck_b60fb9a10d6f4489,0.04051836793801557
ck_5df85a8924e11f27,0.039748804446531845
ck_61fff5fdaadd394b,0.007318484153884507
ck_109fc467ec0a4af5,0.07345354864382586
ck_cf78169633a1600f,0.011885900604406712
ck_d960af7a55b892b1,0.012663418255812844
ck_862c7953bdea48b0,0.012329295353012797
ck_437afe412ea4259c,0.06111119546417088
ck_7373d7b04c7799bd,0.021438815297753072
ck_c0389ebeb0e65cb8,0.001203315385905715
ck_8347455ab53ff620,0.0016681344194200668
ck_b25657bd16739036,0.008836068631337818
ck_90696b7182dd9129,0.009420492757541787
ck_7eebd0e6ad6c070e,0.01043773046769053
ck_05d44eb1f5f085ce,0.015230314224316664
ck_4f05daf1cf0d5755,0.010070715929496448
ck_78f01d78ea79642f,0.014137117412230537
ck_7baf1e55db0dc558,0.025275833601175773
ck_7cdec61e1c488798,0.010434502266792026
ck_3c3a1a1365741bba,0.019174419243033536
ck_4c25570eb72711b8,0.026985426384989773
ck_9800c21dfbd8e811,0.03481610140661218
ck_bba413492dc46f2a,0.013318156250404946
ck_1af2c0b3b8d202c1,0.0018886829276930246
ck_e04166b0ce66393a,0.00928848312496492
ck_4e9a6f06ab134102,0.014320968245699119
ck_007337aa99a4891e,0.00513351008842112
ck_9724718fe64c6557,0.9903972786703557
ck_397c03aa33a57310,0.35362313098968506
ck_b4dcebc543deaafb,0.022225315034928677
ck_d6ea026357ec6477,0.016852402456392492
ck_a9e7f3b2d5dfd97b,0.001719252958230652
ck_8432ccec1a4ec7fd,0.8229823199871606
ck_57d0a7eb7eae2eaf,0.029167066474814714
ck_b22e3337b8e3dbb2,0.001253150136456506
ck_713649668a7ca824,0.012590358790074719
ck_7afefa349b960a3e,0.015383932857808388
ck_f71a4094e889c3af,0.015052820620338244
ck_11f85bc705dbe036,0.016175763676811356
ck_27f20337bef5ffe0,0.01996632953109218
ck_36789ca11459131e,0.010326880488182123
ck_dfc8f5c141fd7c63,0.017921220888331812
ck_60557f077abc42ca,0.14102135474472227
ck_a0e5656e1cf9cbf5,0.004967365527477753
ck_56de216eda6b7fa6,0.006832270416965754
ck_bc273f3ce79f7e1a,0.008006416501372873
ck_244b897bb4d57c1f,0.010269609707831064
ck_ace21f6daef94f6e,0.005483225532554418
ck_4199342d3aca74e8,0.046128669573083626
ck_7977135c2ff61e92,0.005891118279128983
ck_0fd826fad7ec7cd6,0.05267639976153773
ck_2cd21137a07fdd7d,0.011086127039080188
ck_9bf3ce30b65f75c7,0.018889946149417663
ck_2bd73d9098504760,0.029902150646816922
ck_558a82590f65df69,0.0807764893149172
ck_14e58c3fb26a2b4d,0.030669904158921856
ck_95458880a54df0b1,0.2312059422219697
ck_819bf3e8231f4081,0.03199743608304198
ck_6ba091eb42ffa9fb,0.13457787329262708
ck_2d3d7d64a6f443f8,0.014019054669864294
ck_bf47375e41ca3bc0,0.007355297575670296
ck_c7dd84401e29a7fc,0.011260648869021348
ck_46a8db16ad00b749,0.024877690713156226
ck_29fbabf855cabdff,0.0052838722566655606
ck_c82364d87875a1a1,0.021089145303704714
ck_8955d7b9030d5eb5,0.004864243732525941
ck_a8cac8d480306839,0.004340638561199002
ck_4e9fba1ec54c3ff8,0.04694880491450202
ck_a6c02ae50932cd9d,0.033826219897888095
ck_fa24db9d416ab904,0.02014056218835189
ck_7560f1891d66f294,0.014836359186394686
ck_bea56db7f3e930e8,0.005130285286854479
ck_2122e9bb1afffef7,0.012722545410509167
ck_07a5610ed28162fb,0.014826530327186626
ck_7dff6abe4bd644dd,0.4788646442443515
ck_9f5f81d771146aa1,0.014889101800624058
ck_541b6ad5d2fa5a39,0.028839574963157817
ck_ed9c56fdb9f45ddc,0.4883178935112447
ck_74991a9e85c3b07d,0.01950663050226969
ck_ccc7916b56d42195,0.005005438678380797
ck_764d40f865e710af,0.014077631121670566
ck_23a016cf6b98d89c,0.023991836041677123
ck_affa5aa0bff9bb0c,0.021549491276817382
ck_d3d5b2717cfc3913,0.016094842364495
ck_512ebe97c0af94dd,0.06385071676422881
ck_0428728df24cdab4,0.004095887363198095
ck_1bfa8abdb22be8f0,0.5426091713798716
ck_d0e95b90ba86da10,0.01749969875583461
ck_bf6fb7e6470e95cb,0.012112366138164103
ck_eb224c0fd146253f,0.020429387422360293
ck_0063d2a9507467e5,0.003037250998909579
ck_b046067c6ca3831e,0.04291434018044751
ck_248b3659a9239240,0.026383913178103943
ck_0446920a1004c596,0.010059330297608596
ck_aa9b28e7fc43af79,0.07357736291644236
ck_9b2b0e286de78a1b,0.01895982301743943
ck_92d679d6ac7dcdcb,0.07795975955420903
ck_ebbc9418cd41f692,0.005156346438629011
ck_c2ed04a9d218410b,0.004585909519200356
ck_150a1108f936e6b0,0.005285835919858469
ck_0d40961e47797027,0.024457550139752746
ck_57658eda1c59bc52,0.0018741591457062284
ck_720776a46e56dfa8,0.025645726616832936
ck_3b436cb29af99f3d,0.040829054138229744
ck_77c0fb524edb4a94,0.01383163061758049
ck_d68d42858a55adff,0.06450542728720969
ck_cd0e76f0e7bb38cc,0.03100651575835102
ck_adf84b9df54c3d80,0.032610548328735785
ck_fa00aa0f3e859904,0.02098728051396899
ck_bce5b7fecfb6264d,0.05379090780576758
ck_d8116c34302021d7,0.006335838970315521
ck_d9ffca35188e49d8,0.02008053633473925
ck_e842fb0cf055a83b,0.05319963869954686
ck_37899b1b571b1c6b,0.018132772782117668
ck_6e44024e9de301c6,0.011746452234939501
ck_2a2c336a69b8d68d,0.12157826353478633
ck_5c7ad6e731b69333,0.18818557806631295
ck_fc8cd8a8209e802d,0.005283849634191116
ck_74d602c907ee9119,0.004846899720125306
ck_bec8324a3587ef04,0.02479930432259519
ck_8f4b384955bf57c9,0.0030032940115888775
ck_3b810f15ca0eaa55,0.0052401587938859275
ck_0ffdff7b2f5fdfe4,0.03143445739528582
ck_d32fbbfe32c00416,0.024522218462895574
ck_2d177b2f4f0b40c9,0.1268566624877514
ck_e679fbf4f4f4aa07,0.05508696280629487
ck_dfd4e79aaa967b63,0.014566547537944681
ck_59f46321ecf6d306,0.010014755041361241
ck_f04040a830f92bac,0.04259264674132847
ck_9439bff87e616d4a,0.22215655202163878
ck_5c45968a805132e0,0.027451173228254834
ck_004de16f7d8a42ae,0.025599124122509552
ck_57a6b56b09bff24e,0.004440754718620871
ck_7b8cb0f90fbdc8c6,0.005845139076071803
ck_77fce5f86f00b8f4,0.1885810494215456
ck_a1c7adfe26e09a8c,0.030179368604861305
ck_abac514d8167ea58,0.054957403023134455
ck_692a9e8f504b9762,0.0029250190163689765
ck_f437a53fc832ec95,0.20384822873677771
ck_0a4d7acd2a53cbbd,0.0524384038936795
ck_bd26d2bef14a8597,0.009642486764228594
ck_ac0ea27e692acdc9,0.026828985186967226
ck_953bd5de48ccd70f,0.5567826062334822
ck_d3a2a4c011fa2554,0.00860691435519509
ck_347386629d96c664,0.02756628434768546
ck_315fb710a0e371e7,0.0014667636276259246
ck_6d4cd2de601a2308,0.018970631670917032
ck_d6a4faadab58a3de,0.0026390217977038796
ck_539cb0d117db8cd3,0.1893793529326581
ck_48e84b0cb0b90fa7,0.019784987489566558
ck_5ff6108056a3fef5,0.07623365074564026
ck_fc832b0c90c9bdb9,0.555144307791564
ck_a7285955e2852686,0.01755089075556014
ck_7b93a622e40d8b14,0.022504400185682696
ck_7d025dea5951cba7,0.010816057314574275
ck_1c771a7c78f6622c,0.031897971162394415
ck_3a30132a57181fe3,0.022163736665724194
ck_976fac1bb3dd8c58,0.017874898238953402
ck_6be8ae9d78148882,0.010521841607330754
ck_189b6fbe9b9192e7,0.008311928926197547
ck_7184ad7709ae4c80,0.017673815915682085
ck_573feefba6bf78bb,0.043314751365772286
ck_c484c5bda389bf20,0.008637697659040742
ck_e6ffd0754ac08661,0.008778403026347944
ck_ecaa6de0aca5e9a0,0.025162658744913163
ck_70c7679199776a90,0.025467386964526276
ck_4450b55f462ae134,0.0052429233462977865
ck_7fc9a0776e1339e3,0.0015579396233702362
ck_e02f93f51cc8caf3,0.0038650616660313455
ck_a4fa8833995c716a,0.019367250873468193
ck_7bf668e25abeeb05,0.0037244981360977877
ck_7a6cb27e390b6ceb,0.019130777288683166
ck_8f59f11b512d5b7c,0.0462675485690217
ck_1b93381d8eea58d1,0.012867511393404791
ck_05c4dcbb45de1f8d,0.049091382779881766
ck_9e17699baa83d173,0.004184514217024502
ck_d328db1e1052d820,0.01725087403427419
ck_4ed711fe4053e74d,0.08451753105609171
ck_7951bd4eb99a0175,0.01310981663497766
ck_d6fe761ed0db3270,0.019378710315779278
ck_73cab88b29c7845d,0.011975236301516385
ck_342a79f91de5d1fa,0.019814445457641064
ck_a93560aa348d6225,0.04825418130830699
ck_dd8edfefa1eba531,0.013927431770175617
ck_7b382e533e2e925a,0.010730481352694866
ck_cce8b6657a538fe0,0.022510193670372818
ck_d66f42a269d5c1ed,0.09049720955862021
ck_aecdc5a96321a2d8,0.02345927752281914
ck_6c48c58678f64bae,0.011123263354412152
ck_1982d571cd36eb0c,0.016157482311691528
ck_18d214b1418be39d,0.0318936071598851
ck_3364a1d9261b3638,0.06606765872729452
ck_604c710141327a81,0.007264067973630239
ck_2a5b31594206eb30,0.24053007928198042
ck_40052cac10562cde,0.021111671680802527
ck_f34c93a8173555b1,0.09620197909315524
ck_90f3655f0c8a0074,0.01627244038147089
ck_703b41624ae6a5b6,0.03388173057021258
ck_4ffe0366df388604,0.022750905262473104
ck_5c5284c45d9ad8bf,0.03219036908409811
ck_27fa694569140345,0.005152321301487483
ck_d2fbd0df99634676,0.012334188316118508
ck_a98848eec6c9581e,0.02725701016191168
ck_8abd1a50a9227463,0.029683338877823495
ck_1b0434f096795328,0.009210414131869371
ck_c36ed9f8e6792ea4,0.015342098506773554
ck_79749eca42ff1f5f,0.014301610720277644
ck_08b77ad5f8f73007,0.018044371920741764
ck_54978a073e7a0b1a,0.002328603918780515
ck_9b6282e3bad50710,0.026474315284070765
ck_09fab6b9825001b2,0.02703686749092457
ck_03129b41457795d2,0.057767393755239885
ck_833a65b86a5d9bda,0.008080512432234878
ck_b354003302b272ca,0.007668656633874509
ck_f280d31f54a4710a,0.041704584593716516
ck_94295287a04c85d2,0.09859858178571163
ck_ec4dd3675a8d28cc,0.011136911844589181
ck_a2c9796ea229a4e2,0.025020150017827193
ck_01645ea51972e99a,0.01652151987945768
ck_a50370907e6b397c,0.039747293018448614
ck_96c3a3517153390e,0.04886534612199335
ck_e535fb0f0c00418d,0.0893618331290664
ck_1cec1ed1512a2d3d,0.012133747388900936
ck_c2504f5a113433ee,0.0036347855499242183
ck_cc3318839c4b0745,0.0046616446341507
ck_92f6ebc11ebca89b,0.04672653382805601
ck_a3f821bdf408c326,0.007264100773780984
ck_406c4442dee45cd1,0.005445797778337167
ck_8153cdadd300d234,0.0036601417220415264
ck_2d7394afd61643d0,0.02420870366378436
ck_01c1f06692566ca1,0.01532496484697084
ck_059e4fac6b7f704e,0.009715752748919062
ck_9129c92c12e0c8b4,0.010921001308928669
ck_1fcc5843f39148a9,0.003862300613147664
ck_cb8551453a7bb929,0.02681697189525369
ck_494ec63c5ce8e150,0.004958289575678472
ck_0e962eacf98a813e,0.008023152150110178
ck_b367449195e36499,0.0139221814242003
ck_2c2f080ba185016e,0.030149265588734188
ck_e3894ed88a7977e4,0.0036860393688898404
ck_5d7721930106dce8,0.014198357443969791
ck_55933936536a4071,0.04165555773353825
ck_192fdad892782daf,0.0944293542857754
ck_102db9615e722c9e,0.014280138094421373
ck_c3476080516db25d,0.017189624223890226
ck_e9e8cacd2fa35e79,0.04646883290330668
ck_5c36c78b7a4d138c,0.031050608677726736
ck_fa5ba9ed9ed6a343,0.0389290532866803
ck_5eff0208c74ec714,0.017354889701803846
ck_ecdd01a391610d99,0.028626580608751048
ck_558cfe5f77a55a9d,0.006194463431507354
ck_9f792e7e721ff7f1,0.02149030202240221
ck_8a8f81bf3558fd9c,0.03614052273672933
ck_243bd5ca8c4ae5d0,0.010426471187840939
ck_f2c33d5b65b321db,0.012042658793071507
ck_9eb08369e983abfa,0.0037685314338351027
ck_3ded7a8720d7e311,0.011746274446581202
ck_b8d210e741be186e,0.007734420847371982
ck_f928dba0d587d7c1,0.009663156574068885
ck_ae0a7be6b0a0ea68,0.02728994513736636
ck_f65e5ff7da565f91,0.02013678727739922
ck_544a9e80b7fdc279,0.026666128912955778
ck_8d2afe17c0082e6a,0.05596519000491503
ck_d91d9f8445b9769a,0.5536324006387886
ck_610815786d729d2f,0.10272539899555069
ck_f0982bbdbd122f91,0.005595496475563682
ck_bac6dadf428eaea9,0.022510289354112947
ck_5d72ff6cc2963d1a,0.008196295016542988
ck_b0a0fb0ee9ebf106,0.02355296078958387
ck_e8298ff2dc1e9d50,0.003249225371423091
ck_ff090498c4b17ac3,0.0034182980307677054
ck_a0e96fed380440b2,0.0024900659425817003
ck_95b894380ad2702a,0.04432764462553905
ck_803c0b4cf9d4bc1d,0.02082543560795861
ck_3f1287e6c27de0dc,0.012956634931834198
ck_948517bad569b40f,0.05172843870377068
ck_0027ba644f9ae2cd,0.2509101096460326
ck_939fede90473e412,0.008963825316002556
ck_15de11438732bb05,0.00566288619142568
ck_0d65bc749eb42710,0.014153546760807044
ck_b837c7dac2a9b931,0.046290195827270425
ck_e5c30947b732f661,0.07736185713716756
ck_bd32dd3b2cbb7888,0.9897627669098006
ck_f07e27d125497b66,0.020980232880523815
ck_2ef76f1f36e8b869,0.11204754604021507
ck_ca1f6f01868e978f,0.008865710479075688
ck_8a16eb584093b12f,0.010779626786374018
ck_ef346071f0b7654b,0.016298200442828332
ck_2db3fb565e0211ee,0.009453286452056696
ck_3ef7a03ebb81cfe3,0.008634059334472055
ck_732d45bd578dc39d,0.010673386628076275
ck_c646cdead6fb79d0,0.007028962887792804
ck_4db95c310e105d30,0.008400096255290031
ck_e2a1068c2fa22525,0.0754548486850441
ck_20c99b645f462449,0.003707203565563103
ck_fc0cc4b25e6a8194,0.00611110806853351
ck_734f06bd4aa92781,0.02469284683025393
ck_1d58f6caaa4d012c,0.02080258769669759
ck_3ec9b9d8dd7be11c,0.020587340491514696
ck_c0b5cc3e8ad2ff44,0.03531597188189583
ck_6e5752b87324b58c,0.2596714173257802
ck_f4ec334be5266378,0.012465689418999046
ck_3174419a81e7caf2,0.007399906219080661
ck_6768c4b2aa8ce586,0.02155382829960903
ck_47ab8e51e5b3a2d8,0.016873993628806535
ck_e5f8c8a5824db594,0.00950835669655178
ck_ab2e3fc56f5b3aae,0.009523804939100145
ck_8f6ce158c2902877,0.008754722798648557
ck_a35d81bcc54ece2f,0.04850876177197882
ck_efd7b9e22c6317d6,0.006582868582022068
ck_003148504557f720,0.04203105388594922
ck_7f3132d6be389657,0.0606816582294138
ck_817926b449754917,0.026984728117049408
ck_160e9ba0a3f7c1fd,0.023433894552132142
ck_e8d37262e859d9a1,0.015504168921653412
ck_0d846660c7957a88,0.029612450482818412
ck_ef8a6af43fedd464,0.04193020056715727
ck_ea62ebfc1f04b49a,0.02161858692056101
ck_ffc8e3c1377d0706,0.0075036070296122465
ck_da1a2450219dcf19,0.05716659329146666
ck_1df4a1781a0f6999,0.02373521221746846
ck_e0e9cfabb979f428,0.008145701874498456
ck_e9b0bca7368555ef,0.025838093158487882
ck_bcbd8588a13f5eef,0.014060261474794698
ck_cd553ba6589d8bfd,0.018264686357909014
ck_95aff1fe27fb24bb,0.00692221010701063
ck_5e8e857b63966609,0.04553292938624607
ck_ef6f8e048ae1bd4b,0.0033659299529855712
ck_1bb212d1288b9689,0.01432054859555963
ck_779581adb573261f,0.03179251399258403
ck_59de511b20c842ba,0.04866586046086799
ck_b3ab3c210e2c7c19,0.01702095319329096
ck_6f73cdbf9305e2ea,0.005067569481025669
ck_ee13c091bc379188,0.03238117704004868
ck_8b8b9de339d75d0b,0.021954911290012116
ck_81275d9d4c559e6f,0.0076668848950373816
ck_0f909705e2e60f2f,0.018283091992511977
ck_b20b81b88dabe28d,0.02675631724635333
ck_15254db133b28371,0.019825643994598158
ck_abb056a9deab275a,0.07871950631021922
ck_d61d97b21002f3e9,0.025544064253830195
ck_f5a32e6160b28379,0.02366548288104015
ck_fb00aae4e17740c5,0.01249953752841763
ck_920bb003b42e6310,0.0018110497889214832
ck_620d7ae27af83cea,0.015381603813846421
ck_2e0eedaaf2980c2c,0.10452308503418763
ck_86d7127391d4e01f,0.005291324130679117
ck_b8c7771de9b57705,0.03573888194409986
ck_7b922518f667f76a,0.005686262611620844
ck_c43b4175fc9ac5bd,0.7732274266156984
ck_d4b23804cebb045d,0.01654298399881157
ck_286bfd719836e9f3,0.1416981964776558
ck_2bd96ddb8c323d63,0.9939029309309028
ck_991c4c924a1d85ff,0.4526210584051549
ck_81307759252571be,0.008781155408496086
ck_f7a07283345a0dce,0.01637102494581917
ck_2afdd69094c955c5,0.0524800595133117
ck_fcf5b8216d0c18ef,0.015549928941945162
ck_4e333c09f0c37dee,0.07512955478904688
ck_ace6b72e5bf3e93b,0.01106295993918111
ck_8176616132458c0f,0.006033388173536437
ck_0f8cb09d3f4fc980,0.046735135632251935
ck_8740a14d8096c6e1,0.028253804781988176
ck_43ea894480567274,0.02646878906528128
ck_41938582f4351772,0.0426344551319226
ck_c251898b5d51e3b0,0.0200419105431366
ck_b498fa91a0776ff6,0.07381883758740047
ck_2ab7eddee2d8c49e,0.005453271925664451
ck_368b65fca69fc415,0.0811317556317838
ck_11bf1039f8b3025b,0.03575087812495887
ck_7ef666d67bc70223,0.028704580441259578
ck_4364a83a11743888,0.0043696956719201435
ck_5b3ba20c8bb1383b,0.011790309822937653
ck_38d1a22850178f33,0.00903702840078952
ck_c1d1a625b885a975,0.013590493063193
ck_21c99e1d6b881894,0.01600835739891725
ck_52730906e5b461eb,0.59513624348241
ck_a481385c2e60dc4a,0.02754097530832311
ck_79323eb5d2e5efae,0.004978316100496201
ck_7e6569a1b2455cb0,0.013296615180692722
ck_8e7a32f7e3905f4e,0.016367681104568755
ck_79e202f06d8dfe42,0.03039718661262207
ck_f67ee7910d532216,0.029725541736515263
ck_924e572517515f19,0.14532842565871248
ck_a5051eafe8b51224,0.04014544288679368
ck_bd23cf9bba1dd33f,0.029270569682882386
ck_15fe2a47fa7e92ea,0.011689144862577194
ck_50ed8f4e7ae6710f,0.02083863130049638
ck_1c8c969667cbaab2,0.7710408680150204
ck_e5ee006ecd8ff661,0.04279443183833974
ck_9083ca9fec2a7f4c,0.013316547903987123
ck_7989376f8cf64a9d,0.06689034995301137
ck_1a46b56f4734d52e,0.03609531823753835
ck_57b3fee69bdf85e8,0.032144396535494585
ck_e0f3ea3373dfc4aa,0.008662742276563086
ck_74e5dec189761d14,0.01603944261211889
ck_0dd7c5925d28755c,0.016233899510238115
ck_38ba64efa7c38250,0.022588211651178663
ck_1496568ddc3b2d56,0.019550764443577534
ck_614ef655f0685060,0.025775283703336694
ck_3882423b449f6291,0.6944992406080075
ck_bc996c523944644b,0.0198277175940915
ck_fa5830d81bc8ddc1,0.03375878642510792
ck_d74123617f22a21e,0.07199831154471535
ck_616cc31910f5de50,0.005218043445880087
ck_4719112b55d20161,0.030005027835759448
ck_59c29d9c57b4f994,0.01821092857236542
ck_ce0ec41f96951048,0.017202549621240903
ck_837be8126bb19250,0.011313016816058345
ck_bdd8eba728800e29,0.014109995204787031
ck_884168153c9c0c81,0.06765777536522584
ck_f0d806624ef3d359,0.01906059487990406
ck_1c8b94efe9238f5b,0.014099219166277334
ck_9704c5cf8659cedc,0.01176687752531748
ck_8703543bf3134306,0.010675417350710375
ck_5bc07deb82edbad7,0.022801657654578495
ck_bd25ea782e375b22,0.009874719109314553
ck_40799e129fcf42c5,0.06251703999817564
ck_49685deb63e4e8f8,0.01739445587824875
ck_0af18b3ce015d294,0.020676068698120963
ck_3d6c3c00d854f5a4,0.03233273155812073
ck_34dfb57e5bf31d2f,0.04334387655092763
ck_e66ae4fd586fedea,0.015859923808797458
ck_7cdce37d895eefb8,0.006166067240435896
ck_68250033717cd59e,0.003010104758750538
ck_31631e2028d4f855,0.008002294460100465
ck_a406bf11e48cf8c5,0.03736721405481931
ck_0034d010d28aea78,0.0077686386674297005
ck_a6def1e4b2d57e0d,0.016463079354151477
ck_81709736281fa3eb,0.033460582371418676
ck_ada46085a78280e4,0.020222469903704042
ck_ed33f8a937f9c7c8,0.01127805269101214
ck_dce1fb3acd65562f,0.003327330627613211
ck_9dfb2ae78659240a,0.025591339017493334
ck_9a930faade55b8ea,0.008464945155116508
ck_0e6046fc30f81705,0.01742261285038695
ck_1ad36046aaeb816c,0.01888712419752453
ck_410c3e13b48e0415,0.004603489692907628
ck_a9aa5c344c315532,0.031276417609649595
ck_8aec3d3dd51517c2,0.023028345964941067
ck_a9cd84a6dddfe584,0.008772379600552665
ck_8bb9e75393954a1f,0.005989872312441153
ck_cda72f597330d0f3,0.027780278498357555
ck_fdda581aec411010,0.005319388501364662
ck_b4703ee97f94d7fb,0.019277337697066486
ck_181f3dae03b87136,0.03428340191639186
ck_ec26e327cc1848b2,0.003380589492626601
ck_ae96d35465b3b4bd,0.011263347976320857
ck_d9506476ad3f9e08,0.010027423142801552
ck_a823f5bcb0e4b9df,0.004047253536406157
ck_0b0e79d33e50cba5,0.04034230792157976
ck_9937dad93a0ed3c1,0.058187204342098495
ck_cc1c0b93d05b7d20,0.047619053563695446
ck_01fbafc42c8e33f5,0.014850675626353416
ck_1507f5aa50cdf3a0,0.01916463957139957
ck_a2d0417791d4132d,0.025556873087578737
ck_90114c891239d821,0.03428099748703434
ck_38e46bc861e0165b,0.03717214366442241
ck_ea623358f704daa7,0.12911091305139852
ck_57bbb19eecb4b87c,0.011178608372711795
ck_6b38763bf5ddbcef,0.012589928152626731
ck_a4a01fd45936b078,0.028122208922815067
ck_7890208951df34f0,0.042701644089577384
ck_93c4e05699b3b7d0,0.0056263998996711004
ck_8c5b29f6666d4874,0.012909204934458296
ck_bcdbf57d98dc0d27,0.04049478046829201
ck_504a45ee08db72b6,0.005087920305087676
ck_9440335375701f44,0.013595019169845526
ck_9c56114f84e9a541,0.01808168393456316
ck_db2c0908150cb2cc,0.03315551841823087
ck_5576ffc6aaf6f22c,0.005856080563377307
ck_395f3bd4aacd7ca6,0.026142803556208457
ck_0ea30eff5f361cba,0.046435183077224516
ck_dca9dc465f759db4,0.007185541198593939
ck_b1ed2278f5f14d82,0.020744651726074488
ck_901d820e0b72abae,0.012673592048763522
ck_3e3ea5d8c4a229dc,0.05480348167554463
ck_4b97d19ed946f503,0.028485794490868382
ck_a9989a3a94c26634,0.027332686261389044
ck_9c46711b14d9eebc,0.019619911717182
ck_6d69e092f9b0848b,0.01138186126278049
ck_f2c7a4c50e2ede96,0.009286757412422563
ck_937f0da2306b2eb9,0.026751697827719273
ck_b1182471d9ac6b26,0.009320774408695075
ck_9401f9e11f65337d,0.011117056567496321
ck_ace3b96c977a7560,0.022224773411010628
ck_cee56be5a502fbd1,0.09796475109428733
ck_7878545739af0a73,0.007418014511679243
ck_d96c893721385e4e,0.01032500473473861
ck_5ee32bc6bb5d1d4c,0.10751631937564565
ck_8c9b57ad2a991416,0.0804575750746373
ck_f99bc1732ce5e999,0.015963280765434976
ck_1e0841ed17fe0562,0.008717274592440233
ck_a4a7ef3ad799c380,0.04942615772224573
ck_fb44d15fb93a7157,0.01419337562212297
ck_a1cdebfc42a52448,0.03751951791567084
ck_28d2003c2d16e4b6,0.005151041320432615
ck_06d0e4a9189302a9,0.022976310600256827
ck_71fd8c346fde5cca,0.12022561280834683
ck_c375e929becde422,0.018148949385257507
ck_f738b633b8862d18,0.006104552114233551
ck_3d7fa32dfb9fc692,0.04628676455724904
ck_279d43303708109b,0.009019402322647425
ck_6e6258227fc8db7f,0.018695479976351573
ck_e7a530e09d113dd7,0.0220113405033658
ck_5177fc7137ff26ce,0.006949126782949609
ck_16340be3f2a7fffd,0.0072346076832788386
ck_57c14e32fa4683bf,0.039521752676330686
ck_af559f990c640e41,0.02901069048922599
ck_5691cd6fdb6d8147,0.010526378324555523
ck_2d14bcd2e0fc043d,0.003263345000742814
ck_cb42e3be6fe87f60,0.06901898013115472
ck_ac9d3d9754104cf0,0.022608980803720417
ck_34bd190d37eda534,0.05031994385797012
ck_be48f583f79427f7,0.04436782163169299
ck_26e9a7bb2061a58e,0.03806285607474805
ck_dcc125b178b79566,0.007707095133366608
ck_d229cf7f5a3f38ca,0.03630498828442307
ck_43aa136bdb0a2832,0.8132649347992228
ck_f409ff994a210601,0.028556000575364716
ck_c4cca8278bdad9b9,0.002022312080026014
ck_f3dcd818db92de7b,0.01971178679810033
ck_5ccc1a1c78cb33ee,0.11672710562841285
ck_ee535461b5f05539,0.12422443394021745
ck_64b4dcbf436f0b75,0.007014418346266753
ck_28dc0de0ae291f37,0.01295070746284095
ck_5954f45a2ab45f43,0.022861253931233227
ck_3b963d6be2773861,0.021934840006844727
ck_46bec0bff167ed3f,0.03709821940604555
ck_7a50abd42298133b,0.015531123898975378
ck_3f16e2cd7e6874cc,0.01847058412153616
ck_d2d4282f9d256b3e,0.022543295940390517
ck_891eaedae139828e,0.003808591884922984
ck_03009b721568ee98,0.05412651273775464
ck_a13fee8cd925d0dc,0.0071815735792018125
ck_4ceb43ccd0a81c2f,0.0170614825074377
ck_fa321945ebedb916,0.03707630896883215
ck_6b817117d87063a8,0.003956589853118939
ck_0fb3153d37626b75,0.005065213716974865
ck_e07fd57565c94c28,0.017806991857471522
ck_9ccb17c35e636c5e,0.020475728475791474
ck_7973edc9f22ee7b6,0.048549723073872494
ck_7e826e233d6ea028,0.020875952772016423
ck_0dae4a7eb587f3ba,0.010066420167251277
ck_d4e024fcda401a31,0.011909432850416795
ck_ecc18f40b33be769,0.10647047737766252
ck_15239ef0689c1a35,0.010975603774641636
ck_7084ed3cf20781b7,0.05016553190903201
ck_d6df562a79b9d0d9,0.017256134447147162
ck_39d5f6c17c745ab1,0.004218750304063535
ck_c29489366c01fe65,0.8983635301261915
ck_11318f7c041a5ba9,0.008132185113879625
ck_7a7f3c4fe0c9d2ca,0.02274103114092938
ck_393287947b5c8d79,0.007304885994392847
ck_8b772caed8f1541c,0.005627655199798693
ck_d89abbab3d4957aa,0.007026914898896788
ck_fd5609bd23a1eaf8,0.005392410771738524
ck_eefcf0ed15897898,0.010463262429354636
ck_d5ef6dc116dee408,0.009153765034255702
ck_df8ad2deb0a4ffed,0.01676627069126538
ck_59fd11b3232de9dc,0.9725794121108514
ck_021c6a4a7e3f1f0e,0.029962109031636514
ck_bdd2da300b530c5a,0.01718447965445677
ck_c1aebbeca6ab5ff9,0.009293010698740384
ck_2cbc2f93a32eede8,0.03211267616981903
ck_216e87a41de22b5d,0.12361666921086888
ck_c3c19d6a0720915c,0.009721749546693026
ck_71db4131d7efe218,0.043832040073101826
ck_343e6ed2b9d35c01,0.004291235861764592
ck_6438ae81d43cb196,0.02534882231079737
ck_1c607e24f2c4397a,0.016562213635493213
ck_a5d7311291caaa54,0.029885295511498742
ck_69105f881da3c821,0.016744426471382225
ck_b87ef4b98cfcec4c,0.03142146526942844
ck_3c17841636f6f7dc,0.011809038585611557
ck_5010ffb1c94187b5,0.008634090813075932
ck_c8efa1538b37c359,0.02711000353158376
ck_06f042e9b1b662fd,0.041141315239347186
ck_fa3a766e49dc77ae,0.01285379259842109
ck_6cbb011e0c70bc7c,0.005680754418910796
ck_df520a7a6e405889,0.11158227516485064
ck_86b853c52f20fef5,0.004673627717977432
ck_9e7278fc7679f002,0.03657889078978128
ck_fa04ac31e596e7d6,0.020397081650591797
ck_350bf14e90b503f5,0.018770745122249768
ck_86a2d852a9715432,0.03383691225564843
ck_c2c7d1e45a521857,0.06609212759223881
ck_e5018f9418e0102e,0.03082224510326453
ck_a1484e6215fac651,0.7557165839722183
ck_f824b326d5089885,0.3132218583229924
ck_279a1d3a3836e5cc,0.015282341072731829
ck_cdc55623cb16e6a9,0.0022279492652122596
ck_c5517923458106ae,0.008879289146250514
ck_ba666a425930615a,0.00656000272871804
ck_c802cf8f61466027,0.012060005457153813
ck_124a197be41687f5,0.036053561068773374
ck_a9d2bb4f2bde7052,0.0071070684192675905
ck_67207e3eecc02d76,0.024780875000924865
ck_78181f8e998e442f,0.0047272988292651015
ck_e6222925762273b8,0.028406792646708808
ck_f04761b4a937ac3b,0.009681466266866688
ck_91081be0254878a5,0.0830209313321337
ck_1838cf8d00f5b1e1,0.008297106102129937
ck_791be3378dd7d64c,0.015439355297903683
ck_08a0355d1f1890ef,0.008945022709670769
ck_9b7167da0920c37b,0.07282898996780579
ck_b6e3af0a5119d9a0,0.0361094222946357
ck_2452a30397dfc54c,0.01981715171503798
ck_be5df076b8a86409,0.00500463951720415
ck_15b93103ccd38609,0.006643360557026172
ck_5a6593d954085775,0.02639308038977504
ck_0fd9312411b0ac55,0.03490240633490322
ck_db9b9d5d30f74070,0.6162448766833082
ck_4becdd3d2696c7ba,0.012642937374131554
ck_497ed60723283c0b,0.12903447546639096
ck_71c917295020ccc7,0.023989025090733782
ck_4f63d5245b3ac1dd,0.026122064723048094
ck_55f2ef0de3420e3e,0.010723022592623883
ck_8d8226520722af78,0.03512298680314218
ck_7cc5e0fa3ca5a713,0.015299212439897921
ck_d39b0152116203be,0.019901272936456212
ck_9aafc33fba1474cb,0.005572500115953206
ck_f0c4aac04076a6dc,0.008543257574297086
ck_a9ffd6b3957bd41e,0.022791313570064357
ck_fa4b60387d744fc5,0.04604112945779996
ck_9cbef9bc95449dca,0.014770194945310532
ck_46bfb2cfc29a6d2e,0.025434462612445127
ck_501dcf1ead036d2b,0.10548712090193015
ck_f4a2bb10afa85743,0.013212550288076974
ck_b0b5bf9254700402,0.047703155069264515
ck_acee218cbe61df69,0.04740716076789882
ck_38703b7546d35a80,0.00638991654017595
ck_7e3923d278a5106e,0.007120444726889688
ck_991b7dfd69098320,0.01395984844217854
ck_6cabb1a133f0b151,0.012919695032167416
ck_11960b5f1c7a5e2c,0.008169418193546447
ck_38730aace405f2ae,0.9903124526870588
ck_eeb854318b3a6f0a,0.01792586421312406
ck_e3b3c5a80a567418,0.018064893636686428
ck_2ae44938847f3852,0.012087875835124341
ck_38c1c75cf055031b,0.09175147037610326
ck_26896c494b2768ef,0.0223786418346705
ck_7297bff2b7fdcbc8,0.013181851244950265
ck_c0032232c2868328,0.01694436690175912
ck_8053f1879a9b4e43,0.01795883185566666
ck_8cd274cc85aa35d1,0.02635397678923016
ck_e25f70d0b7229420,0.012348432357626643
ck_fa7d5be26bf7b31c,0.06323960759656207
ck_61176dafb33b2d8a,0.7757745436795928
ck_9fb8e3d38cdf276d,0.7882139313568117
ck_87771861e0447210,0.06416965446934422
ck_ac55dc6cbcdf8228,0.0023496051482290205
ck_813e02e1ababd177,0.009564473388322791
ck_f7285b92648c1c81,0.03215910890174445
ck_3f943f20a9da9bff,0.005216104885135844
ck_c0e8560ccfd9dd9d,0.009321153151785366
ck_87d55ca333f22072,0.010799245065472432
ck_02ec4e06709e6b82,0.01855073990259009
ck_05a00b1dd5a03359,0.012611504720777952
ck_ac32c6e374782b27,0.05240489111875387
ck_d2b3ce1ebabe9f93,0.02659447142344399
ck_a337eb38eefdcc88,0.05887133960703896
ck_c3fe0c6c5e1f40f6,0.06161155161909725
ck_c54c5d8e4433b0f2,0.0034642636580215175
ck_f7fbc95ebf584379,0.009571672121063461
ck_f589f1e29301b5fd,0.01372609506339739
ck_33160c443d4b3f19,0.03435541312598974
ck_81818169208a8cda,0.03541184319354724
ck_41406cfa209b6bda,0.0082104173906212
ck_9880410fcd10a28e,0.014578049201994358
ck_f2f3cf9cd23b2809,0.07892765459494952
ck_0db62d5f7f75f80f,0.035431166424631295
ck_2cee2dd7bbfc09a0,0.6640871499022138
ck_beaacb4a783db21f,0.012506247558723831
ck_d94dfde9e03c9d1a,0.028471579596684428
ck_61b067de8ffc1ca1,0.026312421275839826
ck_f3bce4eccfa6d6bb,0.005340672221900667
ck_918c92182b6817cd,0.027425478422731277
ck_10de0b0d86b17839,0.029845907332847314
ck_f7ff94c3df5ac874,0.007845342762620259
ck_be5bd81e3715cb8f,0.8493790587701661
ck_4fe4b072f03f2c1e,0.0034106438853892963
ck_a33d2325f86ab12d,0.013367005984044672
ck_b7df99aecef385e6,0.020728513011967993
ck_2fe6cac002142f67,0.024345720922939067
ck_6ddb55b1f23c6cb1,0.0050449040695313965
ck_1ce20e4223a936b1,0.01157799707152209
ck_e6de67c0d82a7b83,0.018867348935944758
ck_db6d1c6d31da967a,0.024488620802257225
ck_677e1d0c14cbf569,0.02289457482029385
ck_7d81b59d615a6649,0.021795767013831655
ck_53aca610e20598bc,0.007217722206295262
ck_f5b1200dc6f95760,0.011924409160888473
ck_c5414d7a8031d4f5,0.03286053294268538
ck_5b5dea6476d4e182,0.021291250174241227
ck_8ae64df60ab6ccda,0.01956765725333629
ck_fe1b1adae3be70a6,0.06647002063266597
ck_bdcf049c1e7d0c95,0.024609170284514606
ck_193d9c87ad3f1dad,0.0069771295952417945
ck_1a4e5ace078dd782,0.019509812409187508
ck_6176baea8cbebbb6,0.009930260364854813
ck_f3199fbe84a28b9a,0.016769702680800507
ck_a6c740041faf0bd5,0.012345550676569183
ck_7916e53daab36745,0.046177281006201824
ck_e6e7257377c37b28,0.03578683225235659
ck_059806c52cebe4f1,0.33595918637315353
ck_4ef9de711c3d93b1,0.04362871480851172
ck_798157bcdb9453e1,0.016978172084035233
ck_c9c99e5b19aeced8,0.008367570149555274
ck_e0403d507519b7d2,0.011255000536623516
ck_f9a68da9e0f0bc85,0.032170847277739084
ck_472c81a144f4631b,0.017271782105442734
ck_08c7bb0f9851cb76,0.16606166513243628
ck_720cd658d11ea428,0.040975885456114004
ck_a4a42d4bff8af645,0.008466532466040951
ck_507a6a580ab55c76,0.05072883902856753
ck_77c587d24695ea15,0.012938224844627505
ck_25e551a0a8d2fcc2,0.08032347306030792
ck_c7550723b90e5615,0.0027066157506954232
ck_51d3e8dd7465c015,0.001415205816178211
ck_562c76a3753fc7da,0.0913466861091833
ck_c0cf50eef030b401,0.018867463992521212
ck_2dc31db181150e20,0.013737268153732277
ck_bb1a981306b750ac,0.03122148434837094
ck_94a096c36162a153,0.01254630390868349
ck_0576b00d728bdf19,0.035195600394279346
ck_9aa45c4e03c8c57a,0.02840689580235661
ck_f14dce41036486a3,0.9818630181176143
ck_7f6fa79c7a107161,0.008919332772836169
ck_e9e3381d5e0e5051,0.004952752469430811
ck_3e9e3bba8bd363af,0.04923827677070088
ck_12a074db100481cf,0.08458915072876588
ck_72ff52c4824072ce,0.02617345255307507
ck_c9f9fddef39bc664,0.015519230509330238
ck_e70418b00cbbbac9,0.03300535256892037
ck_1ffbce3a239bb264,0.07758901179209234
ck_b5777605668bfca1,0.0158053093325335
ck_3c0031d7514da17b,0.023746877066625025
ck_b64c87d5e3b10e6a,0.35996464759345437
ck_4085cd3bf2661518,0.008142463799100027
ck_a76e8d83b9141364,0.03581685868593928
ck_4072b59388976896,0.01124338565058387
ck_0bfe62e0c7eab9c9,0.03491753778422618
ck_f285e5e1912a7c62,0.027009051946584976
ck_8ca808cc5a49cb5c,0.01902702530121791
ck_e4cf189a8d31649a,0.008617693135497088
ck_da3526ab6c5c884a,0.24300057915454965
ck_ae668e4564cd2aa1,0.023003960161112356
ck_c886adec7bac250a,0.012169238555294934
ck_77f8c5042065d506,0.011191574230354082
ck_96e4d38ef670eaff,0.013106005359382195
ck_7ea0bf310fc20c7b,0.0245419969564361
ck_c7e07ebfb0bc15f6,0.03442817338480564
ck_87cf36a03bd63c24,0.04130261817198793
ck_bb399ed6bf28c230,0.03481150956565055
ck_a911a066ff0f7b56,0.019538405660490355
ck_3d6046a533057795,0.004819317391045293
ck_48446a9e8184c7d4,0.01276422247885847
ck_0cd8802264e0a1ef,0.013949460384690011
ck_355c4f29089731e8,0.3353287820998763
ck_f01e94331067edf6,0.01878582242791298
ck_d1bb8890081e0a31,0.05512146242810086
ck_cff18e2d8c520272,0.03179375727854856
ck_495d814d6d6d521e,0.014213638757464371
ck_10495d3a635b8d69,0.007947028583096647
ck_5c3f13de0dbd5086,0.0317832947529919
ck_832d39c590a3ca75,0.681808415201449
ck_b7431d4706461ec6,0.013482690320932703
ck_475ea9aa6d3898b7,0.10919615186597795
ck_7c560467daca735f,0.00589360236041838
ck_9874ad160efddf50,0.009398097417804119
ck_f558fe02bb0219b8,0.010195644983725514
ck_20de8abfd8960ee3,0.021587028929527637
ck_b08247c3ad567d92,0.5907977296784097
ck_794ba5921cef50c9,0.038407380292321526
ck_7c872c99481c1e9e,0.01677074535560152
ck_19988702ccd79201,0.004241409745968905
ck_a958b2461ffc21a2,0.054476351989039384
ck_f948e8a8fdd79b4e,0.021680803716921007
ck_11c7a58e09e6547b,0.01406905750779009
ck_633e6579f5c74a5c,0.6973223611479917
ck_49df70f908dfd069,0.03290833848542207
ck_4db6d4fd2b49aa81,0.008056933083115019
ck_e007aedbf37d6ec7,0.010159856145804063
ck_5a29b7018e43280c,0.027693322265926648
ck_f91d48c40337d375,0.03790971094737551
ck_04e89fbd739243fa,0.0019786563238925175
ck_ea2a83ccb8d57490,0.023901837938662417
ck_81429c4910ca46cd,0.008623482148088044
ck_20a7d1ce6cc27312,0.008669684806727222
ck_2a6d43b9f883b78e,0.6644723681031136
ck_d7c28eaa05bb7144,0.014233891098542615
ck_9473ea4a01c95f9a,0.05023137631233819
ck_320df984791a1b99,0.009677669921521134
ck_7b35d218ed0c5a60,0.010186938843008583
ck_986e4e61440506d0,0.05322988593721782
ck_a2637e4872cf4811,0.07035937648806288
ck_e541967c681cb929,0.005645333462957592
ck_583d6ca78c97d91e,0.4899158039725071
ck_c77e22834ef97005,0.5967715109802345
ck_f8f6a03613b6dda8,0.0024108662998989904
ck_eee99af3598311b8,0.04446464644231063
ck_15ccbf8ff7d14086,0.025920955550579678
ck_bed3e3db135b782e,0.11780309127772702
ck_dbdf8d0708cc6718,0.00825580240830218
ck_479a065d5903e9c3,0.009563363027584192
ck_f90293f1eba5d7b6,0.024125289700013357
ck_ea4332c8fe48e2a3,0.008929148284820916
ck_bed0c020b10afa3b,0.01056405948683103
ck_af69bfcf4f07d932,0.0029927537020250296
ck_26bd0f8898afc8ba,0.007328339252652221
ck_2cdad03ed069438c,0.036564837777620846
ck_a28d9bb5590d458f,0.05404713892391757
ck_fef850553862aaca,0.026707514795612997
ck_258d661e450ac870,0.009852822624350622
ck_dfc6f5712d8d6678,0.05959271117388121
ck_471e4018a23b4e56,0.021253053575012552
ck_88cd35378075c84f,0.009961022095946235
ck_e901dec0e09eccbb,0.016128051863975076
ck_b0fe4b92fc70f72c,0.009051532242114557
ck_105b0c93573fd5b7,0.10608001425083806
ck_e03b7d0fa0b28f4b,0.040046203373810714
ck_c363d3b050baf3b8,0.06124703485831162
ck_d52432ed597f3cc9,0.019934535763527675
ck_70396398e4a96449,0.030261651222717928
ck_2770b0400a7bef08,0.18854783708500503
ck_062754f8b79b86e5,0.005535908173720138
ck_75296704f5806f56,0.10966207538680756
ck_3af1eb88728ed8c7,0.030452831058713645
ck_c1ab40638f04cb02,0.01885951391412059
ck_70d69e5d1bb99e85,0.0355318020604292
ck_435cb24538c6f77c,0.023526216338792615
ck_b294aa27a0b586d7,0.011669882690211771
ck_ae8c9163cf957d7e,0.010352614781166898
ck_f8dc8473c2772729,0.18420493422820564
ck_3add4d23124c9290,0.027879299727243546
ck_166bd1dcbaf4d6fa,0.01173733124227317
ck_15918075563eb074,0.018938788747020242
ck_9ea5872f14cce338,0.017359059616826125
ck_9191579254663f5d,0.01959362983018581
ck_afb23858a4ef42ed,0.9980803788324393
ck_80c4e9274cf976b6,0.9684161291371013
ck_152671fbf8a9a78e,0.04016494815632553
ck_ccb3767c239018c1,0.027770357867817414
ck_35bee1fc12664644,0.11986338107547218
ck_8f8e4fb9c6190272,0.010680612196015243
ck_9d5049e195eda029,0.038706540680653115
ck_466d4b5366c50b98,0.013606901777447982
ck_c530235393360e3b,0.017761602449221828
ck_311d395fa9b8550a,0.010685698427613298
ck_02903c48b6cfd65d,0.03019391045616972
ck_cdcf6671b37c9c92,0.003825116020736501
ck_b359192aa659bdce,0.012557616478051791
ck_36d2be9012f7909e,0.0508002959884343
ck_7ce4ca91b8f9f1c1,0.03662915520926117
ck_59d380a0973b3951,0.016521308499325416
ck_44950df09ff14ded,0.0207783900880699
ck_d87e26eb5bc84b01,0.0018568129421152834
ck_bd2545c62f258231,0.06361700623638106
ck_f8ac3a0500c0ec62,0.011572134351388458
ck_ac7cdb9b8da7b5dd,0.01976434066185771
ck_ad48826c1c26eb78,0.5853146878974755
ck_084a85145c15ed77,0.05962996059546563
ck_a1e13c0d58560340,0.007409859257005196
ck_d27a73596b6500c2,0.036049221779500616
ck_362ce13eec1e33a0,0.015017142388039553
ck_f5adad75e1c06731,0.027883487014354173
ck_46d51648c1bf80e5,0.13161448110964583
ck_9741a82faf5c7889,0.02501262177673093
ck_3e6f35e4500d2f2a,0.0025635840703568907
ck_e7c8a9e4641eb9ed,0.007855232275838396
ck_40bc6de252865f32,0.004314124233483655
ck_3a4811dc4a1a891d,0.03006599148055541
ck_e7a6b925c8f39a85,0.09982000810650053
ck_02d4cef6358ad3b7,0.017066980722444156
ck_e0171f91cb3411fe,0.028998796885710637
ck_9822f8ed05335741,0.10472336911160597
ck_4b4a3c5b95c55b43,0.008274905773689112
ck_322ffda3332d08a2,0.030690071965747488
ck_3cfeade2cf270fee,0.01673883749018082
ck_e8a6acea22b20312,0.18318142365516832
ck_09748dfe4df3d540,0.02475366884284446
ck_f5f87f772388efa0,0.02162190761157163
ck_fb4797045077bc6d,0.02895507302727644
ck_6de2aa2bb60978d3,0.058928620711973564
ck_08ff5bd467226a5f,0.006873397985498003
ck_a72d6df666e1c21c,0.04439589895622041
ck_6f847263379f2e43,0.017420027675918163
ck_f92cd37022b0ce21,0.023663503313724837
ck_6a2c4edd82e10969,0.00443449244946042
ck_4f1e962ff8a29732,0.02112053461613952
ck_f823407ace7ff064,0.05353506040919803
ck_61c74163eb36556e,0.010329952284436356
ck_a777c813551281fe,0.05641379702923341
ck_2a37fef48b44e9c8,0.021158519684689955
ck_3168f4f2778d64e1,0.012505225966458621
ck_3be72c9c178fa00d,0.02232691021751825
ck_57deb202d4188a29,0.022161656434561385
ck_71bc01291e0533a0,0.16565885157240356
ck_91c2a5fe69b9b1d1,0.08019405139072185
ck_5ef50fb07b6737d5,0.019331239511148506
ck_59d086fab5998646,0.02222491294771034
ck_afc484d1b6907983,0.00696125014996156
ck_e55e5bdfc0242aef,0.02829863564589327
ck_14b4bf7be6ac2b61,0.04049592975747456
ck_2a7eba01ceba6c2c,0.01658328241346182
ck_7a9f241d5f082567,0.01684818073609958
ck_ecfb771ed2352085,0.006490890509864782
ck_b7793edca26fc512,0.014055047007539963
ck_740d8fe8028b5a2e,0.04344675453359639
ck_c55afc68421d85e2,0.007810961705685505
ck_1b2d9cae92a1aab1,0.05400167924158221
ck_4bca22b5926b9c28,0.0010665333128640905
ck_b5d0d223ef56473f,0.029579694184353567
ck_05b2b04e11d9ae9c,0.010911344879458669
ck_9ed53de6ef779ae0,0.01385805318793596
ck_309a432c160a17b3,0.0157326673307334
ck_7e73e1d44ce82ed9,0.022952939222074736
ck_b06ce826e593b210,0.04123052580678866
ck_5875828b11406398,0.02126693448808736
ck_75d2a2715259c4d7,0.029879883837948092
ck_74112e47b8629c2a,0.03509918585058543
ck_aa153a89a52f7eb5,0.019985951710049556
ck_def344d68f06d749,0.019889077670776408
ck_70066eea13b4c34f,0.005502700862260702
ck_edf1096809e83ef8,0.0041806129475295654
ck_9fba80f56f357fe1,0.005034251571270049
ck_5ab68b434ad53fea,0.011935578899235832
ck_240f7f894c5a86e7,0.028631518264779752
ck_782b0be796164335,0.016942246105723664
ck_e55f5ca37f30ce8c,0.015012533671855637
ck_b62f5144db15ad34,0.011655024334450493
ck_59472d17debedafc,0.011784812033026807
ck_92e474e4368c4791,0.014425108071338698
ck_1f136a4476b5e775,0.015614817910683374
ck_0742fe64055d686f,0.011543885007538977
ck_2659d1d3762a2825,0.017136171018641577
ck_ccb4dd9d0a48a76e,0.007235881000050023
ck_ca0cc8ea9f344408,0.009800241333051607
ck_78cc5ec4940fec3b,0.01625411149110595
ck_3a34c3ac83cf84b3,0.048404312054750424
ck_96100d5e8e051e91,0.024981910446682336
ck_cbeca201dbade3e5,0.026549102204009672
ck_e738e920bbd74a7d,0.016805000377765014
ck_c3ff6790cc6d7e34,0.05549465706616289
ck_df4424f6dd85080d,0.05901204737136979
ck_292f81186358b0fa,0.008761832642237573
ck_22bd0fc71f95e048,0.0352766274526395
ck_1f0bafec397da8e4,0.02482325608320954
ck_b0fa8b84e94d8ae0,0.003141775618615707
ck_bb0713a2a1d65982,0.01643094233860383
ck_3715bfa7fed2c675,0.013590789702981356
ck_354909fecf5da8cf,0.01022542088788485
ck_748b3ea941d8b3b9,0.015816150612522076
ck_b78d785ca3ef773a,0.007826440156242662
ck_7061786fe2f22f5a,0.018018726604497874
ck_09169f22194fd6aa,0.06674661210503931
ck_4339f86c87289222,0.3824060330682092
ck_16b66bd803288bc3,0.35486834213638624
ck_dc16f939c2f44ad8,0.02346384803607422
ck_42341cf31c08c981,0.020064520648961866
ck_962c3bbf27cd4b80,0.07230919475815932
ck_c624b9063400fa3a,0.1185774394319592
ck_c76f1bf40f3b787b,0.013675029771435277
ck_978c21bb5fe3171e,0.024770642271011768
ck_1f871df76c6a995b,0.01633852803117574
ck_67a1aa88d2ea554a,0.027748481000897773
ck_69ff1b0aa143a168,0.010640386841727755
ck_07f1734be7fac56a,0.032454450320399356
ck_2675e7a008e584a7,0.047898036537543376
ck_8f6ca5d3b17eac6e,0.007797774968506302
ck_ad7c256ea10c4a00,0.2785634527981495
ck_9b5e7fe28208f5d1,0.0075804919447111105
ck_2d963f9b2c4d11e1,0.025054438841777976
ck_02a8582c2603e675,0.008446281110628272
ck_65be698386474170,0.019034478116014438
ck_5e3bc76eddbdb0a6,0.019293492084423016
ck_f0d6633d0834fff5,0.0061480598492787515
ck_885a83975cea5e64,0.013436507012191502
ck_1dc23dc870f1773d,0.020711181718360876
ck_fb04ecbaebb774bd,0.005114671794360975
ck_958c0bd61820147f,0.022817859246972924
ck_a69ca7b9d70972bb,0.005171305488886269
ck_64ff60c073fdb6db,0.02658812001890399
ck_20578ac693ea4e93,0.02201424367113369
ck_99c0004d8b7079f8,0.010994083414696904
ck_e5ece47d0dd10526,0.022093874106974914
ck_6c1dbee7e8fdd5c8,0.009681191051244887
ck_538dad7f096458ad,0.00664884173250626
ck_2cc1d9b587f6da31,0.13113361222262834
ck_abcbde211b6267f8,0.03900264982770958
ck_f05f5e4b40afa52f,0.05316519676581847
ck_60ac5e5f375daa38,0.031195133541402992
ck_154c8efb19dee665,0.0007680188063781661
ck_9323e6fc1e168eda,0.5139453018134543
ck_fa0b234481cb57d3,0.05307537944467955
ck_779491819995625d,0.039939551411937266
ck_62081bc35aa59931,0.055251889002095
ck_eb48c0bcd12ea654,0.026504020951762537
ck_3209c530c9812e39,0.08342624441468935
ck_76091f357974a152,0.031197685816473752
ck_a60a61ac829252a0,0.0043113595591672705
ck_0e6bebf8ae9b9b03,0.009861071933736873
ck_91a0ca45f429568d,0.020062753138723244
ck_c021495606b4735e,0.008813087369375534
ck_f22aacaf86a65d7e,0.03232990849540374
ck_619842688294dabc,0.0073913991197159705
ck_891530b489ce402b,0.019491088388425795
ck_458531c22ec2f9b3,0.018190914547805796
ck_54c2604c9ca6256b,0.01511441209659146
ck_6e8ebaea8f7bffaf,0.011872389443309525
ck_e6d3ce445b86003f,0.02109460007939304
ck_439cf7d51ec7de0f,0.0036965823181537897
ck_44b9125526acb05d,0.013276221753956485
ck_466dc6274fecd708,0.022534854868504192
ck_45f4c821c70d134f,0.26287106330712445
ck_e12a9f7d027e3387,0.014526162464936756
ck_f854fba8f4adae3d,0.051305996816250234
ck_68b8b859a6ef505b,0.02008318470810971
ck_4f75144c6f3b13ad,0.01079258709605529
ck_571dee4f3336c7ce,0.014564736542526097
ck_bd21164bd2bbb635,0.028685258307409305
ck_612089ec90c37219,0.014829128907620396
ck_a38bd07a5fac5c9a,0.0387812562478683
ck_a28d6b1601b472a6,0.013809113499157052
ck_9cb89cc3178e0172,0.006445387618934991
ck_6f2f0396e5b1c538,0.9951177995693575
ck_41ba315d8fccb559,0.0077369660984995155
ck_a7bc323ffed2ea97,0.32870724309053456
ck_4b68b38c1b3326a3,0.01540281468218255
ck_97ffae702f7c3d08,0.026603139424861404
ck_1eeacc26f02fbba4,0.024787677188095276
ck_74928f5f91aa12b2,0.04405271116935632
ck_22128a4f0d033422,0.005480946231449115
ck_52c311f29ca3aca9,0.004551752844178156
ck_cf6aa24b92c4d33c,0.612393502082817
ck_7c38ec898f0fc21d,0.10320949915347992
ck_18eb1f9181f95df4,0.0051583864400227865
ck_071ddaaf2e4e3671,0.008355095829403235
ck_5448c946cc4758fe,0.024629048155184158
ck_1917ef3e6e345549,0.06597110699950162
ck_402db4184982fdf5,0.017752294342343267
ck_0ada63008be5685a,0.035758215595747635
ck_5d8773badd0d4740,0.027565638799922635
ck_389607982eb6b701,0.5830125745490501
ck_7a1519ad5ff45312,0.009545974514495912
ck_5db1cb368bc41ac3,0.03404116916695953
ck_404e2217fd87fdd2,0.020231897349949006
ck_132c16312f37810f,0.020883023645822504
ck_f7bde7265053364d,0.02065037908319141
ck_e26a6659c237b650,0.0043897469300287865
ck_02a9104419a6dbaf,0.02723624191256702
ck_917d82c552f95a23,0.015764141938560808
ck_c91b7fccf6aeb4a5,0.027033787341470047
ck_f6a4a7ed27fe76fc,0.02211637223056964
ck_7c77e597c951cdad,0.007875362586400371
ck_56e6cfa32156a916,0.009909447303940442
ck_08b4619490e751a8,0.12928223909856323
ck_13d1b192bbff8f32,0.024371977885640637
ck_0af3c13ba56ce57c,0.01841163512507306
ck_fe037765aa465c58,0.003290898185257385
ck_e05d44e46c7174e6,0.006580782000218441
ck_4c2f2eb657c2c60e,0.03130150800781527
ck_509cece86a558de4,0.03975466956815903
ck_23edb6d938a3b87b,0.08568491880291546
ck_8afc1112c12f5402,0.019456209756298002
ck_cf36d8b070ded782,0.011898411049912834
ck_d0dc156441fcfdcb,0.01946779668053188
ck_7eaad325abe3b50c,0.00930518479727977
ck_1c93cc58f314bf71,0.02990572568575959
ck_b5935e9722a39819,0.026359795009956364
ck_95790440bc4bd2d0,0.02542119194460507
ck_9afc3bb849f3a64d,0.013735582702057492
ck_5f48762a14a0326f,0.013579641153874316
ck_81e21354e477eceb,0.03342637200124205
ck_795c49f312640019,0.0023790565748439685
ck_b4911c42f3bff740,0.014909683872905395
ck_5e5461dac83531ac,0.010000196465153552
ck_ce927322ef8f651c,0.011167155919453957
ck_f1ef5cf7f10b16c8,0.03640711690844441
ck_6d6ac1f5dd882aa5,0.0073850771235481625
ck_98217aeafa0bfefd,0.01677782250155851
ck_998475a2e4dfad4e,0.02428577793387636
ck_dfadff70a58a9133,0.012777578499577266
ck_b2c896beec146477,0.0156555075915255
ck_cd09375e6c81d2c4,0.06470554867133801
ck_8642e3b6d84f49d3,0.02080672666445154
ck_daf7aea023b7a8f6,0.0034599430182433257
ck_3830c58d841e9e69,0.16819349391771213
ck_c4402ea6291df271,0.020588538047528703
ck_002eb6552b504ea1,0.04527141248469475
ck_a0dab7aa9c4a39a9,0.06702919598596264
ck_a84f2cdf695a71d6,0.00497020619130893
ck_1402d24dd623df72,0.00426015440054999
ck_4a1f0172d3bf4fd3,0.044019143921481
ck_3954b7b0fd1d6614,0.0030827792236496764
ck_c735b643d3cbf67b,0.004816290291921563
ck_f11f7691af16ad07,0.006914151473585156
ck_9158bdbb63ee8987,0.023176183332943683
ck_b43f04431c267dea,0.020294874917150107
ck_e36c8da1bd359960,0.008682898326139577
ck_bda4041a3e90d860,0.009916620233083729
ck_78aa4b731cbfe251,0.013158016952668791
ck_f6e9d14dfb6f3c28,0.03016901659966216
ck_bdf837d761a7cec2,0.08421178233700752
ck_36e72ef9273e7a95,0.016020091257848913
ck_f0c18cb9f951a71e,0.019436456283023464
ck_ab4a8d02ec3c0fd7,0.007390649908552275
ck_8742114f4f0cb22c,0.21141233859219527
ck_684609767df4a14b,0.04144376490360684
ck_3716c6181a5035bc,0.010389461986175819
ck_7d3a88d1aa649708,0.8279594106871967
ck_ca149244b54ef3ad,0.0034974001468299765
ck_f4ec4a935e51b4db,0.020730631698846102
ck_9a9e3dac79280d7f,0.1387138621231077
ck_8c346eeefa9ce692,0.023900557466293538
ck_6cd8e0196365c474,0.017165500414234963
ck_0afa4449f20d5196,0.04724994799331195
ck_4ab74a6e7450416c,0.05035788998896714
ck_c80a94d4660041fe,0.04092797042524938
ck_3edc45db58760d76,0.006902412584083079
ck_78a61215675b38f0,0.023200884434634878
ck_29640fc2fe81c251,0.02488180668321044
ck_1a3ff7620580a514,0.004067798444679941
ck_c49832eabdac5bb7,0.005878132746593572
ck_4637e54a9f79e2e7,0.05801318098290059
ck_949f08f8e80e93ea,0.006140222204724203
ck_e14892e424180549,0.02296990769144565
ck_48d4d63beb26b623,0.16259353851130914
ck_d07bfb16a4a7dac0,0.9711569292709643
ck_864a11202e19e812,0.19492436989698017
ck_fba15647b3a140d9,0.014618778115578797
ck_e78ab4ff52b5fd2d,0.008465174455577002
ck_eccfd552aa652d3c,0.01123684744278899
ck_52427b3f8478db19,0.012250977319378712
ck_4cc11c7d3ca61f73,0.03806147173412483
ck_25c355da356c730d,0.029749984210533837
ck_77fced07f6dff42b,0.018075301978077746
ck_994316fa5a02b319,0.006399394540877226
ck_1e7de58822000dea,0.046578040385599144
ck_ecb1e15f0b185ceb,0.015109082644195974
ck_7f3685aa2933b251,0.06748625805018571
ck_a1fd0ad03ff9b776,0.03585523859236601
ck_de7259c3741db179,0.011604042867770755
ck_d4007b5b26d9d854,0.004688340220445865
ck_9994323f97109f4b,0.9984456406995296
ck_1f22f04dfc08cf27,0.005664403830256724
ck_ca68dec0c7df5a12,0.025635263604850817
ck_9d4fed252718f58a,0.013285446990118304
ck_fcc2059a8d5c41fa,0.1571551541248677
ck_2b90b76cf4d162f9,0.014474937026501015
ck_a17128972d3e507d,0.010455523569708735
ck_742f7c28ddd019e8,0.030046414122690174
ck_089e3a07abbe3b8f,0.0073336977089813685
ck_360237c1bd30f4bd,0.008486821920599772
ck_e475a3b8ba870a7e,0.009207548218098764
ck_399b0d510be98bd2,0.010928329907469916
ck_c5b583490198672d,0.010741687785897586
ck_c1b493527224a27a,0.019340644611753843
ck_7e2ae8b69ebd5675,0.005723267014722134
ck_d17653a4a2d4a79e,0.013378358717583756
ck_74b848064f2ff45d,0.00386902162617459
ck_ccc83cf66365357b,0.035988380346312764
ck_13677a1957078827,0.0015255303093485203
ck_7fbb709a0fe95759,0.02127155395190217
ck_f3bc10e3decefce4,0.018745717145561384
ck_f42a43e4c3f34ccd,0.006038646157074206
ck_c3db1b3ad4f16679,0.0110628265245524
ck_fc5ea49518e5d637,0.015158866062467583
ck_dddd14091ce812c2,0.01996470499077386
ck_a9ca2f447b984a6a,0.008381405294297952
ck_839ce35819bfa4fc,0.003452589280216594
ck_a0c3059a959ba5d1,0.03138804480507395
ck_556786868599143b,0.0109242265327673
ck_f33188c232a03526,0.16508365012049608
ck_dff090f03ca5529e,0.05170294183443944
ck_27fd85b1e38b675a,0.010111406139085418
ck_4136b00924695ab4,0.0024798084192071495
ck_f786cbc987b70930,0.005836671059411305
ck_6482ed4491bedcaf,0.0025125989095888795
ck_c49b685d2b3ab89a,0.010215526714066565
ck_c5f8ab515840a0fe,0.007068644614861762
ck_7e63168dda612235,0.009379839991257936
ck_562320295fa35875,0.03892597553512884
ck_e42206e91f6a1752,0.005183045245345701
ck_3938e92585df2b34,0.05068859821218427
ck_1cef30d08f3a598d,0.016163932903915778
ck_bb76609b79e0bc9f,0.09975016469272935
ck_0259da8f109017e9,0.022080470010479625
ck_ab7cb50407d6b13e,0.022635686929479613
ck_0f38d4aed68d7d24,0.015765345698798196
ck_bc7ece8787ca7200,0.020211601536534018
ck_0c6a50d747593b7b,0.0068373083930395265
ck_d5458ba39ae94498,0.029213852907320627
ck_2468a7e9e68a0927,0.008119921757710228
ck_255f0e5888ae9e23,0.06067887666660781
ck_cba4162ef29a6d27,0.02232725374985009
ck_29da59ea3bffb9d8,0.20300445972046424
ck_2baf214ad6bc0dbf,0.07277885192251164
ck_79d62ef181bd0cd8,0.011406633752616689
ck_d35c51e981b98c5c,0.009912230734157167
ck_f4536ba8dd2d551d,0.010998421137963016
ck_02241f3dc301bebf,0.01308234390343322
ck_2ff1860da2004c84,0.011614590393088278
ck_7c0fdfbb447cdc04,0.06663664247241503
ck_7fc513033af061af,0.019110524295657405
ck_c1f4509c8f5dac5c,0.027724069393594373
ck_614f777c2eb5d537,0.022642008476553566
ck_ca7b993e8286af7f,0.02331385134024773
ck_7878679065876b98,0.018298745741297924
ck_8f604fa70fc3c8e3,0.01193546657805855
ck_bd85f30c36f5998d,0.02431533059345159
ck_9d1a5cf5a3b87e48,0.010938925710922847
ck_6236a461dc0d11a3,0.044349664505349114
ck_492e4b89c61b7b6c,0.009499082290596338
ck_094d10439b7b4eac,0.015351655598825254
ck_c50fed2a7c9198c0,0.021186482908930222
ck_ddd65711b5651f89,0.005086123242093225
ck_1d2b80ab6c4944b9,0.014751658728309178
ck_8285bd3c90af94f6,0.004186533568276
ck_838c52cc1d315ec3,0.03682507981550191
ck_e7d903c50d353361,0.007506696681818063
ck_708fea345f68037e,0.0015683404003094949
ck_4dd4ed23e0b927b7,0.05528833626929071
ck_8105bcf69a75ee47,0.009485768542691711
ck_13376c59b5bd6943,0.013033178841020404
ck_0406931800e0e2e6,0.020066305201217223
ck_9951bd806c13c7fd,0.023789474240133408
ck_6715139e240007d9,0.008645382492866035
ck_ec3d12848ced99f2,0.007659936122807602
ck_83c2c34add971d76,0.006879214981497379
ck_277621473369614f,0.9975328934850157
ck_2cb3c99845e572da,0.01132443815086275
ck_d111c98b36bdb791,0.010296703296948576
ck_6c54adce174f45f4,0.042369559047117554
ck_3f9e6d356d3dd3cf,0.0069735997876438915
ck_3f5ae4673a9f858e,0.060793035927067675
ck_1af547077ba2dd03,0.25688066579742536
ck_b080ff636932d1f1,0.0015656003327670321
ck_09cd5c4df1e81ac2,0.04107429258862187
ck_b62f3e3185251f71,0.002515863375371277
ck_0add2c321d579d75,0.02434602732131752
ck_99c0a41ac9c73857,0.006065087548486922
ck_179039559ff7566c,0.02056624990958615
ck_ccccb17d2ca6ce94,0.21888623520789202
ck_8bedacc6233c6269,0.032191104753376124
ck_d9573100bbff4014,0.19883586380390197
ck_cb61902798ecc4fd,0.008221622857714408
ck_97a8dac48dd62488,0.3328278699177427
ck_7ec423cb56257516,0.0049079043024005
ck_23ff85f9d2355e8d,0.014510899581557784
ck_e077d004cd1d80ae,0.010175203492557084
ck_85ca825f905a34a1,0.030991357758880126
ck_4f5d022c99f118b7,0.2051826113427388
ck_a9dded7f6294e44f,0.0490893008010401
ck_d98934f9fe0b02b3,0.011262827400720406
ck_a907fa8795cd4baf,0.002880812786524925
ck_0a2b7078736b4dda,0.0010322141397165797
ck_0bd77fea8ed75a15,0.014529957344531727
ck_c1a31690c8573226,0.011915257529169969
ck_b1495ee5c59a6b28,0.019841174359623723
ck_2ce5afbc014763b8,0.027844135803730127
ck_aa4ba931dd37481d,0.16784612345502659
ck_fd78f8a8663646d7,0.008497452103615376
ck_62967b91504149f9,0.036278589978810616
ck_e8bc49e6494c1f37,0.019815759603555288
ck_9de191bf79afd676,0.009514333631923113
ck_bea2cf7a6b7bb900,0.007985946651082633
ck_fdf0c5b722d83464,0.0030522768133257527
ck_8e16a64a776afa82,0.15108000247824022
ck_4f490e379e9ded9a,0.014843210679542007
ck_f7305b3c64cf8a03,0.007441958176715376
ck_8def763034187436,0.028356273112152015
ck_f88c79186a082beb,0.03191587399934883
ck_b98e9c3ec6e7d1e7,0.006448093793784755
ck_79c30169c71b8033,0.709108596819877
ck_f301f6758e170d66,0.03414877698022612
ck_9843d0e61c37ebe8,0.9977891084683499
ck_b3867f7f494db64c,0.019985688035935537
ck_db906debc36a5d1e,0.09131592283672113
ck_bc7710f7e9fae649,0.011044636138027945
ck_c8198cb4c461304f,0.03998131156387018
ck_018f780215ecaf38,0.011671601871757498
ck_2f241b97c0f8389e,0.020415980968601158
ck_073da541ec3f9d3d,0.009978538379940782
ck_43637d28c7216453,0.023526879156107013
ck_fbdac0221bc03f66,0.0023934904153853223
ck_c2dccbc1b24b137b,0.17666163137322213
ck_4b3506b624e5193c,0.023666232962284296
ck_d3e208671cf37f91,0.3067420558447713
ck_cfc2384f22954830,0.08345423539449061
ck_43948784650bb9ac,0.03355841274665293
ck_5fdf8a0bdbd3ed62,0.017323715537884806
ck_6c2453229d608183,0.021146792838202894
ck_ab01db9117acfe3d,0.011345551158227355
ck_87c26b2f41025109,0.9692188011111648
ck_5d7801201749ffde,0.014353595849881474
ck_63560eec94b76d2f,0.012637995639054857
ck_bcc8519fe8521038,0.017105133778587092
ck_2208392a9f6bd249,0.007439531731358559
ck_0d16d9349e4a9e08,0.02380168094057176
ck_df69858b8a8b3165,0.013825257042743082
ck_4f6ed5ea5ab7c429,0.008747398100636758
ck_295c0072eca7f7a2,0.01213407905956881
ck_179ed66cdfc1ce27,0.007005804852087562
ck_5472214011fbc2a7,0.0036608236684448734
ck_6957905a65c47879,0.03359637355044449
ck_fc6fed6ea96a004a,0.006267898186804602
ck_9371c700d9830326,0.032468933433834196
ck_e739eaaa7a1822f2,0.04166441580690643
ck_9693b1eb70880205,0.020900841598100232
ck_585ababa02383b50,0.0053254152799721175
ck_3acdb083e0d8ad61,0.010040974867901438
ck_ad54292a0b2f44ef,0.00976133915095632
ck_a07e7409d6d5aa06,0.03852526261264567
ck_59e77e3a81f1fa0d,0.022384550156003814
ck_9e35b908fca1e4d7,0.018064992781507878
ck_d546994fc5d3e9d1,0.01260703826729651
ck_2ee84f3fa27f2cb8,0.004679688286907576
ck_05e01ab9c95449da,0.03353939116182552
ck_e666629e5a41b39b,0.008665516198884853
ck_91742711dfdffd56,0.02093749698034415
ck_5b2728f7cca414ae,0.006378995444266645
ck_ea9edf9c107d429f,0.11227014857251477
ck_c20e89afe575549b,0.013516932735731626
ck_22a7cf3b99c5e5fd,0.0374415095928054
ck_3327a0582407068b,0.028406147893901054
ck_16801e628e883d78,0.008238514107219857
ck_f96db2a1f3448d1f,0.014624479874381384
ck_d66bb1f063357f99,0.026551566057067884
ck_fa8a4a9e77799fcc,0.008443994731735254
ck_69587a134d43a4ad,0.12322426120846161
ck_17946516d5df71d7,0.07039013110469258
ck_cc6d33890d47a6cf,0.026534865449266195
ck_e291cc60920456d0,0.046853969932939825
ck_361f535599110201,0.01091902313744245
ck_4596624a7c01d501,0.005417960930531973
ck_87dc484baaf5a23a,0.006773066643633174
ck_a2624e0387974e0e,0.11115416321816832
ck_49ccc3716a564256,0.0016399519977417848
ck_ef1a1de20d2124cb,0.025151548690614173
ck_2f9fd36a4a40a6a8,0.0022985930383751974
ck_8e039b23acaaac00,0.015950796739354036
ck_ae2ab6be219219aa,0.008615652900864931
ck_d56fc799542299b8,0.0037715439606948536
ck_d3796aebda1cfed5,0.8093263180069619
ck_024dcab126876002,0.039685022142837034
ck_d91ab840848a54fc,0.011187940139395502
ck_41bc3efa0fca700e,0.03588293052492532
ck_d879d645d6e44207,0.015406211712882168
ck_8d84d771a21942a7,0.008337286755399909
ck_bc736114a31088a7,0.01810254938943168
ck_1b1efbd9c0964c8d,0.0304256738905408
ck_3521243bdac61178,0.0272004621715604
ck_5d16e257c0635f7e,0.2380902177475728
ck_b08b3f089138c901,0.01177631363123172
ck_e30cb64302939f38,0.022231700781620182
ck_e98429675b46272b,0.007030359813641227
ck_be52a7ec43241ba4,0.04868963667939427
ck_b4c014d5c0cc9eb2,0.03411683422616509
ck_26de14b96bdad4f6,0.015223975260126027
ck_5aadd286d188f5c3,0.025595057978294266
ck_abb9d65ff1f95b64,0.020791744079044897
ck_385188ab27784fe3,0.04481338294457216
ck_b5f9dd00914b4db4,0.04599512259915996
ck_85df7b7de9700aba,0.02809523823305998
ck_214af0806470ef48,0.02082225474085882
ck_4b041217690fca2f,0.015928747379646353
ck_f69e93388b3028cb,0.2668464941908115
ck_9eea37d2de633b27,0.07314891296488929
ck_bc19c383560c7477,0.008035544791481622
ck_a1c88c0568f142d0,0.02419333858119027
ck_63133a79f23e2627,0.07562951964005332
ck_39638880292782a7,0.01787873503026547
ck_a2c3e82fab520483,0.023532126004477003
ck_4b0947bf94e9d847,0.012858274369780275
ck_5f87eb05d18186c0,0.01073335503028885
ck_0dbefdac0a1868fb,0.025932865527987698
ck_487f7fbc290e4ae2,0.03883633543735546
ck_5e418a7c04437b4a,0.030446446867708546
ck_a58e900469dfc3f0,0.01745499110606719
ck_11c7667920541587,0.01097631168169979
ck_efbdcd9c181e72ca,0.00988450451611929
ck_aa42976a31cb7770,0.006597365919296049
ck_69ab9d4784eb77bd,0.03548320178337448
ck_1f517e0ebf397b51,0.045812204699428115
ck_b7f4baa2cc82fe61,0.0052224575382044565
ck_ddc11fc481eef58d,0.02278089132203599
ck_24b0803447211bf3,0.004811799817383188
ck_d4c1da5a1427fd6a,0.04122439707716154
ck_3df8da6f60a89a5b,0.023501304952022187
ck_a5e036327d3d1862,0.00678176049642593
ck_578f67e69e5d2cfd,0.0279360099152867
ck_c1d05ef0ec6e4be7,0.009432713206198434
ck_6ab83f45bf16eaa6,0.01570670099054871
ck_2c1def5c91c52a5b,0.14113539278323076
ck_984dd7452aee372d,0.06978916504920375
ck_99d3983f907828bf,0.08113538133511912
ck_61d7b0568ec5d6cf,0.032199756439379404
ck_69887d0a9aaca6df,0.001982127467833412
ck_1be8cb95d6d9bbf8,0.010937843399718343
ck_3e4d02a04be2aaf8,0.023252618742082024
ck_2d3d6c9364362017,0.010602328814704078
ck_22311b037456a76e,0.018340194978014167
ck_5f4a25ffd0b85a47,0.025751076326204086
ck_560bc6017870ab06,0.0029242325398652815
ck_6ca018259f70858f,0.005118997967151845
ck_4e0e80f5cc271bf7,0.007581583014230275
ck_32bb42f9bff197f8,0.016198839115366587
ck_7717fcb100dc4b5f,0.029927813919474786
ck_09aadb4c41b166f1,0.16961634888328544
ck_58e5359efc52e0ad,0.06629994829624497
ck_19db0bf788697c2b,0.01791269251020459
ck_88e3dd3039508332,0.025893874394072657
ck_d1b9e5d32d2d789f,0.024496910978799833
ck_70b9274473bd6dfe,0.0036917695071254754
ck_49bdba9ee1899dfe,0.01967544791866487
ck_9c60ae6958d68dbd,0.14983352686719317
ck_e066f71f8b296b7a,0.022821964761683463
ck_3b6057d51fd4c7d6,0.01475784537154366
ck_e0b3158111370118,0.016253496542616746
ck_9a0b605e9c3220c4,0.04293756993553741
ck_b898d912d1181ef9,0.015678227770452118
ck_5c37f7563fa7591d,0.011640217750932472
ck_ec7406cb5cbc8f10,0.013695108429670293
ck_e1790b3aa2241b10,0.8774913393493768
ck_5b8fc4a76f340797,0.005897768559539158
ck_5189a302cfa7cefd,0.002683908257660138
ck_430a3d03be588201,0.011456505761867278
ck_687b412e2aac7eb6,0.009805761012127566
ck_a9d994554fc14a02,0.0027468749532911243
ck_ed0e776c0926ce67,0.04874804374405821
ck_d4ec44760cbe03f4,0.012119816109633336
ck_87eb43e3b9d96169,0.08742514398763342
ck_c0ce85fb4109567d,0.014424851495362576
ck_f73273e220296be8,0.012063360238965965
ck_f1d8a2695a575e56,0.025549562721501377
ck_fb90408f4892a21f,0.0023832806121716625
ck_71a0d645744302a3,0.0807567252199741
ck_710f867a3bd5898c,0.014970598936310624
ck_49c98bebd1338879,0.012323059413839389
ck_0ec820b670d48098,0.005406348385755647
ck_0e8f26536ccc8947,0.03516081614541248
ck_39a81899dded61e4,0.002738466366306987
ck_cebb8aa8c8f62c60,0.04645400248210479
ck_f09165d73ee903b1,0.013842584464622441
ck_219bef979ee21bdf,0.007872858325484466
ck_13757bf0eeb353e2,0.011787217325442408
ck_771247b5bc16c12a,0.007775348026516765
ck_cd32e58e8a1c0e85,0.024600510120206115
ck_b7dd681eb3d2ee38,0.021604621795089974
ck_165a868bdef28ad3,0.027508318287989553
ck_d6f5c8741697abb3,0.015741169148771748
ck_1e97899875bb427b,0.009617826051827016
ck_e7a3881c3e36bd51,0.03177111309322656
ck_31d5e3daced93d3c,0.012239475089535384
ck_b7f5acf5df1bb13e,0.013508359400990433
ck_3caec7dd6f8d02c9,0.04450993063342762
ck_1a6b30320835e57e,0.006500595223546027
ck_5a4eb535c9a11993,0.02436228933422838
ck_a48ec0c00ae20e82,0.04336750682913948
ck_9b1c3742dd6fcb8b,0.016281463268420806
ck_0027b5d4107d65d8,0.05808660019302291
ck_89f3e380b0686963,0.02527250433754226
ck_5e9e149a3b69c726,0.020117860131316338
ck_ce5ed372b1a2ed6b,0.022784549121345095
ck_c081e1967dcd811f,0.01716031905837221
ck_dfaafdaefa5716b6,0.046939888253436736
ck_9df7e153868bca13,0.026470793319447242
ck_9790138467a06223,0.0053967542320153385
ck_2e481d75d110c06d,0.0883309707018175
ck_580dcec33ec232b8,0.015011710982020317
ck_e86ad2fe815b6ed9,0.009878134388340254
ck_b48cd8593533fc1d,0.31484381725027183
ck_e137400825a1e3e6,0.011852644048579492
ck_7fa947a0b1c1cf74,0.09500623293650401
ck_c383aeabd53e9c89,0.040174335588331896
ck_668ec61c4c39cae3,0.03690125095739939
ck_8288f7f226e08b89,0.01012281375265604
ck_94e8142728e44380,0.03190656072306596
ck_8d94fbb4828ef326,0.024575864617892927
ck_630530e50764f229,0.010526831643515052
ck_b9e5b318ee4de68d,0.018226211218959672
ck_1d30eef7110809e5,0.3521539270826379
ck_e4d0a9e1102a58b5,0.003539935821980451
ck_e3a22799716df39d,0.017545844958445463
ck_bfdd232a7c5f2660,0.020730740869821178
ck_80b072b7f3c7e8e5,0.005338611007455922
ck_e77529651c416cf7,0.011753420126693653
ck_733aff0f56f5b3c9,0.018764333575023683
ck_b89c6fa2ad0a12f5,0.030110523040666342
ck_1e6628879e9d653c,0.015562477436417737
ck_8dbaaa00ad829ca9,0.02275960336278069
ck_cbe716f351d660d4,0.0048180471832663125
ck_0d0a1a021efea5b6,0.01345246238935214
ck_ff24776280ceeeed,0.027065706007417097
ck_4940e78cbdcfecf3,0.002372498878367748
ck_20cd2f5666719baa,0.00458893203583006
ck_16c501470d9bb006,0.011416835148836426
ck_004fe0daecbe2c1a,0.025264393433253787
ck_49dd816b31fba6b6,0.36873053050074867
ck_3e47f8c56c811700,0.02806435630024181
ck_e6c8611c0cf233d7,0.021672975655613165
ck_227602ad072b838b,0.015884077698342425
ck_392cf2cdd515c34d,0.013521851806448082
ck_de056e37c82e8e00,0.008755624972852188
ck_eeb75f8a6439f65e,0.01708500028795283
ck_f1f2c3c623553f0d,0.0016795912923599679
ck_8ce9c5807acbef48,0.012091769873311254
ck_adfb8472d5c3d669,0.02005772665643153
ck_0e0919292ad33472,0.40147781983580294
ck_545b71eb4fa594b5,0.018520485308057617
ck_8f3ccbd20d59f1f4,0.009516279953808033
ck_f63cb5e8cc702bad,0.007192169320495927
ck_db4083a0d043def8,0.16599808037167108
ck_f9f93d1d41be1468,0.3709962285282048
ck_dfa0ac11fcb1dabd,0.031141931628679204
ck_1dd69a11daa7bf1a,0.027126560638905978
ck_c1c7d4e62c9fcded,0.02034783786793421
ck_96953b8945b7d403,0.017040293182196076
ck_ec2eee6a133e9a6f,0.029558713241076433
ck_c05737ab74cf03c6,0.05075771653544729
ck_ff8059ae5fa5f1ee,0.0015788608420249466
ck_a59e90219939a1f0,0.010059489824904462
ck_d305b4d82f63f647,0.012364142375691776
ck_556c62e92d4e7e5b,0.0651407680789683
ck_31e70f2f04b48b88,0.004709569739667296
ck_ae3a763997f8f385,0.012976788873509343
ck_34d6d74bb3ed11e5,0.013977360689970634
ck_601edf9105b3c321,0.9926584139382868
ck_188fdf2be7c92e9d,0.9956391226532944
ck_94410eedfca91304,0.0475793768287228
ck_11132d245b94d045,0.0070385126628855895
ck_4802a0a7a1882c88,0.022650788568902302
ck_b52b99dad89ecdfb,0.015634143894544116
ck_fd4582e3853ef23f,0.01201767188126547
ck_1bd753a4681946c8,0.9884841910942022
ck_1de43fd6c6c22a5f,0.06414093319275241
ck_4a733aeb833406f4,0.010338621682213991
ck_30f4b2ee8abe1342,0.12449308948723058
ck_ed471e496916ee15,0.03026744356061566
ck_9ede51c8434cff6e,0.01808486326545983
ck_dceabbe04d99afc2,0.0028158771747486093
ck_77fa39d3b733c226,0.031650305336806205
ck_7836bf6def26aa87,0.042479267848386904
ck_5b82c774df10d49b,0.005388690415251017
ck_b9facd2210daca5c,0.07255785043069055
ck_2210f7a0d13bdbef,0.015928079968499306
ck_333a43ec339a04cb,0.024600083049625767
ck_8bb6b0a292754576,0.009485252804478138
ck_af02e1817cfa40b5,0.4807517407051553
ck_62720b81617896cc,0.00905236927054384
ck_df87d6f61a63eb21,0.01981703556581864
ck_3f090fc96c24eb28,0.012052614102949348
ck_378a9df82b1e0bee,0.2444813489747345
ck_84c402b23766e1f2,0.010936379597450469
ck_9a36916b60178ded,0.5635859475233631
ck_aa06ed358e43db69,0.04199938777365193
ck_35d6c510ad29362e,0.5231878804547835
ck_533672fb40531607,0.09321803346800073
ck_73a54b56a2bf35fe,0.37617100828823846
ck_676fa5f6aae5475b,0.019353180606064623
ck_c72a7d0d03cf3e17,0.048141111878913304
ck_19660cec756632ca,0.04805637503248484
ck_28c53b214b2ee882,0.20509346315678026
ck_5d7ae0e3562e99bf,0.020042556323819835
ck_993beb188dd4abb6,0.03643641164163876
ck_f034adb57391f3d7,0.04568900388712189
ck_6ea70950c1cae00b,0.5961273092655666
ck_67cdcdda3033842d,0.007672496568058209
ck_62fd7eb46bee9210,0.01141273509842563
ck_d3f44bbe2f7e9b2d,0.00570389410969648
ck_d3b2b250da61db19,0.5546811024878093
ck_344b2e326a6c3dcc,0.04061271507851383
ck_c37f03995f0f0169,0.026435568727619492
ck_b2a79dd3df560f14,0.03331056021417428
ck_fca478361870a4ca,0.041641874670942595
ck_9a6a1f8102febfca,0.015378836513816796
ck_0324a4812ec319c6,0.017804846732773084
ck_2733fc6ba23ae46e,0.005565008996805911
ck_49a0efb5d4067b6f,0.11806514216791343
ck_e5cdbe3aa12c97f6,0.008330208543775343
ck_74b502b20690ccfe,0.009589454567212642
ck_1b0b7c3d35ab1259,0.013281058231198519
ck_c8791f7ebd4d93c7,0.011542520291779525
ck_a821980ac4db9943,0.1959167471653928
ck_50087d8666191144,0.004134822427000688
ck_d598fe8d2c779ab9,0.007879142545681636
ck_ada6ede84c111719,0.003833782360686129
ck_32246c62640648d9,0.0031631788352133507
ck_233a487d31c3e631,0.9971982520365669
ck_72dd0dbdf808cb00,0.0151028359757882
ck_d56ee1654378ffc7,0.015412656987081769
ck_455672e652fe1abc,0.9232867508780856
ck_80dfa54b30f65fff,0.7374329436215745
ck_f11be8ce05382cec,0.03551241090106683
ck_e55b7fa67db1ec27,0.00849408969127274
ck_d730ff21bfd7769d,0.008378313822034519
ck_7d6bff85e7a694bc,0.010293770486597156
ck_7c500e219af39486,0.030664339268330686
ck_84d07028b5fca2f6,0.02173458095594676
ck_6a01c375fc26705a,0.015206014730402234
ck_1abb93f6924645e1,0.0156950172251559
ck_9a43c0c73a39d759,0.0109130292446041
ck_a553418f2fba1440,0.001474290963364586
ck_02b9f418524f6650,0.014193147417795171
ck_2a97db9377d01e36,0.004282560643147784
ck_123d75ffb75b606d,0.014665418807886967
ck_a85182ad90b6f1e1,0.016605949799307868
ck_bfc2a57d8fd1610c,0.4752688870626306
ck_0adcb1fffcb0a34b,0.016531784001890395
ck_de436e7b319be1fa,0.999219708994758
ck_962e65ab33b5c311,0.9605834059264448
ck_a9b0c4dbd7db6a91,0.022387796890180778
ck_11cb98211b2ed134,0.6458382795388038
ck_ba54e0a1c328119b,0.40543867671605316
ck_37ad3a65db673e70,0.010533799362050136
ck_68dd79a51eabf5e6,0.03963393964775684
ck_3dc4d464386f0eb2,0.11958886762268528
ck_260cfe9141d249f1,0.06850794537565727
ck_7e5f02b51b9f78bf,0.012705338354527826
ck_ba93cb604f792915,0.03668976780149125
ck_51bbbf8f8e8ad005,0.9992242425562204
ck_17673a1c2867888a,0.002558117706538965
ck_16a06d58d71935bc,0.03075241614737455
ck_f908b527c4db422d,0.044283860749032324
ck_614d936cef98db04,0.03380674395026495
ck_af70aa32c009c3c9,0.01172267166856987
ck_2f8120ca80a1592c,0.005377031143180757
ck_df1585c7d72a96e0,0.013523597988551444
ck_74e9747954a46eaa,0.046745568924569054
ck_317360ec0a67d27e,0.0526827004080691
ck_2a244f1ae08ef83c,0.013776912041939263
ck_71b37fe47490b4ba,0.0008050182012980701
ck_233397a8bd40d38d,0.00844935586559973
ck_861d8e3d88f1079e,0.031134194573906995
ck_7ef019ed77276496,0.021596204896695455
ck_d28806a2179092eb,0.9966480189104449
ck_7956c251b85f009e,0.16026108067559894
ck_3397c7856b4669a5,0.012178370249878445
ck_8ee08f6777cc155b,0.009912812800466464
ck_732f725747393ec8,0.014292777256295826
ck_d6a290ff8362c7b9,0.10331925547876812
ck_f66f06e24ff32671,0.017057386252576853
ck_d66d59981307db93,0.016174613878003966
ck_8449a28f7d475d93,0.011520841915373909
ck_a4d7f6a5869d440a,0.30409697830735
ck_8311cb6755b2016c,0.005309584077975557
ck_e81fc223bed3c46a,0.012806015850183232
ck_405b20ef9ad0ba5f,0.02688234515133481
ck_e9dcf535f8c289eb,0.058941425613909415
ck_8de69cd219d3b87f,0.11144607520114336
ck_65ad9b15979e3247,0.015017547881759304
ck_706a4f673a9fda3b,0.08330362218640781
ck_f7485cba392bc294,0.09156417173416599
ck_53816231f3ffb48d,0.012010611240790491
ck_724e459b9ece38f4,0.03479381638346628
ck_ba4a6b9aa63964ef,0.009610471923332435
ck_da59ab47cb6284ad,0.007671177002403487
ck_73d3e8c6077f61e6,0.21887046978165348
ck_37143d9cc296e6fa,0.010682843475073733
ck_93cc12703b500613,0.01439841469197207
ck_a8a2e296f9804bd7,0.022804013063826137
ck_e95c8cc1864bd584,0.006887311400819877
ck_0aaaa9d2f75a0518,0.018084416444171487
ck_5b86fd14e85bc9c7,0.5970484414336449
ck_56b389627d8f02c5,0.792016517712314
ck_51440f64f7250ad7,0.010815639170270962
ck_0f4e2ec66d50da5f,0.010506715542745902
ck_94c9a4d382689e82,0.02007841124485965
ck_f9604adde929beff,0.04472377188401116
ck_ab553954435e8854,0.15940666976136325
ck_fcfe06e44d09a344,0.022003273216596356
ck_6b93bd8abf87b1d6,0.7187907822748867
ck_f85155ca5c312c7b,0.018775592771004056
ck_869b1878d09d230d,0.0803879682053453
ck_baba5d66def0d770,0.024547034993152292
ck_3c177f5970b68bd3,0.008079384081626577
ck_353a272478f7e903,0.03931645451680156
ck_408efac1d3885ff8,0.026507557364867443
ck_2296d7a563424883,0.0092817528195087
ck_643f549b4ac78a26,0.15005555015571764
ck_cb3a40594da6a2ee,0.011502883168761779
ck_0595c2a0c7881e05,0.03288285974797213
ck_c6cb651149dc9a8a,0.021027870007217824
ck_59735f4ab2ad3da5,0.016825994948358583
ck_fa3b1e85d27af2ee,0.020723790230438965
ck_a705c61bd679496f,0.008092123286318245
ck_b36086ae6d87eec1,0.010388451608871082
ck_646dc03de4c31803,0.39034590347757037
ck_fecb39c82c43e76d,0.044519347012726286
ck_7c6b577174af7a78,0.007002793179404513
ck_1833c81d693c1e07,0.7922175947426334
ck_8ff7a9b23a55fd62,0.004338281301535704
ck_45a16ce12893cf9b,0.009090276227427726
ck_f8b3cdffef535330,0.03348190442257938
ck_61814ae9b6d8eab1,0.013530744932427395
ck_c9dcd92b2f836b61,0.034382064664507106
ck_dc569c1167ccec0d,0.47728060830236607
ck_3f5e8f3f1df0c8c7,0.05305040519464515
ck_66147fb994495396,0.15552744508279576
ck_e4fd8cbd842b6993,0.01727451501928845
ck_b51a58e7f032c9a8,0.009919666737969521
ck_09faa4e771cf876b,0.12124450553625317
ck_212525e2828a6c45,0.2072661184342946
ck_58e20f5a3e7f11b8,0.6703205544466398
ck_7831ca5c31fb3859,0.07177307949558659
ck_dac3852758f4ea89,0.01027392575880767
ck_41dd44308e6a665a,0.10332744763220121
ck_e9f228845bf6e28b,0.020603916681257935
ck_dad5cf32ab9f243f,0.11881514515721375
ck_c2bd5a722aa637d9,0.03974300814472091
ck_59a164c40c03a45f,0.013086241493258405
ck_d251e9fa09e542dd,0.9982450631845948
ck_c24b47184534cc2c,0.9808874304472197
ck_5fc65c24e0736d5d,0.21404471027328656
ck_dd97429277a2fa00,0.04713100653898318
ck_9658a6ef471053f0,0.048170958549891875
ck_b9f1465d803e57b2,0.10953001630013123
ck_b1befe967f7a5ebf,0.014828721959632403
ck_374865697f1480eb,0.009848065491742103
ck_95ffa1a805a1c9d1,0.010891166745143607
ck_bb41a66e3d90263b,0.047796141177232875
ck_5d22e9ca1d15180b,0.014862793902169883
ck_e69195a3c885053d,0.006924372679640488
ck_333544d173524f70,0.0569952078286778
ck_2dcbb71e39d64305,0.019119691955092638
ck_4b088920f3a844c1,0.021199458359329793
ck_24ff97ad90bdd69a,0.029148032301803895
ck_aefd1ce3ce093cbd,0.001765149659871251
ck_5647030283171ed5,0.5320787571501452
ck_c6fbdc5ba68a8466,0.016456529106233228
ck_e1d563fab4d6116a,0.03231960570934147
ck_e49b5e4f2f2e79db,0.23428946499168526
ck_ca5b1057f8248f73,0.011886084465140225
ck_e8ea56e122a5a487,0.014678042834072369
ck_57b8226610b48854,0.05476004285474749
ck_47a884dec960ff2d,0.07571685792724513
ck_929bcae878a3ecb3,0.06088691013342793
ck_0789a05e061b2784,0.4585399433834051
ck_510e7c5df1f95d90,0.95978790110742
ck_9040edd974ef8e3f,0.06989776121629224
ck_58eb871e8d7bed52,0.011594839618114049
ck_76ebeb5aee42f041,0.025458421516910815
ck_770475876d0e7e6a,0.02512204178114414
ck_7d9f73dc7c4f90c3,0.2608059176063205
ck_b17c239f160e6017,0.009595061489259331
ck_72e7b1acc19df820,0.04916731937510451
ck_363751deae40edfb,0.033722938970747164
ck_6e606f73a1094afd,0.011784008082709525
ck_8250eddc1ecb07a0,0.03824183655730897
ck_a86cd653472eccbc,0.005747346418739604
ck_c2b61a98d1c8f6dd,0.17001681479917494
ck_ec30b61cbf517db8,0.005897474611005395
ck_e5f5cb7dd6ce4a37,0.029731087259316436
ck_2d46291975f0dd08,0.020063543399736237
ck_6f04d047d1dde75e,0.0008498634835838623
ck_62f5cfe22c952694,0.04058371658102887
ck_148cb0c723284dc0,0.0029605432905719623
ck_08fb463e69f647c8,0.9891901300400141
ck_0d4dfd93086e7330,0.13923899623317565
ck_c183dff3781746cb,0.04383245689749077
ck_ab2aed614ec1cdf8,0.03769849172385047
ck_32f632706608859e,0.0033120163991308543
ck_f4f83b1403ebea46,0.02578315806240611
ck_de5bb7a4d091386d,0.05745396944675759
ck_8f1cbc432e2774f8,0.0197813706405077
ck_e7b583acaa3171a2,0.015993547284497082
ck_3925f8565abb7fe4,0.0124458222903304
ck_58f4c3ac61fda129,0.042810940973586224
ck_75f968be67f46d24,0.024443720466989574
ck_387e5a7f163c7837,0.009333259430486608
ck_ab973888c20c9120,0.02234663578036504
ck_e7c212f16d6df272,0.011718444033721463
ck_c4ca1434f3778f1d,0.9853259985716342
ck_5245cbc5ff4d4fa6,0.011874194830890715
ck_50d7c4dab837bf66,0.009622792979375999
ck_f56073911c9f1ab7,0.034811952992904516
ck_718a8390b3d42d7d,0.01659225604554762
ck_62b9fb3db284941b,0.042449009271713356
ck_c5ece5ffb8800ad4,0.01008576533374403
ck_eb4f4267e24d042c,0.010064501590934735
ck_37139b41c5370523,0.013225860036444699
ck_50460e0189de6274,0.9738429084201488
ck_3265442528d51728,0.04436976795843674
ck_90bf017cdd37b66e,0.03062585473610186
ck_d55eb81a4d543c59,0.009974144941778881
ck_2493ee8e7b91d304,0.018468768652338544
ck_6fce5a893613fd2c,0.005754554488005886
ck_4f875342394c110f,0.041086815810471154
ck_123c15d93f1840f2,0.1532928126516063
ck_c16ab1e4dafb4910,0.20003138182171
ck_8ff1e6028e764472,0.45543246385693564
ck_46656a23f4456d22,0.5026787983779308
ck_ccbdfe744acff8bb,0.01012711589815714
ck_b6a2bdb2d335e1d0,0.992404987816849
ck_25382331551d22a5,0.03664865891401178
ck_49ab879b5aa7fccd,0.04055947235799328
ck_812cb3a4482cc618,0.00747925660311088
ck_7cffb189f4f514ec,0.9633319493513053
ck_d4c8f0d957c3965d,0.03590001263225335
ck_a3747201f377626d,0.9903686564828095
ck_f88028c3f306bc70,0.028628181706643756
ck_968a99e097ee78c9,0.03494160703372382
ck_7fd8b1470401695f,0.6708297174438631
ck_731869a0c39cb2fe,0.025562492600176786
ck_4280c33af57eb4f4,0.010737535015063634
ck_80a64a7f0275a71d,0.010638410479755861
ck_20fad010969f1abf,0.016637995971185975
ck_c7baebe4549fdbb4,0.049472974575155856
ck_2bb7c17168a9d17d,0.06554807512000592
ck_1a0aac7f7b94b1be,0.041016495268973927
ck_08c6cc1e143475e3,0.009336750381634222
ck_417090dbffb1a63c,0.025768055276256835
ck_0b9fcff9667ec05a,0.004726227309113187
ck_9d8e9ef37797d3af,0.6774300394575715
ck_51fe0b613c076cbe,0.08322393841256916
ck_e914974cee1bccb1,0.24550539409649047
ck_6ecf56236789fc09,0.9953073881860978
ck_d80283209c963f11,0.0070691541748004755
ck_1d5d74169cf892ef,0.010014161720849337
ck_615763afc2e17a7f,0.0022911364370625216
ck_9e962f9bb0e7bac2,0.01618097935849261
ck_f6b7a10d47dd9a1f,0.008568051752278318
ck_95945f48453ca532,0.015143950223756768
ck_c8b2e2cb349dd0ff,0.02462115707172768
ck_ab640420858ab5c4,0.12235162497103251
ck_4e329e29dfa743ea,0.20843842192018533
ck_bd86132499defcd0,0.018532687859413498
ck_36d37be780c1291c,0.0018700408988975487
ck_3b1766a1d51f8f0e,0.06928563123977122
ck_0fbbc7a6af300368,0.051977323574259236
ck_6cdac067cc4db5c5,0.05286759964869011
ck_0841a5c24fd3dd28,0.01521775765817198
ck_956dd784525f5886,0.020355501978791275
ck_db1fa53d588bf99e,0.010259850953966504
ck_fa7de64d37287615,0.009022966871680662
ck_47a6005fabc33551,0.02292625145828218
ck_628f449e248c19b7,0.04499967905978083
ck_de8494b13adeffb5,0.02194948271782019
ck_75b69034000ca7bb,0.01798954534939519
ck_17ab3068fa303682,0.020949763418376777
ck_966d4d713cbc7792,0.02265665728989949
ck_781b8288e54ba8f8,0.04987054439939703
ck_9b9ce7bebc235fe8,0.011620012631294915
ck_49dddb894d33f6db,0.0501835896833747
ck_fb0cf32c4a56f740,0.015730844502261802
ck_a02aeec1914c158a,0.021873185432395637
ck_850ec97a5a0dab9a,0.6371021996715324
ck_b8e8dba20676d87b,0.019564747151689266
ck_237508ca4fb37268,0.015141960586982715
ck_c189b551bd111332,0.010548804494787546
ck_084cd84501012218,0.737656921334301
ck_64ac5e6fed86ab60,0.8628532970938353
ck_5f9e34c849704b95,0.025715532096340317
ck_c88fc1bac79fa6d3,0.017296682272026933
ck_a60e6edc48e3d0ac,0.5639665883101764
ck_1723900ab9afe374,0.04093667127962647
ck_fd242b18575e3063,0.0039795227987265425
ck_1dbf1f15193197db,0.046904741375749376
ck_3689fa41748a6f6b,0.09117111001822183
ck_d99a8b4c820eb46b,0.02404817395872253
ck_466a7316eaf149b1,0.02576425090768334
ck_e43e53cc7b8b8e41,0.020194481346068594
ck_a872df31b28a5f7f,0.06848571225614657
ck_f9d481aa4f9b2808,0.27945994234143257
ck_384ccecd342a24ad,0.0826409526296231
ck_366616a725afc6bd,0.019063819071882586
ck_4e39e3b165edab58,0.2913267422982353
ck_6fd8c86ac719d7eb,0.04963343581202598
ck_38da3bf629458682,0.0027160588922545805
ck_bd80546b4807dd59,0.08325379707941664
ck_5c33bb46c1a5945b,0.011936531508508349
ck_d67d9dfb60b286b9,0.012559405064656961
ck_0c6e7bd357e4a348,0.004678916739218587
ck_fc7445ec76389a58,0.04573322048006479
ck_5662492a54e6688b,0.13412774066273042
ck_cb83b9f806e90dc6,0.05210126207368346
ck_dac7c50bd6d0148f,0.0060095183470146125
ck_04212a9bb9b28696,0.9985353711865933
ck_039e6d5a330cea1a,0.08367567500790779
ck_87d70f5fe48a6128,0.02002824498360125
ck_99a4e5ef02d89493,0.026474227701083795
ck_18f67c00ba21fbde,0.0052971010104943235
ck_269f1746f2609ed4,0.0015216325095409346
ck_d07485ba10514a2d,0.24480953547224002
ck_7de6997178207800,0.020445284658169374
ck_0f6d916c92189516,0.0111873398472044
ck_b8cc2df5192bc49b,0.027085733998978078
ck_20124c3a16c53ce4,0.01358646953745232
ck_d9ea77f4114a389c,0.033610884458150164
ck_4760216154c8cac2,0.06393799090453016
ck_9d7151dbdf100e0e,0.02360417750778612
ck_956b5af6d7d86c65,0.6778856385680612
ck_5124a2e415384945,0.04647765132289664
ck_d3eab7a06eb48348,0.015350868815049762
ck_8da980cb2e1e2bfb,0.03403786915454188
ck_f917c82af80e4a79,0.030090610411255936
ck_7f8e816ca51755e3,0.009873609062459402
ck_9e665618a4860306,0.04798437163410424
ck_133d8a1ac7c0e301,0.9724395032681529
ck_5c47b49c26cce286,0.02135991683071107
ck_2857a4ce9f72fbfa,0.022375979777601328
ck_899f88464305824a,0.013721180833108524
ck_7bc752ae7cf5d55f,0.00963441744339768
ck_e09c97520eb0533c,0.025366058242974776
ck_4221e07b17388fd3,0.04744762506416981
ck_1867b1199c864db5,0.048212417321073286
ck_2d634e3f24681c0f,0.07534652335465811
ck_8d2f62930777416b,0.03601248820081928
ck_65a23ac8e44eb901,0.024924347624317954
ck_ec3eb6dd0967cac5,0.014082092160241191
ck_ccfc9ab888ba933d,0.057462711901917506
ck_303b33910d67f306,0.018887458178432997
ck_004efa95555437e9,0.0035930525978367786
ck_db32c95ce2b6f502,0.5699615786601419
ck_7ce44f4e06d58111,0.061393467177820536
ck_be2251640f27a3c9,0.08232741223568044
ck_298922703c5bbe05,0.042198115576798145
ck_f3dc0725621b3a35,0.028914069890345832
ck_89c8b06aa8c84b2d,0.03779216666985375
ck_522477be6376b450,0.030291451158874272
ck_982c2392238b7be3,0.3096038413882786
ck_41d91dc9f5063566,0.025971873736401602
ck_df6fe4ec5a233213,0.04128410172792638
ck_1b5b75762f033462,0.021355688036138593
ck_63d4f5076fe4406e,0.0034750871950712395
ck_e72db9d4b2fc9997,0.9792046403678016
ck_ebd178b3f3a9c50c,0.022090561229446627
ck_263f6c5ff26b5e98,0.009880982566707401
ck_694eb6c43193afd4,0.028573428020235627
ck_bb6cf7e7b707731d,0.5568122688564835
ck_d21612d48bb4f7b8,0.009885885404192067
ck_2fc70b6baf6a0e26,0.030691159863792894
ck_0bfc394c5faa65cb,0.013467706263158045
ck_2329cc9702cdf7a0,0.02579536327646577
ck_53f55c6e8cf2d432,0.00321532659436937
ck_c08e64d424e56c05,0.022264833013283757
ck_af65eb885a51048d,0.007578624969168413
ck_3db59982cbae4410,0.007311100869596796
ck_fca2798914627dc8,0.05538750906714244
ck_c8413898f5f7cb7d,0.01738529152220073
ck_bfd9bfc5b6ab4a54,0.16423937470537378
ck_becb6e1c608e0078,0.011966307291864113
ck_254a7c97c36dab8d,0.015158116037441402
ck_044fa3b3a003f0b5,0.04163676636329491
ck_7b45ed23304a854b,0.014213714756938051
ck_71c68dfd011dbbbe,0.3421563556143043
ck_3d58628d1c853c8a,0.031468296951694036
ck_44211dc210139ed3,0.047365953524996916
ck_3ade9eac7d7b0dbf,0.05984842191895803
ck_7476e7fe1ff45545,0.018543393187992568
ck_9fd0be2c018ff5e4,0.08347101734944797
ck_4c352dd3e7c81269,0.05556763429123421
ck_6a27c44b691dbfac,0.046856440164956194
ck_086d29ccae565e5d,0.017637484926040517
ck_79b8523137bb2603,0.01864458918317509
ck_68ef3e7301c621b7,0.045174556188723
ck_478d2667aa9896d9,0.01096107352546157
ck_4717f24f2c6f40e1,0.05094699268159344
ck_a678731156ad7bd2,0.04331641093605165
ck_11f362dca2dfaf5a,0.006552928185499581
ck_1d01b4a609918c4e,0.21776477638306974
ck_0d362ddb4a1cb6d4,0.07259090865387058
ck_516163fcf04d5e77,0.009662845800937438
ck_5cf67a3a747e684d,0.031342003601806334
ck_aa5f3ab48c17fed8,0.09068038383612861
ck_3b150afde386ecff,0.012835874590015056
ck_4b00e75c2d2d0522,0.006989203854332589
ck_d37d56e931105db0,0.016678382513075296
ck_4732da7e0d2dfc7c,0.010722666541926086
ck_f744e208183971f8,0.010022529475901522
ck_b921af37d500e139,0.012956173049742116
ck_7cb0c9ded4d63027,0.06678259220881981
ck_c1ee56d65a42f59f,0.19154645486916388
ck_5009a6c8bbaf15ba,0.03612872915539174
ck_25fc3010e8a0f6d7,0.061051404075416434
ck_34ed59bc2c9b0186,0.0038951535889373123
ck_3abfc010091d679d,0.011847892651128688
ck_ec1c902b9b9b9c5f,0.024930807978453526
ck_0b259620eac51618,0.00463320450380242
ck_6fb39b60c67d5475,0.028389018531371546
ck_5217b55593a332ca,0.03815123794801239
ck_5b73d7c5255e58a3,0.08511913733984791
ck_5abe57dfff4b735c,0.0413768602502647
ck_645f15bbbcff3b4f,0.5558734988321123
ck_364f8203a3e98d36,0.14493515016228634
ck_162513e73782929f,0.00914616897701114
ck_186161ce152836f5,0.007844492956719084
ck_957fb25437c75e41,0.062386937538736476
ck_921ff5ceaf40a968,0.018137658296331637
ck_3ed4d13f12fd9d0e,0.03464757434208427
ck_3049d744b527f4d0,0.008775535255110942
ck_9385f5a1eeebefcd,0.018206674670130128
ck_b3225a98acd04f83,0.005539193896628022
ck_a152165caf295b51,0.01700998584899433
ck_da39653add0f1109,0.005396433043459169
ck_5984be472d2bc267,0.08654332962924556
ck_bb643194d1cbc47c,0.9893877681278789
ck_2106e509d77fdb4a,0.11197941926719752
ck_4859a58629622915,0.1489399545256199
ck_df1f2dba802296be,0.6188463305085077
ck_246989b0c288664f,0.00901010492616787
ck_c478aae3031bb328,0.02972995110372254
ck_b3ce8f1bcedfa043,0.009825404002545722
ck_5866b413549765bf,0.008135007831010496
ck_77e0589ab339ca66,0.05291373166996231
ck_bc6f07b06aaa4ce3,0.05861511499447058
ck_4e4f99102f6938cf,0.010560167637325734
ck_1a71f8081ae00190,0.5304827748622533
ck_cee4e4e1b62bf82f,0.02307585638166114
ck_2f82ea66c4f53b33,0.08184687975295399
ck_bfb067986660afe3,0.016406999110415738
ck_dfd3dbd0d97a642b,0.004881209732380194
ck_a0498755cd8d7188,0.013464642589983936
ck_4b4d99e443618904,0.031914253692211424
ck_028c41b195280980,0.01561092470727238
ck_05ea4440dac6cfad,0.017121469148046936
ck_d21b38231a8a9f4a,0.1870965516539429
ck_1964ee9db929a173,0.8541952303263515
ck_cf52e46fa54e4540,0.00941969477669773
ck_cbaf8a954281d4e3,0.9453861067004883
ck_4bfeb78b47b7c6a1,0.021781703398567775
ck_cdd7c77823c2257f,0.05869859130751589
ck_6abf8302ce052451,0.022116252065398367
ck_fc60f42c68c7024f,0.010724403569863419
ck_054ed4288ee58d6e,0.04968840507009643
ck_74d0e7c2c6b63d36,0.8931306655757965
ck_82eed68d05a42128,0.05387317562151093
ck_7f1c20319eb60aa6,0.9955972879026188
ck_a44462a3853ac67e,0.9318745366115134
ck_641c8e7694b21f3b,0.06339840139944032
ck_04a1a46f07885296,0.015679079179407418
ck_f4a7ac178fd55f0e,0.03023880069023405
ck_a0255ab46e122d2f,0.015073875061286893
ck_537cc97d0398c922,0.06861710280409462
ck_c78c096ca8cb33ac,0.011192494748494267
ck_660f0006780e87e7,0.04105835718067356
ck_c24f61925dc158d5,0.09913775025235395
ck_589109a188adc2c1,0.018601858866594656
ck_c0b8067c144ed6c1,0.008502531938120004
ck_58f757e40a9b8877,0.1149647733224205
ck_cd691e3466fb3742,0.05559103649407706
ck_4fd9dc00e1913587,0.9836447859946654
ck_ab9f0e08af030060,0.009798069132286197
ck_9c4886c5c90ddbdc,0.03227072229816181
ck_9b5ec0f78e160e65,0.03897836623833512
ck_22b52654776a1ea8,0.3139957215257266
ck_714c5d7cb17bc9f2,0.007833013353807292
ck_49170c4b31a20f5c,0.006236776416595929
ck_5e36042cfad96c99,0.25929622075748743
ck_4d503c41cf4e5034,0.027631124157178687
ck_0dda35c0c64c7073,0.982062282406822
ck_201687857ec8b3cc,0.021925781757786558
ck_79d6793d1d0cf43c,0.012302534017473726
ck_60c3d8306527a08d,0.013829639358340761
ck_deb3ac0606d6f6db,0.004667771695862441
ck_c6afa913168ce8fa,0.01599992754840525
ck_edf229c17d25dac1,0.0203492524169389
ck_0cb9f54928f4feee,0.010458063969025232
ck_18116d0ac08f1996,0.9810709739871383
ck_125c5a720ecb177a,0.07737073458834234
ck_bb99071e8f58c8a4,0.04325281939955301
ck_533c4f7400d5ab22,0.0829602992575976
ck_bf378ea558a4125f,0.48565828476788475
ck_dd78cb6ae2866cc6,0.0229072214645806
ck_6a0684436a1e66c3,0.024777401420822888
ck_ab3de3d3e41c2082,0.11067863000550682
ck_519a26ecf3d29c90,0.014774987893176363
ck_6a92cf5f4cf5de38,0.011632258577909902
ck_53cddfba570b4a3b,0.019468388661730267
ck_e7b40b60786c1530,0.0015371592923312148
ck_b153386f1729de81,0.11815195805318439
ck_e886ba71d4a6fd73,0.010552654200881821
ck_14f9535e53f9c7a6,0.0053441362807802265
ck_9ee044b73943a90b,0.010065080191470817
ck_4c1fdd1669c7cf51,0.017889129038718313
ck_124432fd5c92af7e,0.592629132921984
ck_873ceb8004d3a9f7,0.01813008451303458
ck_7f15503048915d6f,0.007669985892312314
ck_8758fc6622bbb7df,0.07282834935021527
ck_17de46314b5c6a92,0.009829622743600362
ck_8bf46e472f3e20de,0.09264674688306783
ck_f2b0e7a47f442557,0.149082744653789
ck_96810ad39d4cb7b0,0.022144027775013037
ck_0c533ff2d0f9962a,0.01720545482873828
ck_fce0610c527e2b56,0.02331223091984926
ck_67025c64588abd1e,0.018744368220289253
ck_8c949bdc6e8720fa,0.05295836250231034
ck_bb4aec09d4968dda,0.062442137309471575
ck_6a0ccd7357979f0f,0.07306904920427412
ck_1805fcfc4a9e4ffa,0.5705243917241487
ck_c1e5182bd99e0e35,0.25146413677300483
ck_1225a97fc413a419,0.019634064899952487
ck_5e84bca0e362da20,0.008235426176792265
ck_20a17e8f206a14c8,0.002050700291341243
ck_b2b63ea65edf1dde,0.016899672606870364
ck_0eeb3d9b3e697edb,0.012745555628692182
ck_094974d75e29fb2f,0.07151530132934668
ck_c422ba389ff00781,0.014146833641029194
ck_7367917891a63771,0.02168649502566668
ck_19468fe07e26f992,0.9366234930423382
ck_e16528edc694fb33,0.944206426707526
ck_ed4427962c68918c,0.9119620135296008
ck_2981d16f8a51a8ed,0.026087647457786065
ck_3267fe3aac05c71e,0.013535733971872006
ck_c7a9c7b2eef46a99,0.02205206458625645
ck_00ff7389d6a83e29,0.020258101047074914
ck_0c9e420f97baaa06,0.6473711717376361
ck_fd0483639811f62e,0.19529920134188147
ck_6ec39903f765956d,0.018313157574580324
ck_ced6b6dcdc7c201a,0.007255537076318805
ck_a6d4f998dadc90c2,0.21383288733749997
ck_424c254249a109f0,0.010339877928277211
ck_7c5529bcc079600b,0.01226434825778262
ck_ed8f1200fc049c40,0.9494800061878412
ck_e7651fb87bb24132,0.017088830965921294
ck_0b3c3bea0e0ed339,0.005507625371101525
ck_2a01e610348b84f8,0.023328946668332268
ck_1f1273a67cbad5e5,0.10610124738295883
ck_646b15f753e5e9c6,0.023479087563019984
ck_3d41faeb96802f68,0.002004091978149927
ck_7aa2deeda0e57412,0.9265685298535062
ck_9757163e25262b74,0.013629764388024691
ck_8b5b5a6b5539e39b,0.8378269189116151
ck_b7bd3a7f263f4f29,0.03289499049124525
ck_d6fb9cc5171e3e9b,0.13367170923838176
ck_7508aa554fae6afb,0.0098392257415623
ck_ae416325fef92c9d,0.5230585975526753
ck_2096d32f3d497ea1,0.06542743001862984
ck_127273af97d7827d,0.005004883374696695
ck_5ac335f02280271e,0.1272672173931114
ck_df0a8f20ab8f14f4,0.010002108420609302
ck_1d3e561a7d20be0a,0.9944821898833646
ck_d90b1d03ae151f62,0.006217834813807873
ck_2951d76c41de2569,0.03271492628741962
ck_15886fe84866de92,0.010833980850774439
ck_7158ad9e58769ffa,0.05583835875398653
ck_efb24be983342f75,0.003845063281740063
ck_2bb1389e5e72c8f4,0.03713084162965214
ck_5d2b9e6e087b8dfc,0.9872437762711668
ck_a045a19369016818,0.9970898360573021
ck_bef3193f124fca5c,0.06950599175874667
ck_52dec82e9cf6135a,0.03337564150086874
ck_621c9ddde6bf2eca,0.019673407921017565
ck_d36733da917115a6,0.020075772520569597
ck_0e2bc3a5afa439d8,0.023689171415990452
ck_cc91bd7152d3e9ba,0.00765292860770895
ck_b9f6040eebd1605f,0.0634117620830014
ck_91fa5032f7aff0f1,0.0631493596469036
ck_31d4c0518e5f52c6,0.03186996830168095
ck_4b15b0746318cf42,0.04805138503472859
ck_1a065ea906ae3d6a,0.03240184573183884
ck_7ebc5fa7f0d3b8f2,0.012516612380619182
ck_aa8b9b36a099e4c8,0.04439106299477936
ck_c0d2c56f9c722e99,0.8519244210384185
ck_a3564236069e3524,0.022773305131086007
ck_31b16b8848584e98,0.022299122816088073
ck_70804f60d9704128,0.03232106733113108
ck_740e760fdcd27835,0.01911983681648043
ck_5c85d93ecfed4b0e,0.015375441309359477
ck_658b4b54be09a4bc,0.9669297994478532
ck_fff9fdc2adf5100b,0.04158581255557862
ck_b7e7f7d0cd886412,0.061644404875571525
ck_110608c3b03d4038,0.6639921028623499
ck_9bf95f8c47e7c7b4,0.003949686215913806
ck_d23f9a50d1135ce1,0.06417596036650455
ck_ee4ff3aeadf912c1,0.01188309194185647
ck_9a21d183524734aa,0.0329044539593311
ck_00b9818e2064405e,0.08090802820815232
ck_abd10fbcbaf2b038,0.021495325474101108
ck_dfee9de05e3971cf,0.024642375413702164
ck_0deb56f3f6452818,0.008701335255432254
ck_2cf8a44e041217de,0.16547261273772304
ck_8d5fa65717d2e0c6,0.01754915349714366
ck_942dbf632591b65d,0.03498682873514616
ck_d321249fb065d2fa,0.06147403105650351
ck_6f9fd15ac6b163de,0.02317307531284431
ck_114722e12db90a73,0.010258002258680917
ck_f761b7650a0c1a85,0.32801167385213015
ck_fc418f53ce4aa579,0.8789963813123518
ck_bd2cdd53fca26171,0.012741882751778979
ck_5ad798286384484e,0.03296546856695425
ck_2e1b46c5fc56b863,0.03956675335052465
ck_63601a58a6120d8a,0.004476439337817438
ck_8007824431fa803b,0.052535644073564695
ck_7a4e3d553e8ab5b7,0.018283085507360533
ck_ee40498cd97183d3,0.008830194260563284
ck_97e3b04a1350f6e4,0.023092155255828195
ck_44e57a0bad5a0745,0.015768650296345346
ck_319b059bb2145586,0.018061756350991876
ck_fc9f16df35190eb4,0.39690938008868243
ck_f2d3e3d90608596d,0.1652201711437449
ck_c009c97d5fafbced,0.06796001165433234
ck_89184bf7b7fe41cd,0.3443141416470674
ck_5c8390017fabfaef,0.01790655409766832
ck_e00e82a9419ff086,0.016764203250785828
ck_aa0b083e2a6813eb,0.017397235991358274
ck_a0e3a2facd508e49,0.030668904006594822
ck_3753cc5b9d02e2fd,0.0044764173969536365
ck_7137eeb394d200f1,0.04247300245896283
ck_fab4f2f8531b4827,0.017149469274490403
ck_e980d325b8dbb8dd,0.0010763186010224635
ck_263334d722ecbc97,0.1279957174747619
ck_d38f941d09eec820,0.0219774141949609
ck_ffb4d892c5158201,0.011551723448472679
ck_cacc2ca410cbe80b,0.015534524080250349
ck_99a92d710a29c1d0,0.02808299282251694
ck_d6e7e257751c299b,0.012558591899986598
ck_e05e91cc180063d4,0.06618355807700083
ck_9929723f65636c7f,0.22409330659646465
ck_67e075c982add719,0.004141290144842995
ck_76ee10d6e2dba70f,0.06873151561199267
ck_ab80466ef615e85c,0.027153671224238115
ck_fb0c138c003e933a,0.013227150398516619
ck_1a415416f620d49d,0.15512153622748892
ck_e30db36e376606f7,0.16077593974308974
ck_c8806749e263f70b,0.0034758143758257813
ck_3fb9813849e51837,0.008697417596544802
ck_65acc43a6dc3e65d,0.056220711033685915
ck_9645e7adc08631b5,0.06576219913925259
ck_003aa842b7ca1d77,0.5394301399713229
ck_6c72a36b05fa0f4c,0.021791471335666928
ck_1df66f537496ca59,0.030677620921574708
ck_6e676daa4855b58f,0.022661185376375823
ck_e23e50e02cb3904d,0.03819495541110782
ck_571133b2aa8ead51,0.016826288862918332
ck_604e1b8a8c693aa7,0.04767238686245737
ck_b621b6ffcc7f4848,0.012880616183813235
ck_863db2e394dc47d1,0.4116248298649498
ck_efbc79246e32c66a,0.02396273846930117
ck_820219bb9c761b52,0.03291345504937886
ck_c920901b9a4ba993,0.5820930201531805
ck_db8733fd92f20cd7,0.0117226297870325
ck_3bece63711407e25,0.023206258559040807
ck_e424148c6f2223df,0.01710108670776382
ck_f3996a3c8eea1ea0,0.009999821805819948
ck_d064428b7e7dc409,0.035794344112385426
ck_88ef9f85948e1a01,0.003779160661956299
ck_c457e9c9224b773d,0.00974723059637002
ck_3ecd8a5ce65e21ca,0.003416800108325408
ck_66aeb00e44486cda,0.01934649174385177
ck_acb84dc2351eeb76,0.016168149873105418
ck_56b992c6f136fa5e,0.03199683814616056
ck_f06d00a4f9c87d80,0.009040169021992181
ck_3acfec10eec32f9c,0.01533556845206284
ck_3c48e0cfc2a58041,0.13795840191827194
ck_ea819e337233475c,0.025834244601715912
ck_97d4bd922996fa10,0.06900764888068499
ck_398f3f4cf05c721b,0.005791824038848793
ck_643abfbd7548d0c9,0.023881544599951798
ck_1a28b6a40a6bd3b4,0.00851655120853698
ck_788e78065526ee19,0.030392890818051122
ck_69691226c68fd50b,0.6009599767968141
ck_63ce4f44c92d7143,0.03412663543002321
ck_e62eb708d2688fae,0.005169401528158992
ck_2f6e64f638da0f97,0.035863518527548564
ck_66c9a19963957531,0.0340021919941489
ck_a2d709e7eb91e4af,0.030960409747573987
ck_d5f5b0dc97b9dc27,0.1275318831481476
ck_e3982142336782df,0.024522987018410575
ck_577c816b41cab002,0.6130443411849087
ck_7db098a17374bbf8,0.36328806356633386
ck_2ac36e1dff211d38,0.010325351815704917
ck_166aa980cc87fa77,0.029594536676178722
ck_d288b77d1e227970,0.011918676439037443
ck_00d1ebc31ec4653c,0.021396257162067642
ck_4f639f4ee6ce8d9e,0.08911057140042186
ck_59a561f3df01441a,0.03502391227663455
ck_4f521611ae14ae66,0.012010660439317443
ck_321e740066fb05c3,0.0558684640916897
ck_001e42551cd06e40,0.012091031960353445
ck_85cb5033fca7c846,0.019756058130669003
ck_c09c914e416edd08,0.05886257353167005
ck_796d3eaabc667c23,0.9953436965011314
ck_ae1da8ee98e402a4,0.010028563685003542
ck_72771757dfb7f7a8,0.013395815857583603
ck_6a1ff9d69466181c,0.9974619088802823
ck_9b552204498b6762,0.01010274488492457
ck_ead68310311690c8,0.32263637872723383
ck_7dadef33f5e2d94f,0.9389287818891622
ck_027614eeba8b1a4b,0.012078996356490394
ck_1a9d6190c57ea7e2,0.26911841083334803
ck_b170a7db522a0d6f,0.01581405638292028
ck_0c45e54897ab34e2,0.02028222848504599
ck_a4e6fc391b674335,0.06803080294720833
ck_77f293d44b4a3d2e,0.030670221465521823
ck_4563227b2038ae07,0.11174934408696159
ck_c6b6ebe145a8ffab,0.010323514636770887
ck_3c59df37895ead2d,0.007917874276737426
ck_6b954c75aad8c012,0.014280052408460172
ck_a39d0bca345b492d,0.07636441376542624
ck_8dacf3a2061ca17d,0.010685614975233739
ck_3222ea25aa29bfa6,0.009742977944706167
ck_4d3aa36ff83f1132,0.022299991162479056
ck_dca0b6ca93311ca2,0.06850453656417965
ck_6d64193681d2a94f,0.02069796232338187
ck_b87e88ee5512ea17,0.008788889344808497
ck_002cf760d173f0f8,0.009761451900508289
ck_8de38f8c7f91961f,0.028685807255451622
ck_a432b1bf1d3b3d5e,0.06746912411514207
ck_023908db0a193076,0.019113930299752842
ck_c5e4a17d3efb19a4,0.25181431030343826
ck_8563fed6674afc77,0.004258467535499599
ck_3638bc3388dbc1bc,0.04563570676213324
ck_fdf89dc69f700f84,0.09885672361689246
ck_952da7ca9f33decb,0.06626723703944423
ck_adc576690df5b33b,0.013155632791400147
ck_80b04344c98ec072,0.011321704403393027
ck_6821459b626d492c,0.010750657249683947
ck_e15252ebd7553422,0.005469775356665272
ck_3132857aec8485bc,0.008884408584325746
ck_e63256667aa19070,0.07548739911263251
ck_0e9b982afc88a3a9,0.9564396214486355
ck_de05f97c3d40dd1b,0.02997585436289001
ck_5478eb69ef912785,0.04361223596837623
ck_a60fe02fc04407a9,0.06393490996873698
ck_0943e0f305078e34,0.9742392512797067
ck_4df2fb8e4b649e27,0.020252269702245192
ck_3a632cdf2c19051b,0.035072105441173576
ck_022a8ae79eb28cf6,0.8643177507153093
ck_aa37993f1c17cd1e,0.04240767506321174
ck_d39864119cdd460f,0.030103026922062532
ck_f0cbd5383bb07778,0.03295173823095301
ck_4388abce33ecd01b,0.3337310947711573
ck_82a8bdd2692c2a5e,0.0076707610555390385
ck_d116e0e7c19b878e,0.06542929245702507
ck_a5f7b6fed6df2aba,0.038127440292847085
ck_2a59f23fc5194699,0.060800021491891613
ck_4087065be2a45ad7,0.258555055585865
ck_14f0484b3817eda5,0.013208764573887886
ck_ea1e5b5128ecba2c,0.009556490961833962
ck_a7331e8b808c39aa,0.06225261623174893
ck_fdcb1d9265d8fec1,0.03096994914992039
ck_9ab42875a0f95b43,0.04874617038978864
ck_36979996f33498f7,0.25131944310787224
ck_b524f7a2e752b9d0,0.00821519561816853
ck_8b19bb5b23b6741c,0.015117259935399911
ck_ce66831f6611014c,0.008533145492205789
ck_0e0bab173622db9b,0.053817476232974254
ck_7d28da4f1dab09ee,0.026745405305047824
ck_834ca727df855f07,0.023989154543575517
ck_06010f0df5b7cef8,0.009693268716965832
ck_5e18870d8e30e379,0.0041110881566557905
ck_e4ac22046699b99f,0.009229337179605607
ck_e18ac29ea62cb435,0.024119608655822408
ck_00dafc060c8de32a,0.01174035646691518
ck_eb264d1b180d4b4c,0.05624806318082094
ck_6775e387dace7525,0.02509360632990961
ck_5ac959cbcc5e98f3,0.014623609721087212
ck_60b4d59953505682,0.4883506390274212
ck_364cde38958b7af3,0.05604572311611628
ck_168e7ea341a36b80,0.024433128094796495
ck_678e74532ac19700,0.020189976303083328
ck_e2ab04136a442a98,0.007914805766608296
ck_1694c28f44480e98,0.03392323956271753
ck_0dc1e536231c4860,0.0035046478869196532
ck_c3719a30414bbb4d,0.005462906878706848
ck_58bb02d98e2b9cd5,0.029552038965453106
ck_01ef1036b2e66a4b,0.018148937523231767
ck_2408db62e4395ccd,0.011342420733922031
ck_6a548da1728b5823,0.979256582907829
ck_c7d444d90fa86d7c,0.4406160790730851
ck_124565a11b2f8bb8,0.011264631575462094
ck_b8fd61a8e82bce32,0.9936960880718839
ck_2825e34dd3e7ea2a,0.0020749287890295606
ck_9f3861940d8d873c,0.035942673895099496
ck_81a960fddf79ecf1,0.7689797152623187
ck_c95c786d2f8b8edc,0.00390896520198424
ck_2d5a6b6636a2596b,0.027214478749203498
ck_dbb4bd4eda97255d,0.021163480555129725
ck_9acd98f4fe2d474e,0.12983913406070863
ck_94940d783e7988e6,0.010272352354798338
ck_1c65e8d5be3b9c60,0.3197321984888099
ck_c972b0e781efed3b,0.008471537813174853
ck_7384d4d2406aabf4,0.015545176498119014
ck_e80883208e8d0453,0.026216206350640422
ck_017208fcc01b5d40,0.014779548094998844
ck_b1e81b58b9a545ce,0.051318377748604406
ck_7aa8bc018c2b003b,0.048160455445571536
ck_bc8f31f4a2ffa1ae,0.0062670238885503115
ck_012519bb095ad36b,0.9980742273568028
ck_e949a0f4df0b3902,0.02828273985986647
ck_666b95e75d99ec4e,0.781027729296864
ck_f80af368cfc6cb7e,0.09326773415987823
ck_9f9555197480d1cd,0.08171023912416335
ck_c1dd3feb9a0b6471,0.01713523945951557
ck_bb4c6b713eb0b978,0.04103070019201473
ck_b4331140b2e0d4aa,0.03843096952006893
ck_bed8a480e27e911e,0.007382285865424138
ck_4684fdd61c6a0fac,0.009277910626642032
ck_57b657aba4daffde,0.016847394900272396
ck_9947a323bab5cacd,0.05886355118355592
ck_e84abfc0c747c9dd,0.9366758854302175
ck_1a9e51d092d62c84,0.1716036104435518
ck_749e0e50c3907be8,0.009362048221015568
ck_826ee896c9f1144d,0.09106306493179002
ck_5c2d43ff841632f9,0.00442348063640804
ck_d7877684c7923ec3,0.024567918632062237
ck_861af5a9a9a6d619,0.02454892918748631
ck_618c4e5cfae99dcd,0.019421676329538503
ck_1d7cd5dcbcdafd7b,0.04261367782740887
ck_221b5d40358230f4,0.017973645218925405
ck_a7ea00a1760ad561,0.9921058695581115
ck_18df83242ff3cdbb,0.023351465198825794
ck_5ac86682385c86b8,0.015334127068451732
ck_bb84b2b30293f566,0.024377851299093298
ck_bafe82c870356706,0.9898646901574174
ck_9700a00ff9e66216,0.02373632436713687
ck_636111f7f030496c,0.019583296947262716
ck_abd3aa292f8edb4d,0.030322536819173036
ck_eb2323215ff70362,0.02263160020623151
ck_c8ad3f01319c065e,0.024019289822556612
ck_ceb017baa26e98c8,0.0272513425356387
ck_4bc42878fa180991,0.026317316454436298
ck_0ad6fa0e23c3bd0a,0.0773280952089077
ck_1242aa4496576a99,0.02014279037915645
ck_dbc487cb0a6c18da,0.572257590483037
ck_89d7bfc81c3df597,0.005229487630641889
ck_b109ec4c63503030,0.006450234690781673
ck_913ecdeeb8e21a9c,0.00841209863642505
ck_6b1ab0742ff04c3e,0.021728965080882335
ck_4b2e87d86a5e415c,0.03256561323830447
ck_66600620149c8799,0.007977120730903689
ck_5d818522cbfe2a54,0.03511730791031525
ck_cf49b6544aff6c50,0.3496156468765066
ck_8dde670a735d1e90,0.19369503562238322
ck_68ba25dc3385fea1,0.03928085931819556
ck_235ce9603c7dccbf,0.04159832658847166
ck_e15e3390f5ed45f3,0.006172979209322555
ck_3e3c64b3b7876ce6,0.014585030416290282
ck_1355db6f4010232a,0.051749516154577895
ck_8fea7d915259f1be,0.055829868822107095
ck_783fe5bc20cd02db,0.02207809249817011
ck_278b36c5932d9bff,0.026116561053092034
ck_98831b57c7ca2e4f,0.008798138598831112
ck_da645ea91d66aa6f,0.3331060089439146
ck_885cf685a9541190,0.41552973934695314
ck_ca4465f2b5c1a52e,0.9763264983235536
ck_26cfd7c3c6c7bf69,0.01882167471461904
ck_f3ab5dd853d38252,0.008267514269540234
ck_b16a7c51b6f7a6b1,0.12886394954956992
ck_5a17c89219d1d9fe,0.005675712815308756
ck_403da2a2d800df9f,0.16410801060871227
ck_cfadd21458230ef7,0.0034152294329927177
ck_c6200734c7f9b2f9,0.5442116531727694
ck_c7b17f7b24bef5d7,0.017976057577098244
ck_51c50c4c443df31a,0.11354194161849254
ck_6a28ea6ce69cb869,0.032768155245900474
ck_e0ca2c819658f6b6,0.9815276969147707
ck_4e1757d1347ab387,0.9755446968260946
ck_ac449ee0c315edde,0.006199866994744272
ck_eb1ddfc353b4da83,0.019959106888768972
ck_be51f4e5e6b85768,0.05460984722087098
ck_c4a72c09f2fdacc4,0.014137901506991467
ck_a7c1dabf3869772f,0.027796392364685993
ck_b616b6f45225f319,0.046978838165253035
ck_4dec3df58077a257,0.030195973627916484
ck_7510b1023cd08531,0.07308099988966543
ck_d839798f9520363e,0.06323240549662044
ck_e1d5ad20c737c745,0.032297745190989775
ck_69bd0b1abea7e1f0,0.5813062680340753
ck_4937cfa6526ea138,0.01123844216637574
ck_fca7cc9c42695453,0.019579073347037797
ck_01a750db6fc1168a,0.08885237162474569
ck_c33a762d98f9b290,0.0032555843847552448
ck_52174855b243a8b0,0.0866316103433175
ck_b1dba768dbe7affe,0.017964731761366794
ck_2b87683c90acb852,0.010675505314216056
ck_1fc98436281ee39e,0.012725886729090143
ck_e0983999ca26c19e,0.03855242564228432
ck_1375ad9f10688e4a,0.004139636917880172
ck_e4df7faacdfe8c40,0.06610154083243286
ck_8026e017909aaa6c,0.036377612364623085
ck_d1bbfd246c0ac9d5,0.1745793353973329
ck_777669e2243204f2,0.9111841822806571
ck_cd7dcc884e283746,0.08551762531717742
ck_f11b1565f986f5e3,0.030057067347846043
ck_53d17ab97de1ac3e,0.021649289666274534
ck_00aa5fc3b3bc66aa,0.01598196694664145
ck_ac84b33304362c06,0.005816495991542858
ck_e9047964952bee70,0.008722905575336691
ck_877c85bad118bc62,0.04230652536516123
ck_c51131e53baa59c7,0.006527334125563623
ck_cd7d24e3b095e96e,0.053778947094247256
ck_427b91925952cb40,0.011634859538106225
ck_56eed7041add49a1,0.14937680060092912
ck_1da2f69023ca4c13,0.011180116819253893
ck_cd78f0832a09bd8f,0.032037972563384656
ck_66d0c6d6b67a8d58,0.008761773494237932
ck_79c7f0d29b1db1cd,0.0167747396259899
ck_c8affb27ba7fb5db,0.06004903206516049
ck_88ec57a11b11f702,0.13702247107685847
ck_eaf6f7082c3db2bf,0.01931315721283414
ck_2c5bc11bb7ae5d2c,0.6179974091101248
ck_48d0fc4f6a2109fa,0.769375983617272
ck_f271e855925e8d6b,0.08840430844299363
ck_0c3dd22587b08018,0.004632908242818236
ck_e2c66c72cc0b0f78,0.034195624088618995
ck_c1c9d3842d758420,0.010280958715538432
ck_54bb53b8f8ea32ae,0.9605204006877822
ck_baf43bf1bd963f9f,0.03218266257955915
ck_c89b9ca398402f1e,0.018716493467972717
ck_54748ae0f2daaf10,0.008444482771615795
ck_1a4bb7d3d2ee3227,0.0062319197068342385
ck_0f35e930d0614613,0.9532830620150315
ck_90b4ac695b9c6bf7,0.015094748565766192
ck_2455d43bbdd2bb69,0.012309486572518074
ck_2ae6949246ea2648,0.011798394068300815
ck_d07c5b0321c685ea,0.5039591974922789
ck_5fd8924732fe403e,0.05451611042196194
ck_09fd43f1b7e2eca2,0.012051426362268546
ck_a397cd64ec5d644b,0.030619734133498507
ck_a15fe7d0f4b65c33,0.4337012324713722
ck_8982888dd6611143,0.0035431035799955678
ck_e3cb5f31d8e94448,0.9613580716754889
ck_18c179b4afc4fccc,0.00349706921533557
ck_ac2f7397801036ef,0.019693502899704337
ck_4f463ef25325ddfa,0.017431330146051645
ck_7c88d3d377bb61bb,0.037938462288372665
ck_8c95aeec6a4c75b0,0.012253285796170223
ck_a96aaef34173aee6,0.05223894009724795
ck_3ad3fd3cceb56b66,0.8952185884768267
ck_2685f38930866af0,0.027878411199955024
ck_4cedf26628c84f26,0.07010008180873903
ck_32e486859130458f,0.46656537372613255
ck_d08e00c842b75176,0.0036013583899845753
ck_205c107cec528414,0.22469359352803236
ck_0a8029e79a5ae7ce,0.03281845460185977
ck_c924f36bc1bbbaa3,0.006972717629735094
ck_713159c5c6a7a4d0,0.999367306728427
ck_5c0fe988b8aa7fcb,0.13005436165275416
ck_7c7266f6ef2a8466,0.012723593244968275
ck_18444be153bac1ca,0.4285244085201871
ck_51bd5f69b4fe0b92,0.7438387313726258
ck_31742076e9a998f8,0.019030503355415257
ck_97d04a67a104af39,0.03488363291422306
ck_1dedcb48ac381a1c,0.17706641542590454
ck_ee4d9a7449515908,0.009624797517344958
ck_6426427efe3228af,0.03342057032491113
ck_5b52ee0a13c71590,0.04209461103612163
ck_d5ef1f6e34bb35b8,0.012713470391646796
ck_7b61717f172f9317,0.3712435757350829
ck_8aa8b9968233a1ab,0.022697651412453074
ck_53036d3c6c74446c,0.09341403266462818
ck_6e67225ba59fa5ae,0.059139169885867204
ck_580f136ced341298,0.010978979301695663
ck_80ad4396e1084c68,0.03501799827923299
ck_31e1ede23247d56b,0.046477811422516044
ck_2401e8ff89e574fd,0.20828374718216103
ck_97402a153348e68f,0.002487149735184982
ck_62f46226f244139f,0.044660716918959925
ck_ad7269eaa65c67f9,0.00843840636993818
ck_7e29c10d781c3b41,0.009493981523875948
ck_963762210edc5694,0.028945930273033604
ck_0e70516fa07cfb17,0.9489205453867575
ck_2ad0ecbacd5acf8e,0.9244821643922387
ck_f143641bf3dd0414,0.029126997030471804
ck_b7af9b2ee0eebbc6,0.04078466103142496
ck_2bdd8616870e5e1c,0.004699408701554771
ck_d2d4a8f4a9f2c33f,0.03152130535142038
ck_12cbb211ebd2b437,0.03135398226423414
ck_f99738dff854e25f,0.013915522547144694
ck_88d9244a9cf7a77e,0.3810145564855156
ck_6ff0fc7487e737e7,0.18965287931318975
ck_e64f0df63e1be595,0.03419219132265306
ck_a524071c51ddde20,0.018537996216146217
ck_f9b439c9161c3e52,0.05266407628069677
ck_509c22828d467ba3,0.03159163553777284
ck_ba576d6d4cb6130b,0.06221601406160573
ck_e971faae8a10a260,0.03377938035312343
ck_2c91f62c05685ed7,0.019025807218885887
ck_3d9afd862b3f4053,0.4621692111787815
ck_805ee564bd35ef15,0.041082303576569404
ck_d9143e236eef177f,0.07411045119929183
ck_dfba788f35d4c372,0.010369154823120645
ck_f067470743d3c7a2,0.010992831518101057
ck_28f530aec8e77130,0.03077919936763525
ck_e35eb857c61548b2,0.5649825352590346
ck_9527adac182abe57,0.20589287135965761
ck_de39c1947fb675ee,0.020127039800388356
ck_80e3041811033443,0.02351711296910884
ck_3eba1fd2c7acc4c0,0.03046566243883367
ck_8247f008a14bd1a2,0.009110569642724223
ck_ce0166addb93bbad,0.009454010515033202
ck_328696b8f5e54ec6,0.04772445139615457
ck_4682fad271d47eb0,0.9409098149763901
ck_73d60b4630e3937a,0.04926585486191783
ck_1b96d9af0d7da2d5,0.0025385691836057774
ck_1587763dd54688c9,0.04723170086585544
ck_c965fd6bec0f0ecd,0.023683193929208753
ck_c3c69aefe7ea1d2f,0.07920125048573397
ck_daaa995f3c2f0e47,0.018770347686390004
ck_c78b2638fadd91ab,0.01968521573280625
ck_4d9eb75e8eee90fd,0.01335328110412385
ck_22c862a496008c96,0.9979446676310679
ck_15b4840922195ffd,0.17042782318201283
ck_908b663b2dda94ad,0.04380677695250788
ck_ab9ea095a5c58b4b,0.012914351737953158
ck_a4db6e94a8f77f9d,0.04612445906796278
ck_630c835243c66b19,0.7009193433698838
ck_4c99a6eadea143e2,0.0697230218569375
ck_a115a7919ac5875a,0.024275219908435938
ck_a964e6b5d8415334,0.3040052354063917
ck_fcb2a559474c3493,0.028396215087255493
ck_93470896f0804b6b,0.8346304874051385
ck_1cb6dc67f9a321b5,0.004918794853317142
ck_423ff4ede6a9f066,0.05807029753218627
ck_6f5bb0c930644cae,0.9994550155287087
ck_61e1f7168cd9ff25,0.04137817890569297
ck_97e980463aca4644,0.024290833678196188
ck_58412a2674fea506,0.01589924865548176
ck_99e52c3c2530b69e,0.9903859364602426
ck_5923f53b77193a58,0.017613630897053992
ck_382ebf136f7fa337,0.5978388764277827
ck_a0b4209feb31f5c0,0.9955057237803707
ck_f7fc1bd0b9ab1fa4,0.024284258111744127
ck_cf8ecabbc61d3e11,0.09636611469599327
ck_38ba4a6b6a292054,0.04749789900500579
ck_8b39d8aacfdd72b4,0.08500807656912265
ck_857a1f5547b9ad68,0.030003118473639442
ck_3380d60067b4634b,0.01582934814176408
ck_ee949c71f4f702eb,0.9677416013168536
ck_4f0c5857da45fb28,0.018887286885405065
ck_41af3729590c2484,0.005601158722536817
ck_187317383400491d,0.03428954844035864
ck_e5ca550b39ed45bf,0.12124328329765036
ck_e76257caa98dc25d,0.9903373501766921
ck_72b86e4485da2d0f,0.9644503420589584
ck_e7f61b4a39ba98ac,0.008163899100208283
ck_77b56c49cfdb1d81,0.0946201693168578
ck_f6923088c17a04e2,0.09188670937157582
ck_a032e8ac1507c6df,0.2405520551542343
ck_66a8325f28be7562,0.04909913111683113
ck_310f73940fc4cf4f,0.018661846385973076
ck_5615c6bbdef05291,0.09342830336046888
ck_96dff7a09d45f116,0.006747678580152546
ck_719602def4d35fe0,0.0385702945460211
ck_a60c618b7f0e4252,0.00603727554821762
ck_231ae0329ebc3220,0.1220812348045219
ck_cb1c00c300af3f9e,0.029009717517494683
ck_d1d079913aa158bf,0.010406504880578113
ck_d6d2c1f6dfc455b6,0.02383923359652068
ck_31109c899336348d,0.01205522319014406
ck_0d33977c3de8cfaf,0.9977799546227583
ck_538fdbbb3c2bcbbb,0.02954093148554836
ck_590716322ff147ae,0.06095974627867605
ck_ddc7c1f3d45fe6e6,0.03733015914519425
ck_ff822700f3605e06,0.9702990501859223
ck_a9c2cdc758df8510,0.03338871724396904
ck_90bc176c43d85fd5,0.12210783711347864
ck_d1c787c27d50af49,0.015233613837870877
ck_2c4d25acbe3fabd9,0.03480098246919455
ck_8ef97b55a5fd6ec9,0.003566868537950721
ck_722ac47c8ac9b6c3,0.0785323251212758
ck_f637fabf0f60528f,0.08627619406441779
ck_fe8e5a6c880ceb4e,0.00398549354913765
ck_82f360df1e9f4eb8,0.02611928453822235
ck_de5eaa2cdbcb67ff,0.03560806573548808
ck_ef261fc09be8eb0b,0.0098774499248583
ck_8530158e3d7f59e7,0.007791101450662428
ck_e527fbb9450a4581,0.6056869914711056
ck_ef33c04f4c9e3758,0.009790502852066504
ck_9a881d5433126ada,0.021032646913828897
ck_185f15b1523bbcf4,0.015685510200871233
ck_6fc37dea4b4f35c6,0.08455253179113102
ck_bccbf9fef367f00f,0.011962903808337349
ck_3ad6e7bf452c9b21,0.012243561581359818
ck_d1157eade2ac3975,0.018293226974398988
ck_744eade757ba69b5,0.025267016963609022
ck_3fa1a523d77cd619,0.007642022580543478
ck_5c67f27816ae0b6f,0.008201419518678695
ck_28cb9b03e89263f1,0.00409034787315014
ck_541a734fc457246f,0.06617685225802415
ck_de2924955926d046,0.014676567329731022
ck_6149ffaf18872dc8,0.006742343682466629
ck_754cd7b4a5ae3f94,0.024760858288036224
ck_a1c78972e4ee4082,0.016079381183722197
ck_8049f5fce32be185,0.40715078108495667
ck_d9735647a6b0b0a7,0.275196965251696
ck_064013b0957d87a5,0.9975925341312678
ck_148c28df51bba5e9,0.03447009701127838
ck_527550dd15f38782,0.035168586638809576
ck_9b71274ff83de482,0.988860563789999
ck_ec3715add8bbb6e9,0.007261366065761513
ck_b26e4ae47c9107ed,0.0694800219406644
ck_3135c019696ee6af,0.8118174647460601
